image_id,width_cm,height_cm,size_cm2,aspect_ratio,medium,style,artist_experience_years,artist_previous_sales,artist_reputation_score,country,is_original,edition_size,condition,year_created,time_taken_hours,ai_quality_score,ai_authenticity_score,image_brightness_score,image_contrast_score,composition_score,color_harmony_score,subject_complexity_score,market_demand_index,price_usd
ART_00001,55,32,1760,1.72,ink,impressionism,9,0,3.84,India,0,84,fair,2008,162,0.91,0.71,0.34,0.39,0.99,0.97,0.89,0.72,402.63
ART_00002,56,152,8512,0.37,pastel,realism,21,106,3.33,Pakistan,1,1,fair,2021,171,0.99,0.79,0.71,0.76,0.91,0.99,0.57,0.43,1825.52
ART_00003,38,128,4864,0.30,ink,landscape,10,26,3.47,Pakistan,1,1,excellent,2022,237,0.76,0.91,0.64,0.52,0.67,0.54,0.96,0.48,1134.34
ART_00004,81,119,9639,0.68,watercolor,realism,13,8,3.45,Turkey,1,1,excellent,1997,63,0.97,0.91,0.79,0.75,0.96,0.70,0.36,0.45,2398.67
ART_00005,158,80,12640,1.98,mixed_media,minimalism,1,4,4.60,Japan,0,18,excellent,2000,126,0.91,0.84,0.40,0.51,0.80,0.63,0.54,0.46,2135.68
ART_00006,86,56,4816,1.54,ink,conceptual,14,169,3.71,UK,1,1,fair,1998,229,0.99,0.79,0.85,0.32,0.68,0.78,0.61,0.99,1828.10
ART_00007,134,63,8442,2.13,ink,pop_art,1,60,3.77,Italy,0,8,good,2001,163,0.94,0.66,0.44,0.77,0.79,0.51,0.86,0.88,1631.94
ART_00008,95,160,15200,0.59,gouache,pop_art,20,2,4.36,Turkey,1,1,good,1990,234,0.87,0.70,0.64,0.67,0.55,0.70,0.67,0.42,2448.57
ART_00009,56,60,3360,0.93,ink,minimalism,25,203,4.83,UK,1,1,excellent,2023,220,0.99,0.82,0.74,0.68,0.69,0.58,0.42,0.44,1221.48
ART_00010,129,110,14190,1.17,pastel,impressionism,18,90,3.99,France,1,1,fair,2015,74,0.99,0.94,0.77,0.87,0.63,0.80,0.62,0.81,3237.75
ART_00011,27,136,3672,0.20,watercolor,surrealism,25,204,4.85,India,1,1,good,2024,43,0.96,0.89,0.88,0.80,0.60,0.61,0.82,0.98,2634.98
ART_00012,33,115,3795,0.29,gouache,pop_art,14,341,5.25,Italy,1,1,fair,1998,128,0.99,0.66,0.38,0.58,0.62,0.91,0.74,0.53,1383.52
ART_00013,134,157,21038,0.85,digital,minimalism,3,7,4.69,UAE,1,1,good,2003,181,0.70,0.65,0.88,0.80,0.53,0.91,0.38,0.54,2761.37
ART_00014,133,85,11305,1.56,oil,conceptual,11,343,3.38,France,1,1,good,2000,70,0.99,0.84,0.32,0.83,0.64,0.62,0.78,0.54,4645.31
ART_00015,126,82,10332,1.54,charcoal,conceptual,5,2,3.90,Turkey,0,23,excellent,2022,148,0.66,0.84,0.87,0.73,0.82,0.98,0.50,0.57,1266.34
ART_00016,33,31,1023,1.06,mixed_media,landscape,16,262,4.46,Italy,1,1,new,2003,131,0.95,0.65,0.31,0.32,0.92,0.68,0.59,0.68,1135.81
ART_00017,96,142,13632,0.68,watercolor,expressionism,4,128,3.32,USA,1,1,fair,2005,193,0.99,0.78,0.79,0.48,0.74,0.96,0.67,0.55,2297.03
ART_00018,157,68,10676,2.31,acrylic,conceptual,20,412,4.89,Turkey,1,1,fair,2004,94,0.99,0.90,0.70,0.49,0.85,0.58,0.36,0.47,3382.76
ART_00019,132,87,11484,1.52,ink,conceptual,3,1,3.97,France,0,31,excellent,2026,76,0.86,0.55,0.85,0.50,0.69,0.63,0.88,0.83,1357.26
ART_00020,72,30,2160,2.40,oil,landscape,13,102,5.25,UK,0,15,excellent,2008,54,0.99,0.59,0.90,0.52,0.85,0.55,0.30,0.82,1587.95
ART_00021,121,111,13431,1.09,digital,impressionism,1,56,4.56,USA,1,1,new,2010,145,0.79,0.58,0.82,0.34,0.99,0.85,0.89,0.83,3515.32
ART_00022,38,98,3724,0.39,ink,pop_art,11,23,4.34,Turkey,0,78,excellent,1993,123,0.99,0.82,0.66,0.69,0.72,0.90,0.83,0.87,914.36
ART_00023,83,118,9794,0.70,digital,surrealism,4,319,4.34,UK,1,1,excellent,2010,239,0.90,0.77,0.46,0.71,0.73,0.75,0.35,0.56,3465.52
ART_00024,43,116,4988,0.37,gouache,pop_art,10,170,4.04,Italy,1,1,new,2011,227,0.76,0.82,0.35,0.77,0.58,0.83,0.91,0.58,1510.44
ART_00025,147,52,7644,2.83,acrylic,conceptual,11,100,3.31,Japan,1,1,excellent,2017,227,0.99,0.69,0.82,0.66,0.86,0.96,0.95,0.65,2497.14
ART_00026,83,56,4648,1.48,pastel,abstract,20,247,3.65,Turkey,0,43,fair,2006,135,0.99,0.56,0.85,0.84,0.71,0.95,0.79,0.85,1404.71
ART_00027,71,130,9230,0.55,watercolor,realism,25,14,3.69,Turkey,1,1,good,2021,37,0.93,0.62,0.56,0.67,0.79,0.87,0.60,0.75,2417.58
ART_00028,123,67,8241,1.84,mixed_media,minimalism,8,165,4.03,Germany,0,55,good,1991,49,0.99,0.57,0.46,0.42,0.71,0.53,0.55,0.53,1751.43
ART_00029,91,63,5733,1.44,mixed_media,portrait,15,287,4.48,Germany,1,1,fair,2013,87,0.99,0.69,0.60,0.55,0.80,0.58,0.52,0.84,2712.03
ART_00030,152,55,8360,2.76,ink,pop_art,8,26,4.14,Germany,1,1,fair,2016,75,0.92,0.63,0.46,0.80,0.99,0.84,0.62,0.92,1892.01
ART_00031,26,137,3562,0.19,watercolor,expressionism,12,232,4.16,Pakistan,1,1,new,2003,241,0.99,0.95,0.62,0.41,0.94,0.52,0.86,0.82,2796.66
ART_00032,149,105,15645,1.42,charcoal,minimalism,7,59,5.16,UAE,1,1,fair,1995,184,0.69,0.89,0.46,0.69,0.52,0.84,0.26,0.85,2893.59
ART_00033,79,125,9875,0.63,oil,conceptual,6,98,3.17,India,0,16,new,2018,210,0.99,0.78,0.69,0.46,0.94,0.60,0.95,0.62,2521.64
ART_00034,142,153,21726,0.93,digital,minimalism,0,415,5.38,Japan,1,1,fair,2004,78,0.84,0.71,0.35,0.73,0.60,0.74,0.68,0.84,4532.98
ART_00035,40,102,4080,0.39,pastel,pop_art,3,281,3.18,France,1,1,fair,2001,35,0.99,0.66,0.59,0.39,0.99,0.54,0.26,0.54,993.00
ART_00036,20,160,3200,0.13,watercolor,landscape,14,9,3.60,India,1,1,fair,1995,226,0.89,0.82,0.34,0.87,0.93,0.62,0.30,0.86,1407.71
ART_00037,33,25,825,1.32,mixed_media,surrealism,19,35,3.38,UK,1,1,fair,2010,59,0.99,0.85,0.34,0.62,0.95,0.58,0.95,0.98,954.76
ART_00038,98,97,9506,1.01,digital,minimalism,12,166,3.56,UK,1,1,excellent,2017,239,0.99,0.63,0.36,0.85,0.90,0.51,0.56,0.84,2666.81
ART_00039,97,109,10573,0.89,watercolor,portrait,5,1,2.92,UK,1,1,good,2005,235,0.92,0.92,0.32,0.68,0.98,0.68,0.54,0.65,2528.97
ART_00040,133,57,7581,2.33,ink,realism,1,369,4.39,Turkey,1,1,good,2006,111,0.99,0.72,0.34,0.81,0.91,0.52,0.94,0.98,2874.09
ART_00041,59,106,6254,0.56,acrylic,minimalism,14,87,3.76,UK,1,1,excellent,2011,225,0.99,0.72,0.80,0.31,0.61,0.85,0.41,0.75,2430.47
ART_00042,108,61,6588,1.77,ink,abstract,4,51,3.73,Japan,1,1,good,2004,74,0.99,0.80,0.86,0.86,0.56,0.81,0.55,0.91,1575.55
ART_00043,28,139,3892,0.20,acrylic,impressionism,18,114,3.77,Pakistan,1,1,excellent,2002,174,0.97,0.67,0.88,0.67,0.97,0.82,0.57,0.62,2525.14
ART_00044,40,159,6360,0.25,gouache,minimalism,12,20,3.57,Bangladesh,1,1,excellent,2023,156,0.97,0.82,0.85,0.81,0.73,0.78,0.90,0.69,1537.58
ART_00045,91,88,8008,1.03,mixed_media,portrait,5,307,3.28,Turkey,1,1,new,2007,194,0.99,0.69,0.63,0.83,0.96,0.57,0.64,0.97,4669.02
ART_00046,159,72,11448,2.21,watercolor,minimalism,4,45,2.96,UK,1,1,new,2015,132,0.80,0.76,0.46,0.56,0.62,0.52,0.61,0.89,1999.73
ART_00047,50,39,1950,1.28,gouache,conceptual,4,0,4.23,Turkey,0,47,good,2013,135,0.81,0.79,0.70,0.59,0.63,0.58,0.35,0.48,354.92
ART_00048,154,97,14938,1.59,acrylic,expressionism,20,388,3.76,USA,0,59,fair,2003,198,0.90,0.86,0.68,0.34,0.80,0.89,0.25,0.82,3956.90
ART_00049,45,84,3780,0.54,charcoal,expressionism,12,195,4.28,France,1,1,fair,2000,177,0.92,0.92,0.54,0.81,0.69,0.55,0.48,0.63,1202.65
ART_00050,111,134,14874,0.83,digital,minimalism,15,116,3.97,Japan,0,38,fair,2015,72,0.98,0.56,0.67,0.91,0.56,0.95,0.31,0.78,1981.10
ART_00051,87,129,11223,0.67,mixed_media,pop_art,19,92,4.28,Japan,1,1,good,1991,231,0.99,0.84,0.67,0.36,0.93,0.68,0.35,0.87,6068.75
ART_00052,63,23,1449,2.74,charcoal,impressionism,8,61,4.07,India,1,1,new,2019,239,0.73,0.59,0.65,0.67,0.76,0.93,0.69,0.68,675.61
ART_00053,79,67,5293,1.18,oil,abstract,19,24,5.51,France,1,1,good,1993,93,0.99,0.84,0.28,0.75,0.75,0.79,0.64,0.62,4174.89
ART_00054,32,22,704,1.45,mixed_media,expressionism,12,20,5.25,USA,1,1,new,2018,169,0.96,0.70,0.55,0.41,0.61,0.65,0.87,0.73,797.83
ART_00055,63,157,9891,0.40,oil,expressionism,19,34,3.49,USA,0,47,excellent,2006,189,0.99,0.78,0.86,0.47,0.64,0.86,0.82,0.77,2707.87
ART_00056,120,95,11400,1.26,gouache,landscape,11,37,3.84,USA,1,1,new,2004,39,0.99,0.66,0.44,0.77,0.66,0.84,0.85,0.69,2557.20
ART_00057,123,39,4797,3.15,acrylic,conceptual,10,181,4.73,UK,1,1,new,1994,197,0.86,0.89,0.82,0.57,0.74,0.54,0.91,0.77,3230.24
ART_00058,153,105,16065,1.46,charcoal,pop_art,3,261,4.95,Bangladesh,0,58,fair,2022,150,0.89,0.62,0.30,0.71,0.66,0.73,0.67,0.91,2197.88
ART_00059,121,146,17666,0.83,digital,realism,24,16,4.22,Bangladesh,0,45,new,2007,87,0.81,0.85,0.50,0.92,0.99,0.58,0.86,0.82,3632.63
ART_00060,145,108,15660,1.34,charcoal,minimalism,25,399,3.62,India,1,1,good,2009,129,0.99,0.62,0.77,0.66,0.95,0.83,0.62,0.57,3503.13
ART_00061,60,140,8400,0.43,ink,portrait,24,220,5.29,Italy,1,1,excellent,2001,215,0.99,0.90,0.73,0.91,0.81,0.58,0.76,0.64,3779.23
ART_00062,29,67,1943,0.43,ink,minimalism,18,47,3.77,Pakistan,1,1,excellent,2003,82,0.98,0.83,0.86,0.49,0.58,0.87,0.72,0.54,865.45
ART_00063,85,54,4590,1.57,charcoal,abstract,24,6,4.59,Italy,1,1,excellent,2011,161,0.91,0.67,0.82,0.41,0.71,0.66,0.48,0.74,1646.61
ART_00064,32,141,4512,0.23,mixed_media,minimalism,11,165,4.73,USA,1,1,excellent,2024,53,0.99,0.84,0.47,0.39,0.99,0.56,0.46,0.75,2381.61
ART_00065,119,133,15827,0.89,ink,impressionism,7,343,3.88,Canada,1,1,excellent,2007,113,0.99,0.91,0.77,0.93,0.87,0.97,0.85,0.53,3628.92
ART_00066,157,85,13345,1.85,gouache,minimalism,9,44,4.88,France,1,1,new,1993,85,0.99,0.57,0.82,0.51,0.91,0.89,0.27,0.86,3691.98
ART_00067,67,123,8241,0.54,digital,conceptual,19,290,4.36,UAE,1,1,new,1996,177,0.99,0.73,0.81,0.46,0.78,0.88,0.26,0.98,4404.95
ART_00068,139,159,22101,0.87,oil,abstract,22,31,4.76,Turkey,0,43,fair,2005,173,0.99,0.51,0.36,0.39,0.90,0.50,0.72,0.57,4231.17
ART_00069,72,44,3168,1.64,acrylic,portrait,1,6,4.34,Canada,1,1,good,1995,184,0.65,0.84,0.34,0.43,0.53,0.47,0.83,0.57,1019.85
ART_00070,23,118,2714,0.19,watercolor,expressionism,2,0,3.20,Italy,1,1,fair,2017,60,0.66,0.89,0.52,0.61,0.94,0.48,0.59,0.83,585.97
ART_00071,21,159,3339,0.13,digital,expressionism,9,65,3.47,Japan,1,1,good,2014,103,0.93,0.82,0.79,0.33,0.93,0.58,0.74,0.92,1455.94
ART_00072,109,42,4578,2.60,ink,abstract,7,155,4.22,Germany,1,1,fair,1999,70,0.75,0.57,0.76,0.94,0.90,0.99,0.73,0.73,1493.73
ART_00073,64,126,8064,0.51,gouache,impressionism,19,158,5.68,France,1,1,fair,2011,172,0.92,0.96,0.37,0.34,0.91,0.82,0.75,0.96,4245.07
ART_00074,34,84,2856,0.40,mixed_media,abstract,12,157,4.32,Germany,0,10,fair,2023,42,0.99,0.71,0.87,0.36,0.65,0.63,0.60,0.57,1060.83
ART_00075,120,51,6120,2.35,digital,portrait,25,6,3.76,Italy,1,1,excellent,2025,186,0.99,0.86,0.70,0.45,0.64,0.76,0.43,0.55,2095.86
ART_00076,100,92,9200,1.09,gouache,realism,8,127,3.71,Germany,1,1,new,2023,174,0.84,0.71,0.53,0.61,0.79,0.53,0.70,0.81,2228.26
ART_00077,43,39,1677,1.10,pastel,impressionism,17,6,5.28,France,1,1,good,2013,133,0.69,0.65,0.63,0.73,0.71,0.87,0.57,0.85,838.69
ART_00078,65,27,1755,2.41,pastel,abstract,14,194,4.01,India,1,1,new,2012,97,0.98,0.66,0.71,0.52,0.79,0.59,0.87,0.88,1265.52
ART_00079,81,70,5670,1.16,pastel,pop_art,18,196,5.74,Bangladesh,0,66,new,2007,240,0.99,0.63,0.63,0.38,0.64,0.51,0.86,0.54,1389.72
ART_00080,66,133,8778,0.50,watercolor,abstract,4,4,3.00,India,1,1,new,2009,72,0.74,0.64,0.45,0.32,0.80,0.57,0.97,0.47,1593.40
ART_00081,96,54,5184,1.78,mixed_media,realism,15,386,4.14,UAE,1,1,good,2020,228,0.99,0.91,0.84,0.88,0.56,0.67,0.96,0.96,4014.58
ART_00082,35,141,4935,0.25,ink,realism,0,121,4.83,UK,1,1,good,2006,100,0.96,0.63,0.31,0.62,0.72,0.51,0.83,0.95,1416.88
ART_00083,114,137,15618,0.83,oil,surrealism,8,215,3.97,India,1,1,fair,2021,175,0.99,0.82,0.42,0.77,0.94,0.71,0.86,0.86,5646.07
ART_00084,30,154,4620,0.19,acrylic,realism,24,210,3.52,Japan,1,1,fair,2010,215,0.99,0.59,0.76,0.59,0.78,0.62,0.57,0.78,2377.59
ART_00085,118,63,7434,1.87,acrylic,realism,17,9,4.98,France,1,1,excellent,1998,221,0.95,0.84,0.34,0.65,0.55,0.56,0.74,0.88,4350.40
ART_00086,40,33,1320,1.21,mixed_media,abstract,7,33,4.46,UK,1,1,fair,2006,167,0.99,0.68,0.83,0.66,0.91,0.84,0.92,0.83,946.46
ART_00087,122,93,11346,1.31,gouache,portrait,15,100,3.77,Germany,1,1,new,2006,19,0.89,0.94,0.72,0.91,0.64,0.79,0.38,0.61,2951.33
ART_00088,81,25,2025,3.24,acrylic,expressionism,13,11,4.41,Japan,1,1,good,1994,60,0.94,0.59,0.89,0.75,0.62,0.64,0.77,0.77,1022.81
ART_00089,44,150,6600,0.29,digital,portrait,18,257,4.15,UK,1,1,good,2004,109,0.99,0.91,0.78,0.49,0.99,0.57,0.28,0.43,2374.31
ART_00090,78,69,5382,1.13,ink,realism,16,108,3.60,France,1,1,fair,2025,196,0.99,0.76,0.79,0.89,0.78,0.81,0.93,0.72,1635.56
ART_00091,120,45,5400,2.67,mixed_media,conceptual,15,81,3.50,India,1,1,fair,2014,32,0.99,0.95,0.51,0.41,0.64,0.82,0.44,0.58,1583.16
ART_00092,38,137,5206,0.28,acrylic,surrealism,6,77,5.24,Turkey,1,1,fair,2017,9,0.99,0.87,0.75,0.33,0.67,0.88,0.92,0.97,2735.49
ART_00093,149,110,16390,1.35,digital,surrealism,20,201,4.35,UK,1,1,new,2017,191,0.99,0.96,0.54,0.82,0.64,0.75,0.69,0.56,5512.95
ART_00094,109,151,16459,0.72,charcoal,expressionism,13,3,3.28,Canada,1,1,excellent,2005,130,0.64,0.71,0.64,0.93,0.68,0.53,0.26,0.45,2065.30
ART_00095,138,144,19872,0.96,mixed_media,portrait,9,142,4.30,UK,1,1,fair,2021,119,0.94,0.71,0.34,0.88,0.73,0.55,0.74,0.86,4708.56
ART_00096,155,116,17980,1.34,ink,expressionism,1,50,3.29,Canada,1,1,fair,1994,152,0.63,0.57,0.66,0.81,0.77,0.74,0.78,0.69,1555.59
ART_00097,32,71,2272,0.45,oil,conceptual,17,206,5.00,Pakistan,1,1,new,1995,29,0.99,0.66,0.89,0.37,0.75,0.59,0.72,0.66,1804.61
ART_00098,55,37,2035,1.49,acrylic,landscape,15,86,4.11,USA,1,1,fair,2008,80,0.79,0.91,0.46,0.71,0.53,0.85,0.37,0.78,1039.26
ART_00099,158,156,24648,1.01,acrylic,impressionism,3,183,3.11,Italy,1,1,good,2006,118,0.88,0.96,0.81,0.92,0.99,0.57,0.70,0.95,5793.30
ART_00100,136,80,10880,1.70,watercolor,conceptual,12,27,4.89,Germany,0,59,good,2002,75,0.99,0.81,0.73,0.89,0.89,0.87,0.33,0.83,1786.10
ART_00101,40,151,6040,0.26,digital,impressionism,8,355,3.46,Canada,1,1,fair,1997,184,0.88,0.93,0.89,0.31,0.68,0.56,0.82,0.59,1881.74
ART_00102,35,118,4130,0.30,digital,realism,12,372,4.51,Bangladesh,1,1,fair,2021,174,0.86,0.80,0.72,0.72,0.73,0.98,0.65,0.57,1637.24
ART_00103,105,70,7350,1.50,charcoal,portrait,0,316,5.08,India,1,1,good,2022,124,0.99,0.92,0.56,0.68,0.70,0.60,0.82,0.43,1842.56
ART_00104,151,131,19781,1.15,oil,realism,0,169,4.55,UAE,1,1,fair,2020,202,0.76,0.58,0.82,0.75,0.97,0.48,0.71,0.42,3750.53
ART_00105,30,136,4080,0.22,ink,landscape,12,403,3.51,Germany,1,1,excellent,2021,28,0.99,0.73,0.80,0.37,0.65,0.93,0.79,0.73,1511.00
ART_00106,105,148,15540,0.71,acrylic,pop_art,11,20,3.68,Germany,1,1,good,2014,139,0.97,0.93,0.45,0.95,0.90,0.83,0.56,0.92,4103.71
ART_00107,78,142,11076,0.55,oil,conceptual,19,199,3.57,UK,1,1,excellent,1998,95,0.86,0.94,0.31,0.48,0.79,0.70,0.64,0.52,4351.77
ART_00108,47,140,6580,0.34,digital,conceptual,24,7,4.76,Italy,1,1,new,2001,147,0.99,0.84,0.39,0.55,0.73,0.64,0.92,0.86,3067.08
ART_00109,40,53,2120,0.75,mixed_media,minimalism,4,290,5.54,Pakistan,0,80,excellent,2015,214,0.99,0.48,0.37,0.89,0.96,0.56,0.74,0.83,1191.85
ART_00110,101,86,8686,1.17,digital,portrait,24,316,4.29,Bangladesh,1,1,fair,2007,122,0.99,0.66,0.78,0.43,0.75,0.59,0.95,0.75,2757.57
ART_00111,110,64,7040,1.72,pastel,minimalism,18,229,5.32,Turkey,0,60,fair,2017,10,0.85,0.52,0.43,0.43,0.88,0.70,0.93,0.98,1607.74
ART_00112,99,108,10692,0.92,ink,minimalism,14,116,3.99,Pakistan,1,1,new,1993,107,0.93,0.83,0.53,0.95,0.64,0.84,0.51,0.73,2521.79
ART_00113,103,92,9476,1.12,digital,portrait,15,96,3.62,India,1,1,new,2019,42,0.99,0.88,0.45,0.46,0.75,0.75,0.32,0.57,2160.97
ART_00114,62,55,3410,1.13,mixed_media,impressionism,6,214,5.08,Italy,1,1,new,2003,188,0.99,0.66,0.57,0.41,0.99,0.55,0.87,0.86,3321.03
ART_00115,136,157,21352,0.87,charcoal,landscape,0,138,4.16,Canada,1,1,excellent,2012,70,0.98,0.94,0.64,0.95,0.80,0.96,0.81,0.48,3393.96
ART_00116,28,118,3304,0.24,gouache,pop_art,21,1,4.43,Germany,1,1,excellent,1991,38,0.93,0.79,0.51,0.33,0.85,0.55,0.81,0.63,1665.23
ART_00117,63,157,9891,0.40,gouache,realism,8,13,2.74,Japan,1,1,new,1994,19,0.92,0.60,0.63,0.66,0.73,0.64,0.65,0.91,1886.68
ART_00118,38,128,4864,0.30,digital,conceptual,16,0,2.90,Canada,0,52,fair,2013,184,0.67,0.77,0.61,0.90,0.53,0.81,0.35,0.42,419.02
ART_00119,157,57,8949,2.75,charcoal,abstract,7,76,3.15,Italy,1,1,good,2006,153,0.89,0.75,0.49,0.64,0.54,0.79,0.43,0.67,1776.95
ART_00120,145,117,16965,1.24,mixed_media,expressionism,16,315,3.76,Pakistan,0,25,fair,2017,65,0.99,0.71,0.31,0.92,0.95,0.68,0.27,0.75,3842.54
ART_00121,57,56,3192,1.02,mixed_media,impressionism,10,402,4.40,USA,1,1,excellent,2014,10,0.99,0.84,0.50,0.60,0.92,0.57,0.60,0.85,2402.68
ART_00122,85,87,7395,0.98,ink,pop_art,25,332,3.81,Turkey,1,1,excellent,2012,23,0.96,0.60,0.75,0.48,0.73,0.74,0.66,0.96,2829.20
ART_00123,46,40,1840,1.15,charcoal,minimalism,5,7,4.05,Turkey,1,1,excellent,1992,138,0.98,0.60,0.81,0.72,0.56,0.72,0.31,0.75,593.85
ART_00124,28,72,2016,0.39,pastel,portrait,15,381,3.61,UK,1,1,fair,2024,168,0.99,0.71,0.80,0.87,0.65,0.86,0.68,0.94,1285.44
ART_00125,137,134,18358,1.02,digital,abstract,24,20,3.85,UAE,1,1,fair,1991,52,0.99,0.60,0.82,0.59,0.73,0.55,0.37,0.96,4440.61
ART_00126,134,99,13266,1.35,charcoal,pop_art,2,92,3.03,USA,1,1,new,1995,199,0.78,0.60,0.43,0.38,0.82,0.92,0.79,0.75,2849.12
ART_00127,42,56,2352,0.75,acrylic,abstract,8,166,3.64,USA,0,77,excellent,1996,64,0.99,0.86,0.59,0.37,0.93,0.71,0.44,0.66,875.79
ART_00128,109,72,7848,1.51,watercolor,realism,17,419,3.78,Japan,0,73,new,2015,42,0.99,0.48,0.59,0.57,0.79,0.58,0.75,0.67,1786.91
ART_00129,104,129,13416,0.81,acrylic,realism,6,235,3.37,France,1,1,new,2026,128,0.77,0.63,0.64,0.36,0.97,0.48,0.51,0.91,4164.57
ART_00130,68,39,2652,1.74,digital,minimalism,12,168,4.74,UK,1,1,excellent,2016,85,0.99,0.59,0.75,0.59,0.91,0.80,0.40,0.88,1362.73
ART_00131,29,116,3364,0.25,digital,realism,22,11,3.09,India,0,26,good,1998,38,0.99,0.82,0.32,0.48,0.60,0.78,0.96,0.44,834.81
ART_00132,85,32,2720,2.66,pastel,minimalism,18,171,3.82,Germany,1,1,good,2009,214,0.90,0.70,0.52,0.86,0.73,0.76,0.63,0.53,955.30
ART_00133,104,156,16224,0.67,acrylic,impressionism,17,318,5.39,Canada,1,1,new,2007,167,0.99,0.75,0.30,0.71,0.74,0.53,0.59,0.58,7291.15
ART_00134,23,150,3450,0.15,oil,expressionism,22,0,5.07,USA,1,1,fair,2002,28,0.88,0.92,0.31,0.44,0.79,0.94,0.43,0.46,1572.59
ART_00135,46,141,6486,0.33,oil,landscape,10,206,3.16,Germany,1,1,good,2014,47,0.99,0.67,0.29,0.32,0.99,0.79,0.52,0.65,2792.50
ART_00136,77,101,7777,0.76,acrylic,realism,24,341,4.96,Japan,0,56,new,2012,210,0.99,0.58,0.29,0.51,0.71,0.60,0.73,0.56,2489.06
ART_00137,30,102,3060,0.29,digital,abstract,16,25,4.09,India,1,1,fair,1998,217,0.99,0.93,0.55,0.66,0.69,0.57,0.42,0.95,1259.36
ART_00138,51,117,5967,0.44,charcoal,realism,7,58,3.79,France,0,12,excellent,2014,87,0.99,0.78,0.47,0.54,0.56,0.72,0.35,0.71,1375.06
ART_00139,67,70,4690,0.96,charcoal,impressionism,3,114,5.04,UAE,1,1,new,1992,222,0.80,0.60,0.64,0.41,0.70,0.82,0.87,0.86,1834.56
ART_00140,74,144,10656,0.51,charcoal,surrealism,18,21,5.03,India,1,1,fair,1997,137,0.99,0.82,0.70,0.39,0.69,0.84,0.67,0.95,3987.35
ART_00141,27,148,3996,0.18,gouache,pop_art,13,108,4.88,Canada,1,1,excellent,2001,202,0.77,0.64,0.55,0.91,0.82,0.54,0.88,0.56,1668.73
ART_00142,49,139,6811,0.35,pastel,impressionism,15,2,2.94,Italy,0,18,fair,2013,108,0.99,0.67,0.89,0.49,0.84,0.90,0.29,0.73,1316.83
ART_00143,27,26,702,1.04,gouache,portrait,17,393,3.47,Turkey,1,1,good,2025,63,0.87,0.90,0.84,0.56,0.77,0.73,0.27,0.88,633.38
ART_00144,50,128,6400,0.39,pastel,impressionism,23,67,3.97,France,0,63,good,1995,109,0.94,0.69,0.52,0.80,0.83,0.76,0.37,0.76,1324.50
ART_00145,85,93,7905,0.91,watercolor,impressionism,18,142,4.99,Bangladesh,1,1,good,2020,201,0.99,0.67,0.80,0.74,0.88,0.99,0.62,0.52,3387.37
ART_00146,93,63,5859,1.48,mixed_media,landscape,19,222,3.57,UAE,1,1,excellent,2003,26,0.99,0.86,0.55,0.34,0.85,0.89,0.51,0.53,2750.60
ART_00147,62,38,2356,1.63,watercolor,conceptual,19,15,5.40,USA,0,26,fair,2001,157,0.99,0.67,0.73,0.90,0.97,0.54,0.80,0.96,1127.54
ART_00148,68,58,3944,1.17,oil,portrait,12,392,5.17,Italy,1,1,fair,2008,246,0.99,0.89,0.66,0.51,0.94,0.60,0.25,0.86,3336.58
ART_00149,27,61,1647,0.44,charcoal,surrealism,24,139,5.05,Japan,1,1,fair,2018,137,0.99,0.68,0.35,0.82,0.60,0.56,0.84,0.92,1173.22
ART_00150,64,43,2752,1.49,charcoal,minimalism,22,116,3.52,Pakistan,1,1,fair,2015,175,0.91,0.69,0.80,0.64,0.97,0.82,0.72,0.94,1061.80
ART_00151,123,140,17220,0.88,acrylic,expressionism,18,5,5.39,Bangladesh,1,1,good,2009,134,0.99,0.84,0.32,0.88,0.90,0.60,0.63,0.46,4596.61
ART_00152,92,147,13524,0.63,charcoal,minimalism,2,278,4.74,Germany,0,16,new,2016,225,0.99,0.61,0.67,0.80,0.85,0.99,0.26,0.92,3331.47
ART_00153,39,44,1716,0.89,watercolor,portrait,10,10,4.03,UAE,0,57,excellent,2002,63,0.87,0.69,0.88,0.82,0.82,0.82,0.40,0.94,611.87
ART_00154,52,118,6136,0.44,gouache,impressionism,20,126,4.99,Canada,0,27,good,1990,33,0.99,0.52,0.62,0.32,0.58,0.81,0.58,0.88,2049.40
ART_00155,93,24,2232,3.88,watercolor,minimalism,22,8,5.47,UK,1,1,fair,2004,104,0.99,0.58,0.41,0.30,0.99,0.96,0.47,0.95,1487.37
ART_00156,41,82,3362,0.50,digital,abstract,21,80,4.76,UAE,0,81,fair,2000,158,0.99,0.74,0.37,0.77,0.75,0.56,0.46,0.87,863.37
ART_00157,104,83,8632,1.25,digital,landscape,15,367,5.64,Turkey,1,1,excellent,2018,103,0.99,0.59,0.34,0.93,0.86,0.94,0.68,0.92,4412.76
ART_00158,90,105,9450,0.86,mixed_media,minimalism,22,29,5.00,Bangladesh,1,1,fair,2026,230,0.99,0.65,0.56,0.59,0.63,0.99,0.30,0.46,2553.41
ART_00159,114,135,15390,0.84,mixed_media,expressionism,21,6,4.84,Italy,1,1,new,2023,220,0.93,0.74,0.79,0.58,0.59,0.96,0.89,0.74,6245.30
ART_00160,59,104,6136,0.57,pastel,conceptual,4,413,4.08,Canada,1,1,new,2000,38,0.97,0.82,0.67,0.92,0.96,0.99,0.89,0.89,3213.44
ART_00161,36,130,4680,0.28,acrylic,abstract,10,26,3.41,UK,1,1,fair,1996,214,0.70,0.67,0.80,0.72,0.75,0.47,0.52,0.52,1080.61
ART_00162,77,144,11088,0.53,digital,impressionism,16,44,5.47,Turkey,1,1,fair,2007,90,0.95,0.75,0.38,0.72,0.99,0.91,0.40,0.62,2847.50
ART_00163,56,34,1904,1.65,ink,conceptual,14,187,3.32,Japan,1,1,new,2011,243,0.90,0.92,0.38,0.34,0.93,0.97,0.37,0.85,1210.70
ART_00164,37,145,5365,0.26,watercolor,conceptual,22,75,3.53,UAE,1,1,fair,2010,204,0.99,0.82,0.86,0.47,0.92,0.53,0.59,0.73,1941.82
ART_00165,122,86,10492,1.42,mixed_media,realism,0,28,4.29,Japan,1,1,fair,2002,141,0.68,0.58,0.85,0.91,0.63,0.80,0.26,0.98,2401.83
ART_00166,107,104,11128,1.03,oil,pop_art,17,194,3.62,Turkey,1,1,good,1998,163,0.99,0.83,0.50,0.82,0.87,0.64,0.74,0.89,6048.44
ART_00167,82,62,5084,1.32,gouache,minimalism,22,33,4.47,Germany,1,1,excellent,2002,111,0.99,0.65,0.87,0.69,0.65,0.95,0.46,0.87,2116.53
ART_00168,43,83,3569,0.52,digital,minimalism,12,9,3.83,Italy,0,25,new,1999,11,0.69,0.49,0.31,0.52,0.54,0.94,0.35,0.47,509.98
ART_00169,86,73,6278,1.18,mixed_media,realism,22,10,4.72,France,1,1,new,2012,108,0.99,0.64,0.72,0.49,0.99,0.61,0.61,0.97,4608.67
ART_00170,64,79,5056,0.81,digital,surrealism,3,0,2.95,Turkey,1,1,good,2011,137,0.90,0.95,0.43,0.35,0.63,0.75,0.35,0.77,1380.72
ART_00171,49,65,3185,0.75,gouache,abstract,2,88,3.72,UAE,0,59,good,2001,209,0.97,0.55,0.84,0.82,0.91,0.66,0.47,0.77,855.56
ART_00172,149,121,18029,1.23,digital,impressionism,24,222,4.87,Japan,1,1,fair,2022,72,0.99,0.94,0.55,0.92,0.98,0.65,0.44,0.46,3850.63
ART_00173,153,122,18666,1.25,oil,realism,9,51,3.04,UAE,1,1,excellent,2015,28,0.78,0.95,0.63,0.62,0.93,0.81,0.90,0.64,4158.27
ART_00174,111,26,2886,4.27,gouache,abstract,2,59,4.25,UK,1,1,excellent,2022,185,0.92,0.94,0.30,0.32,0.72,0.72,0.79,0.94,1234.38
ART_00175,137,132,18084,1.04,charcoal,impressionism,10,344,4.55,Japan,0,29,good,2016,157,0.99,0.51,0.35,0.84,0.99,0.87,0.59,0.66,3991.68
ART_00176,71,140,9940,0.51,charcoal,expressionism,13,0,3.73,Canada,1,1,good,1998,144,0.96,0.88,0.33,0.81,0.84,0.58,0.70,0.82,2711.86
ART_00177,103,59,6077,1.75,pastel,landscape,1,126,3.97,Pakistan,1,1,new,1998,104,0.95,0.69,0.85,0.57,0.59,0.97,0.68,0.72,1691.39
ART_00178,148,109,16132,1.36,oil,minimalism,4,2,3.71,UAE,1,1,fair,2013,115,0.91,0.84,0.55,0.92,0.93,0.53,0.50,0.98,4058.84
ART_00179,128,67,8576,1.91,mixed_media,realism,18,328,5.91,Bangladesh,1,1,excellent,2025,211,0.95,0.65,0.34,0.47,0.95,0.96,0.39,0.75,6298.83
ART_00180,92,86,7912,1.07,pastel,realism,24,107,3.79,USA,1,1,good,1996,122,0.88,0.63,0.70,0.31,0.73,0.93,0.29,0.41,2088.16
ART_00181,59,114,6726,0.52,charcoal,portrait,14,39,3.64,Germany,1,1,fair,2002,58,0.90,0.96,0.83,0.47,0.72,0.69,0.52,0.97,1958.94
ART_00182,113,43,4859,2.63,digital,minimalism,2,230,4.79,UK,1,1,excellent,2008,61,0.99,0.81,0.37,0.44,0.62,0.68,0.76,0.98,2440.46
ART_00183,52,132,6864,0.39,gouache,landscape,10,68,4.86,USA,0,30,new,2012,88,0.94,0.63,0.39,0.91,0.75,0.53,0.33,0.73,1350.01
ART_00184,100,128,12800,0.78,mixed_media,abstract,1,36,2.69,Turkey,0,69,good,2011,182,0.87,0.84,0.55,0.59,0.67,0.73,0.38,0.87,1499.48
ART_00185,123,102,12546,1.21,digital,landscape,18,122,4.50,Japan,1,1,excellent,2002,212,0.93,0.92,0.41,0.36,0.78,0.56,0.82,0.68,4656.34
ART_00186,81,92,7452,0.88,ink,minimalism,16,193,5.48,Turkey,0,33,good,2001,53,0.99,0.76,0.86,0.37,0.77,0.72,0.50,0.68,1866.74
ART_00187,86,32,2752,2.69,watercolor,realism,18,406,3.91,Germany,1,1,new,2006,33,0.99,0.83,0.54,0.63,0.55,0.61,0.95,0.77,1857.46
ART_00188,78,136,10608,0.57,gouache,impressionism,20,31,3.22,UK,1,1,new,1997,94,0.79,0.73,0.78,0.59,0.58,0.66,0.82,0.48,2173.14
ART_00189,149,144,21456,1.03,charcoal,portrait,10,223,5.42,UAE,1,1,good,1993,243,0.90,0.80,0.83,0.75,0.93,0.61,0.59,0.43,4753.06
ART_00190,84,67,5628,1.25,ink,minimalism,21,9,4.58,Bangladesh,1,1,good,2001,88,0.99,0.60,0.34,0.68,0.84,0.76,0.49,0.42,1350.02
ART_00191,27,151,4077,0.18,charcoal,landscape,6,172,3.42,UAE,1,1,good,2018,217,0.83,0.71,0.63,0.57,0.96,0.56,0.85,0.56,1228.15
ART_00192,32,88,2816,0.36,acrylic,portrait,18,410,4.30,Germany,1,1,new,2010,187,0.99,0.68,0.71,0.93,0.67,0.96,0.91,0.77,2426.14
ART_00193,152,149,22648,1.02,watercolor,conceptual,19,202,3.70,USA,1,1,fair,2018,156,0.99,0.90,0.61,0.72,0.92,0.99,0.31,0.74,5231.26
ART_00194,31,64,1984,0.48,pastel,minimalism,14,405,5.03,India,1,1,excellent,2023,234,0.99,0.62,0.74,0.36,0.94,0.53,0.64,0.89,1685.87
ART_00195,122,65,7930,1.88,charcoal,minimalism,0,148,4.38,UK,1,1,good,1991,171,0.71,0.88,0.46,0.65,0.55,0.88,0.62,0.74,1858.78
ART_00196,63,118,7434,0.53,charcoal,impressionism,9,67,3.36,UK,1,1,new,1994,80,0.99,0.73,0.67,0.31,0.93,0.58,0.79,0.86,2705.79
ART_00197,40,104,4160,0.38,ink,surrealism,5,209,4.70,UK,1,1,fair,2016,243,0.82,0.67,0.59,0.49,0.98,0.64,0.96,0.68,1502.64
ART_00198,83,120,9960,0.69,oil,portrait,20,269,5.37,Canada,1,1,good,2001,26,0.99,0.96,0.73,0.91,0.71,0.52,0.65,0.62,6217.87
ART_00199,157,157,24649,1.00,ink,surrealism,25,354,5.97,Canada,0,39,excellent,2008,216,0.99,0.80,0.64,0.39,0.83,0.83,0.58,0.62,7036.96
ART_00200,147,54,7938,2.72,ink,abstract,2,342,5.39,Turkey,1,1,excellent,2007,13,0.97,0.66,0.41,0.35,0.60,0.84,0.45,0.81,2802.72
ART_00201,130,95,12350,1.37,acrylic,conceptual,25,28,4.82,Germany,1,1,fair,2003,14,0.99,0.57,0.32,0.78,0.67,0.54,0.68,0.54,3449.91
ART_00202,105,25,2625,4.20,gouache,impressionism,13,309,3.36,Germany,1,1,good,2024,63,0.99,0.90,0.53,0.82,0.99,0.75,0.46,0.94,1273.27
ART_00203,114,110,12540,1.04,ink,minimalism,10,260,5.22,Turkey,1,1,good,2016,67,0.99,0.77,0.31,0.66,0.74,0.94,0.93,0.71,3838.98
ART_00204,122,135,16470,0.90,pastel,realism,11,174,4.94,Italy,1,1,excellent,2023,189,0.99,0.64,0.73,0.80,0.75,0.94,0.88,0.96,5138.45
ART_00205,37,61,2257,0.61,mixed_media,conceptual,1,339,3.66,Bangladesh,1,1,new,2012,107,0.99,0.58,0.32,0.41,0.82,0.85,0.89,0.65,1518.85
ART_00206,88,81,7128,1.09,ink,conceptual,23,129,3.24,France,0,77,good,2023,136,0.93,0.74,0.71,0.44,0.99,0.97,0.38,0.96,1045.97
ART_00207,24,46,1104,0.52,charcoal,realism,21,170,4.74,UK,0,40,excellent,2023,26,0.89,0.67,0.56,0.89,0.67,0.84,0.56,0.92,552.72
ART_00208,136,64,8704,2.13,charcoal,surrealism,14,384,3.74,Turkey,1,1,good,2020,165,0.99,0.78,0.63,0.92,0.70,0.74,0.50,0.84,3265.92
ART_00209,48,147,7056,0.33,oil,realism,10,111,5.25,Japan,1,1,excellent,1991,68,0.99,0.64,0.84,0.93,0.88,0.99,0.93,0.46,4607.07
ART_00210,156,68,10608,2.29,oil,minimalism,1,336,3.54,USA,1,1,new,2015,43,0.80,0.96,0.51,0.78,0.53,0.93,0.87,0.68,3569.00
ART_00211,35,157,5495,0.22,digital,surrealism,11,111,4.66,Germany,1,1,excellent,2013,219,0.99,0.87,0.48,0.90,0.63,0.58,0.49,0.84,2739.30
ART_00212,100,149,14900,0.67,gouache,minimalism,10,199,4.58,UAE,1,1,fair,1995,105,0.99,0.58,0.73,0.40,0.60,0.51,0.64,0.68,3133.28
ART_00213,68,57,3876,1.19,pastel,conceptual,9,22,4.49,UAE,1,1,new,2006,71,0.77,0.57,0.51,0.57,0.71,0.71,0.85,0.69,1072.39
ART_00214,109,73,7957,1.49,oil,impressionism,11,160,5.05,Pakistan,1,1,excellent,2020,47,0.84,0.94,0.37,0.95,0.93,0.66,0.57,0.85,4236.80
ART_00215,56,91,5096,0.62,oil,surrealism,1,43,4.61,Japan,1,1,fair,1999,123,0.80,0.76,0.46,0.65,0.65,0.86,0.77,0.69,1993.54
ART_00216,152,94,14288,1.62,pastel,abstract,15,7,2.98,Turkey,0,11,excellent,2004,35,0.99,0.62,0.81,0.85,0.58,0.61,0.42,0.92,2715.64
ART_00217,103,134,13802,0.77,mixed_media,surrealism,13,59,3.18,Bangladesh,1,1,good,2020,188,0.99,0.63,0.51,0.58,0.66,0.99,0.77,0.76,3638.67
ART_00218,100,138,13800,0.72,oil,impressionism,11,414,3.35,Germany,1,1,new,2015,141,0.99,0.62,0.86,0.70,0.98,0.81,0.67,0.96,7864.09
ART_00219,89,138,12282,0.64,charcoal,abstract,16,9,3.15,USA,0,22,new,2019,95,0.74,0.61,0.43,0.91,0.95,0.96,0.26,0.45,1392.41
ART_00220,60,22,1320,2.73,digital,realism,6,35,4.92,Japan,1,1,fair,1993,190,0.99,0.58,0.68,0.31,0.65,0.60,0.44,0.45,482.64
ART_00221,127,65,8255,1.95,digital,conceptual,22,332,5.28,Turkey,1,1,fair,2024,86,0.99,0.81,0.30,0.78,0.65,0.76,0.91,0.66,2966.52
ART_00222,118,22,2596,5.36,charcoal,realism,14,1,4.98,Turkey,0,84,new,2003,182,0.66,0.80,0.68,0.80,0.51,0.70,0.29,0.99,708.57
ART_00223,26,100,2600,0.26,pastel,realism,3,372,4.73,USA,1,1,new,2001,43,0.81,0.87,0.62,0.47,0.93,0.89,0.49,0.78,1927.78
ART_00224,154,29,4466,5.31,acrylic,abstract,12,244,5.26,USA,1,1,excellent,2001,107,0.81,0.56,0.37,0.66,0.53,0.78,0.91,0.41,2073.85
ART_00225,88,137,12056,0.64,watercolor,minimalism,22,389,3.51,Germany,1,1,good,2025,16,0.95,0.86,0.56,0.83,0.78,0.85,0.95,0.75,4166.71
ART_00226,124,26,3224,4.77,watercolor,pop_art,2,77,4.81,Turkey,1,1,excellent,2007,47,0.86,0.62,0.38,0.86,0.76,0.49,0.70,0.59,1006.17
ART_00227,105,74,7770,1.42,ink,portrait,1,418,3.31,France,1,1,new,2025,114,0.99,0.67,0.57,0.56,0.97,0.99,0.32,0.54,2115.01
ART_00228,106,121,12826,0.88,acrylic,landscape,23,0,4.49,Italy,0,10,good,2020,9,0.99,0.69,0.60,0.32,0.85,0.70,0.38,0.74,3227.91
ART_00229,73,119,8687,0.61,digital,conceptual,2,358,5.21,UK,1,1,fair,1999,151,0.99,0.68,0.75,0.56,0.60,0.67,0.33,0.63,2429.86
ART_00230,21,130,2730,0.16,gouache,surrealism,1,392,5.09,Bangladesh,0,28,new,2005,41,0.86,0.87,0.89,0.31,0.77,0.62,0.28,0.73,1116.48
ART_00231,75,27,2025,2.78,digital,portrait,8,281,3.97,Pakistan,1,1,good,2008,109,0.89,0.73,0.30,0.77,0.60,0.61,0.80,0.82,1214.45
ART_00232,100,35,3500,2.86,mixed_media,conceptual,17,1,3.32,India,0,65,good,2015,61,0.84,0.77,0.67,0.37,0.63,0.89,0.30,0.58,705.15
ART_00233,139,72,10008,1.93,digital,pop_art,6,241,4.29,Turkey,1,1,excellent,1996,160,0.99,0.85,0.37,0.92,0.64,0.91,0.83,0.74,3077.42
ART_00234,113,78,8814,1.45,watercolor,realism,21,291,5.35,France,1,1,new,1993,214,0.89,0.76,0.87,0.48,0.90,0.73,0.31,0.63,4958.92
ART_00235,21,71,1491,0.30,charcoal,pop_art,15,6,5.34,Germany,0,35,good,1999,176,0.92,0.63,0.80,0.76,0.64,0.93,0.28,0.85,715.59
ART_00236,84,58,4872,1.45,pastel,portrait,7,239,4.69,Germany,1,1,fair,1997,171,0.99,0.57,0.38,0.68,0.82,0.94,0.30,0.82,2165.65
ART_00237,22,124,2728,0.18,digital,minimalism,0,353,3.86,Germany,1,1,fair,2025,30,0.79,0.79,0.76,0.92,0.95,0.79,0.66,0.67,889.27
ART_00238,44,122,5368,0.36,charcoal,conceptual,3,308,4.10,Bangladesh,1,1,excellent,2020,246,0.87,0.86,0.47,0.95,0.94,0.72,0.45,0.82,1828.42
ART_00239,109,57,6213,1.91,ink,landscape,13,159,4.02,Pakistan,1,1,excellent,2026,187,0.99,0.71,0.86,0.58,0.58,0.71,0.29,0.51,1448.99
ART_00240,119,30,3570,3.97,acrylic,landscape,19,13,3.31,Bangladesh,1,1,excellent,2017,173,0.98,0.93,0.66,0.41,0.87,0.72,0.41,0.96,2270.61
ART_00241,94,62,5828,1.52,oil,realism,2,304,5.28,Canada,1,1,excellent,2023,56,0.99,0.86,0.82,0.46,0.90,0.82,0.55,0.75,3948.79
ART_00242,60,103,6180,0.58,gouache,realism,16,380,5.06,Japan,1,1,excellent,2025,38,0.99,0.71,0.89,0.31,0.87,0.56,0.70,0.75,2744.83
ART_00243,100,98,9800,1.02,charcoal,conceptual,19,45,4.75,Bangladesh,1,1,fair,2009,168,0.99,0.72,0.82,0.52,0.88,0.60,0.54,0.61,2048.76
ART_00244,112,106,11872,1.06,charcoal,expressionism,7,1,3.23,USA,1,1,excellent,2013,189,0.77,0.74,0.36,0.52,0.59,0.98,0.36,0.52,1445.07
ART_00245,151,86,12986,1.76,oil,conceptual,4,112,4.15,Germany,0,8,new,1997,238,0.79,0.81,0.67,0.64,0.99,0.96,0.48,0.74,3800.12
ART_00246,121,145,17545,0.83,mixed_media,landscape,14,361,5.57,Turkey,1,1,excellent,2026,81,0.99,0.57,0.53,0.84,0.69,0.54,0.60,0.95,8375.46
ART_00247,122,71,8662,1.72,digital,conceptual,3,38,4.72,Italy,0,25,good,1996,21,0.88,0.64,0.47,0.82,0.56,0.98,0.96,0.98,2091.06
ART_00248,155,34,5270,4.56,oil,landscape,21,143,3.58,France,1,1,fair,2021,36,0.99,0.71,0.38,0.95,0.93,0.91,0.41,0.53,1714.93
ART_00249,137,39,5343,3.51,watercolor,realism,2,49,4.99,Italy,1,1,excellent,2011,84,0.96,0.79,0.81,0.94,0.72,0.54,0.87,0.84,2129.48
ART_00250,121,94,11374,1.29,ink,surrealism,22,152,5.54,Germany,1,1,new,1991,35,0.90,0.60,0.63,0.89,0.88,0.56,0.61,0.94,4550.71
ART_00251,97,21,2037,4.62,gouache,surrealism,1,307,3.12,UAE,0,19,new,2014,192,0.99,0.56,0.69,0.77,0.95,0.94,0.63,0.57,819.33
ART_00252,159,65,10335,2.45,mixed_media,surrealism,0,118,3.90,Germany,1,1,new,2010,232,0.69,0.75,0.33,0.39,0.77,0.88,0.97,0.73,3241.09
ART_00253,153,21,3213,7.29,gouache,expressionism,0,183,3.44,UK,1,1,fair,1997,55,0.69,0.91,0.75,0.74,0.87,0.55,0.93,0.43,827.73
ART_00254,75,104,7800,0.72,gouache,conceptual,17,359,5.04,USA,0,46,good,1995,11,0.99,0.54,0.80,0.47,0.99,0.78,0.61,0.51,1645.26
ART_00255,106,25,2650,4.24,mixed_media,abstract,14,0,5.32,Italy,1,1,excellent,1997,96,0.91,0.95,0.56,0.87,0.92,0.94,0.86,0.95,3140.80
ART_00256,81,103,8343,0.79,charcoal,impressionism,10,26,3.55,USA,1,1,good,2015,215,0.85,0.71,0.35,0.87,0.96,0.83,0.76,0.97,2375.85
ART_00257,109,124,13516,0.88,charcoal,pop_art,6,113,3.96,Pakistan,0,17,fair,2002,177,0.99,0.83,0.74,0.71,0.89,0.62,0.40,0.95,2662.29
ART_00258,136,125,17000,1.09,mixed_media,realism,1,48,4.15,Turkey,1,1,new,2004,89,0.64,0.63,0.59,0.85,0.95,0.46,0.36,0.42,3028.89
ART_00259,55,71,3905,0.77,watercolor,realism,12,70,3.04,Canada,1,1,fair,1997,93,0.92,0.84,0.78,0.59,0.63,0.93,0.36,0.54,855.57
ART_00260,81,91,7371,0.89,gouache,landscape,10,45,4.42,Turkey,1,1,new,2021,122,0.99,0.96,0.69,0.35,0.68,0.83,0.57,0.86,2592.95
ART_00261,46,37,1702,1.24,charcoal,landscape,24,24,4.44,Canada,1,1,good,2004,206,0.93,0.77,0.65,0.46,0.55,0.73,0.73,0.66,974.04
ART_00262,146,102,14892,1.43,oil,surrealism,6,369,5.51,Canada,0,29,new,2004,84,0.99,0.50,0.47,0.36,0.58,0.90,0.74,0.84,5943.39
ART_00263,54,39,2106,1.38,acrylic,impressionism,0,63,2.96,USA,1,1,new,2019,154,0.65,0.82,0.70,0.88,0.75,0.90,0.83,0.61,790.20
ART_00264,72,110,7920,0.65,charcoal,minimalism,0,114,2.96,Bangladesh,1,1,fair,2011,24,0.80,0.93,0.55,0.41,0.68,0.52,0.30,0.68,906.16
ART_00265,48,55,2640,0.87,pastel,impressionism,3,22,4.07,USA,1,1,new,2012,123,0.99,0.76,0.38,0.47,0.66,0.60,0.46,0.64,1066.37
ART_00266,129,32,4128,4.03,acrylic,minimalism,23,372,5.92,India,1,1,new,2019,18,0.99,0.68,0.40,0.86,0.99,0.90,0.97,0.45,2795.46
ART_00267,74,127,9398,0.58,charcoal,portrait,7,396,4.00,Turkey,0,53,good,2008,93,0.80,0.86,0.54,0.58,0.90,0.87,0.62,0.93,2070.27
ART_00268,114,113,12882,1.01,watercolor,abstract,17,409,4.51,Canada,1,1,good,2023,164,0.99,0.77,0.34,0.91,0.89,0.71,0.68,0.74,5128.70
ART_00269,130,140,18200,0.93,mixed_media,conceptual,9,392,4.33,UAE,1,1,fair,2001,212,0.97,0.59,0.84,0.68,0.93,0.67,0.75,0.45,4640.80
ART_00270,156,54,8424,2.89,digital,expressionism,22,180,5.21,Canada,1,1,fair,2025,233,0.99,0.95,0.70,0.93,0.70,0.66,0.86,0.85,3090.89
ART_00271,98,150,14700,0.65,gouache,landscape,17,154,5.19,France,1,1,fair,2005,182,0.99,0.65,0.80,0.62,0.76,0.58,0.80,0.87,4451.76
ART_00272,92,149,13708,0.62,charcoal,abstract,12,304,4.93,Canada,0,72,good,2007,170,0.99,0.58,0.36,0.90,0.92,0.54,0.28,0.43,1795.16
ART_00273,121,111,13431,1.09,acrylic,surrealism,1,205,4.15,France,1,1,good,1995,107,0.99,0.76,0.88,0.80,0.95,0.67,0.64,0.75,5224.88
ART_00274,97,88,8536,1.10,oil,landscape,19,408,5.25,India,1,1,good,2003,163,0.96,0.86,0.65,0.94,0.92,0.82,0.65,0.61,5481.72
ART_00275,148,138,20424,1.07,mixed_media,minimalism,1,11,4.44,UK,1,1,new,2016,229,0.75,0.68,0.42,0.40,0.70,0.48,0.88,0.42,3175.40
ART_00276,53,71,3763,0.75,acrylic,landscape,15,135,3.92,UK,1,1,excellent,1995,48,0.95,0.59,0.47,0.88,0.59,0.56,0.58,0.82,2146.66
ART_00277,99,118,11682,0.84,digital,portrait,22,4,4.58,Turkey,1,1,new,2001,78,0.72,0.60,0.72,0.53,0.73,0.80,0.86,0.82,3108.17
ART_00278,136,64,8704,2.13,watercolor,minimalism,11,106,3.82,Italy,1,1,excellent,2024,101,0.88,0.80,0.52,0.84,0.95,0.55,0.58,0.46,1601.61
ART_00279,58,157,9106,0.37,watercolor,pop_art,4,13,3.44,USA,1,1,good,2001,12,0.76,0.65,0.86,0.58,0.84,0.53,0.94,0.92,1900.91
ART_00280,117,80,9360,1.46,ink,landscape,22,315,3.82,Germany,0,80,fair,2005,27,0.99,0.84,0.72,0.61,0.65,0.75,0.59,0.93,1544.69
ART_00281,107,159,17013,0.67,charcoal,expressionism,3,43,3.23,Italy,1,1,new,2011,101,0.99,0.62,0.39,0.54,0.80,0.85,0.40,0.98,2865.43
ART_00282,140,46,6440,3.04,gouache,minimalism,9,46,4.20,Japan,1,1,excellent,2012,75,0.99,0.66,0.86,0.73,0.66,0.90,0.76,0.93,1865.48
ART_00283,71,30,2130,2.37,mixed_media,surrealism,7,14,4.89,Japan,1,1,good,2004,168,0.79,0.66,0.50,0.85,0.98,0.69,0.44,0.54,1255.94
ART_00284,102,106,10812,0.96,oil,landscape,19,11,3.56,Pakistan,1,1,fair,2004,29,0.79,0.95,0.81,0.71,0.70,0.90,0.85,0.48,2509.45
ART_00285,48,88,4224,0.55,charcoal,landscape,17,145,3.74,Germany,1,1,good,2020,150,0.99,0.60,0.49,0.94,0.56,0.74,0.49,0.77,1390.27
ART_00286,113,112,12656,1.01,watercolor,pop_art,13,2,3.15,Germany,1,1,good,2012,171,0.99,0.76,0.28,0.68,0.99,0.53,0.30,0.57,2593.36
ART_00287,121,46,5566,2.63,acrylic,expressionism,9,229,5.29,France,1,1,new,2002,142,0.99,0.64,0.68,0.41,0.64,0.55,0.90,0.55,2478.18
ART_00288,36,47,1692,0.77,acrylic,conceptual,7,320,5.67,Turkey,1,1,excellent,2001,100,0.86,0.72,0.51,0.42,0.54,0.69,0.58,0.56,1226.52
ART_00289,135,57,7695,2.37,charcoal,minimalism,9,110,4.85,India,1,1,good,1993,220,0.91,0.64,0.73,0.39,0.99,0.75,0.76,0.64,2399.05
ART_00290,30,149,4470,0.20,gouache,portrait,18,340,5.78,Bangladesh,1,1,good,2013,77,0.99,0.66,0.67,0.55,0.69,0.84,0.80,0.41,2176.32
ART_00291,53,61,3233,0.87,ink,surrealism,21,42,4.44,UK,1,1,fair,1992,220,0.99,0.58,0.79,0.92,0.58,0.83,0.77,0.64,1464.23
ART_00292,136,106,14416,1.28,charcoal,pop_art,9,98,3.24,India,1,1,fair,1993,64,0.99,0.83,0.75,0.60,0.56,0.93,0.83,0.53,1899.81
ART_00293,145,23,3335,6.30,acrylic,pop_art,3,6,3.42,Bangladesh,1,1,new,1991,157,0.61,0.78,0.69,0.37,0.54,0.91,0.42,0.86,1191.13
ART_00294,127,130,16510,0.98,watercolor,landscape,18,319,5.42,India,1,1,good,1998,85,0.99,0.82,0.60,0.37,0.66,0.74,0.70,0.96,6225.77
ART_00295,38,23,874,1.65,charcoal,minimalism,18,116,4.40,India,1,1,fair,2024,39,0.98,0.76,0.72,0.71,0.91,0.65,0.79,0.62,396.90
ART_00296,91,115,10465,0.79,ink,impressionism,21,9,3.65,Japan,1,1,new,2019,106,0.99,0.71,0.82,0.80,0.97,0.92,0.94,0.45,2656.31
ART_00297,33,124,4092,0.27,charcoal,realism,11,8,4.44,Japan,0,44,fair,1994,229,0.64,0.77,0.78,0.48,0.89,0.57,0.35,0.46,660.90
ART_00298,160,71,11360,2.25,watercolor,realism,2,85,4.07,Germany,1,1,fair,1997,11,0.78,0.69,0.59,0.88,0.77,0.55,0.28,0.66,1502.99
ART_00299,28,140,3920,0.20,mixed_media,expressionism,13,243,5.28,India,0,12,good,2017,118,0.95,0.70,0.60,0.55,0.92,0.53,0.89,0.87,2561.07
ART_00300,63,140,8820,0.45,oil,pop_art,20,48,4.58,UAE,1,1,fair,1995,213,0.99,0.70,0.54,0.73,0.65,0.77,0.61,0.64,3474.67
ART_00301,44,58,2552,0.76,acrylic,abstract,2,4,5.02,USA,1,1,good,2024,38,0.65,0.56,0.51,0.65,0.95,0.77,0.66,0.68,1021.38
ART_00302,89,128,11392,0.70,oil,abstract,19,172,4.91,Japan,1,1,fair,2005,150,0.99,0.88,0.86,0.90,0.93,0.89,0.59,0.94,7518.34
ART_00303,100,86,8600,1.16,watercolor,conceptual,22,67,4.32,Germany,1,1,excellent,2011,150,0.85,0.64,0.28,0.44,0.60,0.48,0.47,0.88,2471.70
ART_00304,107,44,4708,2.43,ink,landscape,1,51,4.24,UK,1,1,good,2013,243,0.92,0.87,0.88,0.85,0.72,0.58,0.71,0.78,1430.14
ART_00305,33,66,2178,0.50,ink,landscape,5,32,3.91,UAE,1,1,good,2013,132,0.88,0.82,0.89,0.33,0.61,0.67,0.81,0.67,702.86
ART_00306,110,39,4290,2.82,ink,conceptual,4,350,3.48,Pakistan,1,1,fair,2003,118,0.99,0.70,0.77,0.70,0.97,0.88,0.76,0.58,1136.23
ART_00307,83,154,12782,0.54,oil,realism,18,3,5.30,Germany,1,1,good,1993,43,0.68,0.94,0.89,0.79,0.54,0.85,0.35,0.45,3913.55
ART_00308,149,72,10728,2.07,ink,realism,23,1,3.98,Pakistan,1,1,fair,2000,221,0.71,0.58,0.51,0.74,0.56,0.80,0.46,0.76,2239.95
ART_00309,114,20,2280,5.70,gouache,minimalism,17,66,3.29,Canada,1,1,excellent,2024,215,0.99,0.62,0.29,0.91,0.87,0.65,0.52,0.82,883.61
ART_00310,49,94,4606,0.52,pastel,realism,7,225,5.28,France,0,25,good,2014,57,0.99,0.64,0.47,0.68,0.68,0.73,0.77,0.44,1329.30
ART_00311,144,75,10800,1.92,pastel,portrait,22,170,4.21,UAE,1,1,fair,2009,238,0.99,0.60,0.66,0.34,0.97,0.65,0.84,0.62,2714.62
ART_00312,25,152,3800,0.16,ink,minimalism,15,263,3.71,Germany,0,31,fair,1992,40,0.99,0.83,0.83,0.48,0.66,0.86,0.90,0.54,840.76
ART_00313,112,78,8736,1.44,ink,conceptual,22,408,5.96,Pakistan,1,1,excellent,1994,212,0.99,0.64,0.37,0.43,0.89,0.54,0.70,0.88,5273.13
ART_00314,70,145,10150,0.48,gouache,portrait,18,154,4.16,USA,1,1,good,2016,170,0.94,0.73,0.71,0.88,0.76,0.68,0.54,0.81,2935.20
ART_00315,113,155,17515,0.73,charcoal,impressionism,4,363,5.54,India,1,1,excellent,1998,199,0.90,0.90,0.70,0.63,0.93,0.81,0.43,0.86,6772.87
ART_00316,46,147,6762,0.31,ink,minimalism,23,87,5.02,USA,0,21,excellent,1992,47,0.99,0.78,0.31,0.48,0.63,0.75,0.78,0.78,1773.90
ART_00317,101,50,5050,2.02,charcoal,landscape,24,369,4.17,Bangladesh,1,1,excellent,2006,79,0.99,0.71,0.28,0.74,0.80,0.63,0.82,0.59,1908.35
ART_00318,65,71,4615,0.92,ink,realism,20,8,3.14,Italy,0,83,good,2013,62,0.99,0.77,0.50,0.64,0.55,0.83,0.62,0.63,554.27
ART_00319,140,57,7980,2.46,pastel,conceptual,19,83,5.22,UAE,1,1,good,2007,31,0.99,0.63,0.64,0.56,0.99,0.53,0.25,0.85,3026.74
ART_00320,148,104,15392,1.42,watercolor,conceptual,1,244,2.99,UAE,0,65,excellent,2017,29,0.99,0.57,0.84,0.32,0.58,0.89,0.50,0.57,1323.81
ART_00321,117,141,16497,0.83,ink,realism,16,26,3.37,Canada,1,1,new,2002,230,0.82,0.95,0.82,0.93,0.90,0.54,0.55,0.74,3171.72
ART_00322,138,137,18906,1.01,mixed_media,portrait,12,160,4.11,Bangladesh,1,1,new,2019,198,0.94,0.84,0.68,0.78,0.93,0.81,0.74,0.52,6721.01
ART_00323,134,160,21440,0.84,mixed_media,realism,15,18,4.91,UK,1,1,new,2006,204,0.78,0.63,0.34,0.57,0.78,0.88,0.76,0.42,4581.41
ART_00324,159,92,14628,1.73,watercolor,conceptual,1,367,4.30,Pakistan,1,1,excellent,2010,223,0.91,0.60,0.76,0.81,0.74,0.88,0.88,0.76,4628.86
ART_00325,141,85,11985,1.66,ink,surrealism,8,226,5.15,Japan,1,1,new,2013,167,0.89,0.81,0.72,0.83,0.98,0.99,0.50,0.43,2820.69
ART_00326,120,160,19200,0.75,watercolor,expressionism,13,46,4.18,India,1,1,new,2000,10,0.77,0.91,0.46,0.56,0.92,0.83,0.58,0.42,3136.91
ART_00327,116,107,12412,1.08,watercolor,landscape,8,48,3.88,Turkey,1,1,excellent,2018,185,0.89,0.58,0.36,0.77,0.99,0.81,0.93,0.95,3283.90
ART_00328,135,30,4050,4.50,pastel,landscape,9,229,4.23,UK,1,1,fair,2022,62,0.99,0.83,0.86,0.52,0.87,0.93,0.38,0.64,1456.58
ART_00329,98,88,8624,1.11,oil,pop_art,2,55,5.12,UK,1,1,new,2002,90,0.79,0.80,0.73,0.47,0.77,0.90,0.60,0.77,4282.35
ART_00330,39,64,2496,0.61,charcoal,landscape,10,123,4.30,Bangladesh,1,1,fair,1993,9,0.99,0.88,0.40,0.67,0.65,0.82,0.73,0.75,1045.54
ART_00331,146,131,19126,1.11,ink,impressionism,23,30,5.26,Bangladesh,1,1,excellent,2015,229,0.98,0.91,0.55,0.33,0.56,0.80,0.60,0.87,5785.42
ART_00332,38,103,3914,0.37,gouache,conceptual,12,33,5.33,UK,1,1,new,2013,48,0.88,0.69,0.38,0.45,0.78,0.80,0.77,0.59,1571.37
ART_00333,126,135,17010,0.93,mixed_media,impressionism,24,197,3.51,Japan,1,1,fair,2012,152,0.99,0.67,0.82,0.91,0.92,0.53,0.45,0.95,4758.34
ART_00334,124,126,15624,0.98,pastel,impressionism,0,96,3.81,Bangladesh,1,1,good,1997,100,0.84,0.75,0.55,0.51,0.64,0.56,0.59,0.83,2663.89
ART_00335,158,124,19592,1.27,watercolor,expressionism,5,316,5.40,India,1,1,new,2026,152,0.99,0.78,0.29,0.57,0.60,0.59,0.59,0.42,4361.60
ART_00336,39,75,2925,0.52,ink,portrait,6,84,4.22,USA,0,8,good,2017,178,0.84,0.57,0.41,0.38,0.76,0.97,0.35,0.96,861.79
ART_00337,58,117,6786,0.50,acrylic,minimalism,0,30,2.62,USA,0,52,new,1999,152,0.99,0.69,0.72,0.47,0.87,0.64,0.52,0.43,962.73
ART_00338,86,149,12814,0.58,oil,abstract,23,369,5.82,India,1,1,excellent,1994,74,0.99,0.85,0.70,0.81,0.95,0.97,0.85,0.74,12927.16
ART_00339,109,34,3706,3.21,acrylic,surrealism,22,38,3.13,UAE,1,1,good,1990,29,0.86,0.81,0.79,0.39,0.92,0.65,0.71,0.61,1711.57
ART_00340,46,71,3266,0.65,ink,pop_art,12,210,3.57,France,1,1,good,1997,78,0.99,0.77,0.53,0.50,0.82,0.72,0.55,0.57,988.45
ART_00341,31,45,1395,0.69,oil,portrait,22,3,3.79,UAE,1,1,fair,1996,30,0.99,0.67,0.48,0.68,0.62,0.99,0.74,0.91,1042.81
ART_00342,74,110,8140,0.67,gouache,pop_art,7,75,3.42,Canada,1,1,fair,2019,70,0.99,0.63,0.33,0.87,0.99,0.59,0.65,0.48,1089.36
ART_00343,157,71,11147,2.21,gouache,impressionism,15,97,5.50,Pakistan,0,10,excellent,1999,24,0.97,0.52,0.38,0.51,0.80,0.59,0.56,0.68,2991.54
ART_00344,35,130,4550,0.27,oil,realism,10,137,4.79,Pakistan,1,1,new,2023,106,0.99,0.82,0.65,0.92,0.87,0.68,0.71,0.77,3514.29
ART_00345,133,47,6251,2.83,pastel,conceptual,13,258,3.64,France,1,1,excellent,2014,219,0.97,0.79,0.31,0.88,0.99,0.95,0.50,0.42,2080.15
ART_00346,94,109,10246,0.86,digital,landscape,9,22,4.83,Pakistan,1,1,excellent,2022,24,0.92,0.78,0.33,0.45,0.95,0.54,0.81,0.44,2262.09
ART_00347,112,38,4256,2.95,oil,impressionism,5,276,4.04,Canada,1,1,new,1991,55,0.76,0.95,0.39,0.88,0.70,0.85,0.36,0.66,2873.11
ART_00348,108,153,16524,0.71,gouache,expressionism,14,245,4.13,Turkey,1,1,excellent,1996,205,0.99,0.96,0.69,0.79,0.74,0.79,0.37,0.84,5042.90
ART_00349,93,58,5394,1.60,mixed_media,surrealism,19,12,3.07,UK,1,1,good,2001,12,0.75,0.78,0.72,0.89,0.95,0.83,0.33,0.61,2073.94
ART_00350,95,59,5605,1.61,charcoal,abstract,25,378,4.56,Canada,0,75,new,2017,51,0.96,0.50,0.71,0.76,0.88,0.67,0.39,0.48,1302.40
ART_00351,77,28,2156,2.75,acrylic,pop_art,25,0,4.00,Germany,1,1,new,1991,24,0.82,0.89,0.67,0.36,0.86,0.59,0.67,0.53,1257.53
ART_00352,30,54,1620,0.56,oil,conceptual,7,3,4.93,UAE,0,67,new,2014,60,0.71,0.51,0.79,0.37,0.67,0.88,0.81,0.94,770.37
ART_00353,119,94,11186,1.27,digital,impressionism,7,1,3.98,Canada,1,1,good,2019,203,0.76,0.60,0.42,0.40,0.83,0.96,0.47,0.58,1790.77
ART_00354,31,78,2418,0.40,gouache,minimalism,11,314,5.07,USA,1,1,fair,2007,150,0.99,0.95,0.58,0.43,0.71,0.60,0.72,0.41,1149.79
ART_00355,44,109,4796,0.40,ink,landscape,17,85,5.20,Pakistan,1,1,good,2009,79,0.94,0.56,0.34,0.40,0.91,0.93,0.51,0.51,1605.91
ART_00356,97,31,3007,3.13,digital,impressionism,19,280,4.13,Italy,0,52,fair,2000,237,0.99,0.53,0.58,0.56,0.75,0.80,0.79,0.89,1203.70
ART_00357,123,144,17712,0.85,charcoal,expressionism,0,13,3.65,USA,1,1,fair,2009,10,0.92,0.72,0.75,0.60,0.89,0.49,0.80,0.52,1478.56
ART_00358,69,136,9384,0.51,digital,abstract,21,89,4.91,India,1,1,good,1997,25,0.84,0.82,0.75,0.77,0.99,0.86,0.49,0.78,3754.30
ART_00359,82,52,4264,1.58,digital,landscape,11,292,5.31,Bangladesh,1,1,excellent,2023,150,0.95,0.69,0.55,0.81,0.82,0.91,0.92,0.75,2419.34
ART_00360,124,81,10044,1.53,ink,portrait,23,3,4.82,Pakistan,1,1,fair,2000,171,0.99,0.85,0.35,0.55,0.65,0.60,0.83,0.85,2777.22
ART_00361,110,106,11660,1.04,oil,pop_art,18,7,3.34,Bangladesh,1,1,new,2024,20,0.99,0.86,0.66,0.74,0.65,0.77,0.27,0.76,3747.77
ART_00362,49,140,6860,0.35,watercolor,minimalism,13,140,4.76,Italy,1,1,excellent,2009,192,0.85,0.76,0.78,0.91,0.99,0.87,0.44,0.51,2297.64
ART_00363,66,137,9042,0.48,gouache,portrait,21,212,3.69,Bangladesh,0,44,good,2015,245,0.99,0.66,0.55,0.88,0.94,0.88,0.45,0.57,2085.28
ART_00364,149,135,20115,1.10,ink,portrait,11,105,5.10,Canada,1,1,new,2026,50,0.80,0.79,0.50,0.90,0.67,0.56,0.26,0.72,3681.73
ART_00365,147,153,22491,0.96,pastel,minimalism,9,46,4.41,UAE,1,1,good,2025,230,0.99,0.86,0.54,0.87,0.92,0.59,0.37,0.88,4686.88
ART_00366,132,103,13596,1.28,ink,realism,19,39,4.19,Bangladesh,0,19,excellent,2025,164,0.99,0.83,0.73,0.70,0.97,0.54,0.35,0.96,2393.47
ART_00367,135,47,6345,2.87,acrylic,minimalism,20,127,4.42,UAE,0,44,fair,2010,86,0.99,0.73,0.62,0.32,0.97,0.72,0.55,0.75,2008.54
ART_00368,138,89,12282,1.55,charcoal,impressionism,10,23,4.36,Canada,1,1,excellent,2025,95,0.71,0.70,0.30,0.61,0.87,0.86,0.86,0.77,2615.60
ART_00369,41,148,6068,0.28,digital,expressionism,23,284,4.70,UAE,0,52,excellent,2004,205,0.99,0.65,0.60,0.91,0.95,0.51,0.96,0.63,2243.35
ART_00370,155,139,21545,1.12,ink,conceptual,5,134,5.13,Italy,1,1,good,2024,184,0.83,0.68,0.28,0.66,0.72,0.98,0.26,0.46,3070.38
ART_00371,157,54,8478,2.91,digital,impressionism,16,190,4.33,Pakistan,1,1,good,2022,239,0.99,0.92,0.53,0.53,0.96,0.75,0.30,0.68,3030.40
ART_00372,85,145,12325,0.59,acrylic,impressionism,11,3,5.15,Pakistan,0,47,new,2025,159,0.68,0.67,0.63,0.87,0.82,0.64,0.68,0.62,2357.02
ART_00373,112,144,16128,0.78,acrylic,expressionism,23,350,4.35,India,1,1,excellent,1995,45,0.96,0.64,0.36,0.90,0.70,0.54,0.38,0.79,7367.41
ART_00374,124,56,6944,2.21,watercolor,realism,16,90,3.74,UAE,1,1,fair,2005,153,0.99,0.63,0.46,0.56,0.58,0.69,0.30,0.41,1181.63
ART_00375,43,90,3870,0.48,gouache,impressionism,6,180,4.53,Japan,0,37,excellent,2025,201,0.82,0.54,0.29,0.61,0.55,0.60,0.74,0.78,1018.94
ART_00376,154,33,5082,4.67,pastel,landscape,14,32,4.13,Bangladesh,1,1,new,2002,20,0.99,0.89,0.47,0.76,0.78,0.82,0.93,0.68,1996.44
ART_00377,100,144,14400,0.69,digital,expressionism,13,311,4.23,USA,1,1,excellent,1991,240,0.84,0.72,0.82,0.75,0.84,0.92,0.33,0.88,4425.83
ART_00378,151,46,6946,3.28,watercolor,impressionism,16,419,3.45,Pakistan,1,1,new,2023,238,0.93,0.87,0.68,0.34,0.79,0.70,0.58,0.66,3310.70
ART_00379,120,81,9720,1.48,pastel,conceptual,5,199,3.80,India,1,1,new,2018,79,0.77,0.69,0.88,0.50,0.89,0.80,0.37,0.46,1609.64
ART_00380,137,134,18358,1.02,charcoal,landscape,8,141,3.80,Italy,1,1,good,2024,70,0.78,0.66,0.85,0.31,0.80,0.53,0.41,0.58,1938.26
ART_00381,126,142,17892,0.89,pastel,portrait,23,216,4.56,UAE,1,1,fair,1992,68,0.99,0.91,0.81,0.38,0.57,0.55,0.49,0.76,4340.11
ART_00382,125,74,9250,1.69,watercolor,landscape,15,75,3.03,France,1,1,good,2010,19,0.99,0.78,0.83,0.44,0.99,0.85,0.76,0.53,1994.11
ART_00383,129,141,18189,0.91,pastel,impressionism,21,152,5.50,UAE,1,1,good,1990,213,0.99,0.79,0.74,0.49,0.77,0.99,0.88,0.73,6309.21
ART_00384,95,148,14060,0.64,mixed_media,minimalism,9,4,3.82,Turkey,1,1,fair,2026,58,0.96,0.61,0.53,0.79,0.99,0.69,0.75,0.65,2820.29
ART_00385,121,66,7986,1.83,pastel,landscape,8,262,4.26,Germany,0,16,excellent,1992,48,0.80,0.69,0.64,0.54,0.54,0.98,0.74,0.82,1874.08
ART_00386,114,132,15048,0.86,acrylic,conceptual,18,0,3.01,Germany,0,32,good,1999,194,0.90,0.67,0.51,0.47,0.59,0.85,0.79,0.55,1991.53
ART_00387,113,127,14351,0.89,digital,surrealism,21,404,5.81,Italy,1,1,fair,2008,143,0.99,0.71,0.60,0.56,0.69,0.51,0.80,0.48,4445.09
ART_00388,101,74,7474,1.36,pastel,minimalism,19,12,4.07,Italy,1,1,excellent,1997,164,0.91,0.83,0.87,0.84,0.73,0.52,0.56,0.94,2677.97
ART_00389,22,108,2376,0.20,watercolor,conceptual,2,305,5.52,Pakistan,0,25,excellent,2009,196,0.82,0.50,0.89,0.90,0.74,0.61,0.36,0.97,918.32
ART_00390,155,60,9300,2.58,gouache,impressionism,17,403,4.50,Canada,0,8,fair,2019,138,0.99,0.57,0.85,0.33,0.84,0.90,0.46,0.99,2546.28
ART_00391,132,133,17556,0.99,pastel,portrait,15,344,4.97,Japan,0,52,new,2021,172,0.92,0.73,0.54,0.81,0.90,0.57,0.28,0.76,3468.77
ART_00392,116,70,8120,1.66,acrylic,abstract,17,1,3.03,Germany,1,1,new,2000,171,0.81,0.78,0.90,0.80,0.85,0.78,0.67,0.76,2782.98
ART_00393,28,101,2828,0.28,ink,abstract,18,209,5.25,Canada,1,1,fair,2026,240,0.99,0.67,0.36,0.46,0.90,0.90,0.71,0.42,1018.40
ART_00394,27,107,2889,0.25,oil,conceptual,18,46,4.23,Pakistan,1,1,new,2007,165,0.99,0.87,0.29,0.31,0.67,0.63,0.81,0.85,2250.86
ART_00395,28,125,3500,0.22,acrylic,conceptual,5,199,3.70,India,1,1,fair,2000,8,0.99,0.72,0.56,0.55,0.78,0.65,0.94,0.45,1168.83
ART_00396,151,122,18422,1.24,mixed_media,expressionism,19,405,3.78,France,0,76,good,2005,107,0.99,0.79,0.49,0.41,0.60,0.75,0.67,0.85,4781.60
ART_00397,120,99,11880,1.21,gouache,impressionism,24,54,5.51,Japan,1,1,excellent,1994,18,0.99,0.87,0.65,0.57,0.80,0.83,0.27,0.47,3380.57
ART_00398,95,88,8360,1.08,digital,pop_art,20,276,5.48,UK,1,1,excellent,1991,76,0.94,0.63,0.85,0.43,0.90,0.85,0.35,0.95,4056.42
ART_00399,146,21,3066,6.95,ink,realism,11,15,5.23,Germany,1,1,good,1997,50,0.69,0.61,0.38,0.47,0.64,0.50,0.46,0.78,867.70
ART_00400,143,35,5005,4.09,mixed_media,impressionism,9,9,2.76,Japan,0,54,good,2003,55,0.67,0.85,0.71,0.86,0.82,0.93,0.62,0.95,1240.19
ART_00401,141,114,16074,1.24,oil,conceptual,4,87,4.01,Bangladesh,1,1,fair,2009,118,0.99,0.61,0.70,0.93,0.66,0.89,0.72,0.49,2846.34
ART_00402,83,128,10624,0.65,pastel,conceptual,8,30,3.29,Pakistan,1,1,good,1994,37,0.81,0.88,0.39,0.50,0.89,0.49,0.85,0.45,1730.20
ART_00403,26,65,1690,0.40,charcoal,minimalism,3,191,4.98,India,1,1,fair,2013,221,0.94,0.74,0.59,0.49,0.99,0.67,0.51,0.92,926.71
ART_00404,73,57,4161,1.28,mixed_media,portrait,4,240,3.02,Italy,1,1,new,2013,117,0.99,0.89,0.37,0.82,0.92,0.99,0.45,0.75,2279.27
ART_00405,72,140,10080,0.51,digital,realism,15,196,4.04,France,1,1,new,2013,217,0.99,0.60,0.89,0.92,0.84,0.89,0.95,0.72,3379.03
ART_00406,30,21,630,1.43,ink,conceptual,0,34,3.11,Japan,1,1,excellent,1999,166,0.90,0.68,0.75,0.88,0.59,0.68,0.27,0.45,205.19
ART_00407,143,154,22022,0.93,mixed_media,pop_art,12,40,4.19,India,1,1,new,2000,198,0.99,0.73,0.54,0.57,0.97,0.66,0.83,0.96,8153.77
ART_00408,116,148,17168,0.78,ink,realism,13,199,3.36,Bangladesh,1,1,good,2024,123,0.94,0.90,0.33,0.71,0.83,0.70,0.25,0.68,3165.25
ART_00409,66,42,2772,1.57,mixed_media,abstract,6,189,4.38,UK,1,1,good,2002,140,0.88,0.83,0.41,0.50,0.67,0.57,0.41,0.52,1295.68
ART_00410,148,37,5476,4.00,acrylic,abstract,1,89,5.00,Pakistan,1,1,new,1994,158,0.99,0.80,0.79,0.71,0.76,0.52,0.60,0.82,2835.84
ART_00411,81,131,10611,0.62,mixed_media,conceptual,14,10,3.84,Pakistan,1,1,excellent,1990,36,0.71,0.76,0.58,0.84,0.83,0.49,0.50,0.45,2769.03
ART_00412,144,123,17712,1.17,oil,expressionism,20,140,3.41,Italy,1,1,fair,2003,19,0.99,0.64,0.83,0.72,0.92,0.54,0.31,0.45,4116.70
ART_00413,91,20,1820,4.55,gouache,conceptual,4,343,4.04,Canada,1,1,good,2015,10,0.99,0.70,0.57,0.75,0.66,0.57,0.80,0.63,669.70
ART_00414,67,107,7169,0.63,acrylic,pop_art,3,411,4.93,USA,1,1,excellent,2014,103,0.77,0.92,0.39,0.32,0.56,0.94,0.64,0.65,2691.29
ART_00415,90,103,9270,0.87,charcoal,pop_art,15,241,4.53,UK,0,60,good,2018,42,0.99,0.66,0.71,0.63,0.95,0.76,0.57,0.44,1250.89
ART_00416,75,28,2100,2.68,oil,realism,17,80,5.17,USA,1,1,fair,2007,94,0.99,0.69,0.61,0.31,0.65,0.82,0.83,0.92,1999.55
ART_00417,124,123,15252,1.01,oil,landscape,23,89,4.79,Pakistan,1,1,new,2024,231,0.99,0.96,0.87,0.42,0.73,0.96,0.72,0.98,9932.56
ART_00418,91,155,14105,0.59,digital,pop_art,12,316,4.54,Japan,1,1,good,2015,11,0.99,0.77,0.39,0.55,0.59,0.50,0.74,0.47,2917.94
ART_00419,156,155,24180,1.01,ink,landscape,1,12,3.96,USA,1,1,good,1991,134,0.97,0.75,0.53,0.57,0.99,0.61,0.58,0.67,3317.38
ART_00420,55,69,3795,0.80,mixed_media,landscape,25,359,5.67,UK,1,1,good,2018,52,0.99,0.71,0.55,0.73,0.92,0.51,0.79,0.85,3327.64
ART_00421,127,144,18288,0.88,mixed_media,portrait,15,402,3.98,Germany,0,28,fair,2007,30,0.99,0.86,0.44,0.64,0.69,0.69,0.97,0.56,4491.98
ART_00422,101,59,5959,1.71,gouache,landscape,15,13,4.27,Bangladesh,0,42,new,2014,165,0.99,0.62,0.86,0.69,0.65,0.93,0.89,0.47,1029.73
ART_00423,138,153,21114,0.90,pastel,realism,5,333,5.51,Pakistan,0,29,fair,2014,157,0.91,0.81,0.36,0.90,0.93,0.68,0.64,0.96,4400.67
ART_00424,67,144,9648,0.47,acrylic,expressionism,11,4,5.09,France,1,1,good,2002,219,0.84,0.68,0.77,0.37,0.57,0.86,0.50,0.84,3727.58
ART_00425,114,151,17214,0.75,gouache,pop_art,8,259,4.96,Japan,1,1,new,2014,54,0.99,0.92,0.65,0.60,0.79,0.80,0.52,0.93,5676.61
ART_00426,130,71,9230,1.83,oil,surrealism,5,397,4.20,Germany,0,73,new,1992,157,0.99,0.76,0.78,0.57,0.75,0.53,0.71,0.97,4208.14
ART_00427,120,139,16680,0.86,oil,conceptual,14,57,5.37,Germany,0,70,good,2016,128,0.99,0.53,0.43,0.78,0.63,0.91,0.47,0.73,3088.20
ART_00428,116,97,11252,1.20,oil,expressionism,25,33,4.77,India,1,1,fair,2020,189,0.99,0.80,0.67,0.90,0.56,0.80,0.29,0.45,3143.86
ART_00429,96,99,9504,0.97,charcoal,realism,23,43,4.02,USA,1,1,good,2005,236,0.99,0.68,0.46,0.36,0.59,0.89,0.75,0.72,3111.05
ART_00430,22,50,1100,0.44,oil,landscape,21,16,4.34,Japan,0,83,fair,1997,156,0.85,0.55,0.33,0.58,0.71,0.63,0.48,0.78,469.10
ART_00431,152,85,12920,1.79,charcoal,impressionism,21,361,4.39,France,1,1,fair,2013,191,0.98,0.92,0.43,0.84,0.59,0.89,0.62,0.58,3386.05
ART_00432,95,31,2945,3.06,gouache,landscape,12,64,5.19,Bangladesh,0,84,excellent,2018,236,0.77,0.56,0.46,0.54,0.68,0.53,0.31,0.72,625.77
ART_00433,68,53,3604,1.28,acrylic,landscape,5,38,3.43,Bangladesh,1,1,new,2015,192,0.74,0.85,0.80,0.90,0.96,0.92,0.90,0.82,1486.25
ART_00434,75,116,8700,0.65,oil,portrait,22,261,4.91,France,0,18,good,2006,82,0.88,0.76,0.69,0.64,0.72,0.60,0.36,0.53,2860.67
ART_00435,114,79,9006,1.44,acrylic,pop_art,3,97,3.52,Bangladesh,1,1,good,2013,98,0.99,0.73,0.77,0.64,0.57,0.71,0.91,0.92,2786.62
ART_00436,34,93,3162,0.37,watercolor,realism,16,45,4.28,India,1,1,fair,2007,35,0.99,0.95,0.38,0.63,0.65,0.65,0.61,0.64,1120.77
ART_00437,86,22,1892,3.91,watercolor,impressionism,6,289,4.12,UK,1,1,fair,2025,138,0.99,0.63,0.74,0.70,0.71,0.83,0.78,0.78,887.50
ART_00438,25,119,2975,0.21,acrylic,expressionism,9,117,4.79,Germany,1,1,new,1995,213,0.88,0.64,0.78,0.92,0.71,0.49,0.95,0.81,2046.75
ART_00439,65,101,6565,0.64,digital,minimalism,1,27,3.60,USA,1,1,good,2014,68,0.82,0.81,0.46,0.64,0.80,0.49,0.73,0.88,1209.40
ART_00440,29,48,1392,0.60,mixed_media,portrait,21,28,3.18,UAE,1,1,good,2010,18,0.99,0.64,0.69,0.59,0.65,0.60,0.52,0.95,922.04
ART_00441,24,66,1584,0.36,pastel,landscape,6,274,4.54,UAE,1,1,excellent,2013,50,0.99,0.61,0.31,0.79,0.69,0.54,0.29,0.97,838.02
ART_00442,87,156,13572,0.56,digital,portrait,0,145,3.25,France,1,1,excellent,2020,216,0.94,0.81,0.44,0.88,0.93,0.74,0.65,0.72,2643.94
ART_00443,148,65,9620,2.28,ink,landscape,8,76,3.86,USA,1,1,new,1991,236,0.72,0.68,0.76,0.66,0.70,0.79,0.80,0.47,1588.87
ART_00444,81,121,9801,0.67,watercolor,landscape,8,64,3.62,Turkey,0,70,excellent,2010,74,0.81,0.76,0.30,0.83,0.71,0.67,0.64,0.53,1167.04
ART_00445,76,70,5320,1.09,digital,portrait,15,49,4.48,USA,1,1,fair,2014,222,0.80,0.58,0.74,0.93,0.95,0.88,0.52,0.93,1572.66
ART_00446,27,151,4077,0.18,digital,impressionism,0,248,3.20,Turkey,1,1,good,1991,186,0.89,0.78,0.88,0.50,0.79,0.84,0.29,0.97,1495.99
ART_00447,137,95,13015,1.44,charcoal,surrealism,25,41,4.81,USA,1,1,good,2022,71,0.99,0.65,0.37,0.35,0.96,0.65,0.43,0.82,4214.20
ART_00448,71,92,6532,0.77,digital,portrait,23,340,4.54,Pakistan,0,83,new,1994,73,0.99,0.75,0.59,0.78,0.57,0.54,0.33,0.89,1986.96
ART_00449,131,76,9956,1.72,acrylic,surrealism,7,355,4.32,Italy,1,1,fair,2018,185,0.99,0.70,0.60,0.46,0.74,0.98,0.68,0.79,4648.73
ART_00450,56,130,7280,0.43,mixed_media,pop_art,2,220,4.63,UK,1,1,excellent,2007,13,0.75,0.65,0.50,0.92,0.70,0.94,0.43,0.48,2059.84
ART_00451,110,136,14960,0.81,pastel,impressionism,11,1,3.49,Bangladesh,0,79,excellent,1994,20,0.95,0.81,0.67,0.56,0.79,0.84,0.29,0.69,2000.05
ART_00452,131,22,2882,5.95,watercolor,minimalism,19,118,3.80,India,0,34,fair,1995,139,0.93,0.62,0.59,0.56,0.82,0.53,0.30,0.78,878.59
ART_00453,23,145,3335,0.16,mixed_media,pop_art,15,4,5.37,Japan,0,24,good,2017,67,0.90,0.65,0.68,0.52,0.71,0.66,0.34,0.62,1087.41
ART_00454,123,138,16974,0.89,charcoal,minimalism,22,356,4.56,USA,1,1,new,2021,52,0.99,0.83,0.47,0.62,0.76,0.75,0.67,0.92,5529.05
ART_00455,111,46,5106,2.41,gouache,abstract,23,3,3.44,France,1,1,new,2011,14,0.99,0.81,0.81,0.47,0.80,0.53,0.60,0.43,1610.58
ART_00456,127,99,12573,1.28,acrylic,minimalism,8,24,4.37,India,1,1,excellent,2004,178,0.99,0.70,0.38,0.57,0.93,0.92,0.89,0.92,5622.94
ART_00457,142,37,5254,3.84,charcoal,conceptual,2,417,3.84,Germany,0,73,fair,2020,169,0.99,0.68,0.75,0.37,0.87,0.80,0.57,0.52,862.43
ART_00458,30,34,1020,0.88,digital,realism,13,223,5.24,Bangladesh,1,1,new,2013,57,0.99,0.75,0.64,0.47,0.89,0.76,0.74,0.58,860.91
ART_00459,125,91,11375,1.37,gouache,minimalism,20,0,5.05,Italy,1,1,good,2013,242,0.83,0.95,0.60,0.80,0.85,0.72,0.29,0.86,3168.78
ART_00460,136,154,20944,0.88,acrylic,landscape,13,105,3.18,USA,1,1,good,2022,118,0.99,0.96,0.69,0.39,0.96,0.84,0.85,0.92,5762.44
ART_00461,44,86,3784,0.51,watercolor,conceptual,12,16,4.64,USA,1,1,excellent,2013,238,0.72,0.95,0.31,0.86,0.51,0.86,0.82,0.92,1586.45
ART_00462,74,144,10656,0.51,acrylic,minimalism,5,132,3.78,India,1,1,new,2004,66,0.84,0.58,0.30,0.52,0.53,0.79,0.83,0.62,3059.82
ART_00463,126,95,11970,1.33,charcoal,abstract,19,189,5.71,France,1,1,good,2025,34,0.99,0.76,0.39,0.43,0.65,0.69,0.47,0.83,3573.67
ART_00464,142,82,11644,1.73,charcoal,pop_art,11,29,4.74,Japan,0,52,good,2017,228,0.98,0.80,0.40,0.75,0.97,0.95,0.72,0.95,2408.11
ART_00465,122,56,6832,2.18,charcoal,minimalism,13,62,4.22,Bangladesh,1,1,new,2004,135,0.99,0.88,0.48,0.81,0.99,0.99,0.58,0.89,3000.96
ART_00466,116,25,2900,4.64,gouache,landscape,23,72,4.38,Germany,1,1,fair,2011,101,0.99,0.67,0.81,0.94,0.78,0.97,0.32,0.68,1086.87
ART_00467,43,145,6235,0.30,mixed_media,realism,15,240,4.01,Japan,0,23,excellent,2005,180,0.95,0.83,0.76,0.85,0.71,0.99,0.92,0.68,3470.71
ART_00468,143,139,19877,1.03,charcoal,landscape,7,11,3.85,Turkey,0,23,good,2025,232,0.65,0.84,0.84,0.60,0.61,0.57,0.69,0.61,1837.66
ART_00469,84,62,5208,1.35,acrylic,impressionism,21,147,4.85,Canada,1,1,excellent,1994,196,0.90,0.80,0.48,0.47,0.88,0.55,0.47,0.66,3873.08
ART_00470,76,123,9348,0.62,acrylic,conceptual,0,16,2.85,UK,1,1,good,2020,183,0.75,0.78,0.49,0.40,0.73,0.67,0.52,0.45,1305.44
ART_00471,57,56,3192,1.02,gouache,expressionism,22,414,5.00,UAE,0,75,good,2016,32,0.99,0.65,0.42,0.50,0.71,0.58,0.58,0.84,1097.69
ART_00472,61,81,4941,0.75,gouache,abstract,25,199,3.77,Bangladesh,1,1,excellent,1991,221,0.93,0.76,0.74,0.32,0.90,0.91,0.26,0.78,2942.38
ART_00473,118,152,17936,0.78,acrylic,conceptual,9,412,4.95,Turkey,0,7,fair,2023,228,0.99,0.54,0.54,0.85,0.70,0.54,0.45,0.93,4208.48
ART_00474,89,46,4094,1.93,watercolor,impressionism,12,126,3.82,USA,1,1,excellent,1994,94,0.98,0.92,0.58,0.64,0.77,0.89,0.34,0.53,1939.01
ART_00475,109,63,6867,1.73,oil,surrealism,8,99,4.27,Bangladesh,0,66,excellent,2013,140,0.99,0.70,0.45,0.74,0.67,0.72,0.65,0.88,2526.26
ART_00476,95,65,6175,1.46,oil,conceptual,18,241,4.47,India,1,1,fair,1990,20,0.86,0.95,0.76,0.64,0.73,0.92,0.77,0.48,3335.96
ART_00477,118,122,14396,0.97,gouache,minimalism,9,1,3.06,Japan,1,1,new,1997,154,0.76,0.76,0.36,0.63,0.94,0.76,0.65,0.54,2673.99
ART_00478,39,32,1248,1.22,pastel,pop_art,8,226,4.13,USA,1,1,excellent,2004,91,0.99,0.73,0.47,0.49,0.81,0.95,0.44,0.72,966.37
ART_00479,92,95,8740,0.97,pastel,conceptual,8,248,4.72,Pakistan,0,44,fair,2017,237,0.99,0.48,0.63,0.95,0.84,0.98,0.87,0.96,2088.38
ART_00480,67,22,1474,3.05,ink,impressionism,24,92,4.24,France,1,1,new,1992,69,0.99,0.88,0.64,0.57,0.58,0.67,0.46,0.83,980.02
ART_00481,68,140,9520,0.49,gouache,minimalism,8,335,5.43,UAE,0,56,fair,2017,114,0.99,0.78,0.59,0.45,0.86,0.61,0.87,0.93,2224.21
ART_00482,71,133,9443,0.53,charcoal,surrealism,25,22,5.33,Japan,1,1,good,2004,185,0.99,0.58,0.39,0.43,0.67,0.82,0.95,0.73,3601.76
ART_00483,44,55,2420,0.80,mixed_media,portrait,24,175,4.42,Canada,1,1,excellent,1998,8,0.95,0.80,0.57,0.35,0.94,0.89,0.72,0.65,2101.89
ART_00484,86,117,10062,0.74,acrylic,surrealism,3,326,3.15,Bangladesh,1,1,excellent,2009,98,0.73,0.85,0.82,0.87,0.68,0.98,0.26,0.47,2733.16
ART_00485,106,125,13250,0.85,pastel,landscape,19,79,3.21,Japan,1,1,fair,2009,206,0.99,0.79,0.68,0.38,0.58,0.62,0.94,0.76,2635.45
ART_00486,142,57,8094,2.49,gouache,landscape,23,229,3.83,USA,1,1,good,2016,135,0.99,0.82,0.35,0.95,0.62,0.89,0.46,0.54,2334.11
ART_00487,127,134,17018,0.95,ink,conceptual,3,4,4.03,USA,1,1,good,2007,111,0.94,0.88,0.53,0.91,0.86,0.53,0.96,0.62,2622.82
ART_00488,34,88,2992,0.39,digital,landscape,4,200,5.42,Canada,1,1,good,2014,188,0.76,0.56,0.88,0.46,0.80,0.72,0.69,0.46,1006.62
ART_00489,130,94,12220,1.38,oil,surrealism,21,33,3.31,Italy,1,1,fair,1991,150,0.99,0.74,0.32,0.83,0.74,0.93,0.47,0.42,3898.43
ART_00490,33,148,4884,0.22,acrylic,realism,14,282,5.42,Bangladesh,0,80,fair,1997,187,0.99,0.77,0.84,0.78,0.72,0.68,0.69,0.83,2100.52
ART_00491,89,61,5429,1.46,mixed_media,pop_art,22,397,3.77,India,0,74,excellent,1992,28,0.99,0.65,0.56,0.45,0.61,0.89,0.91,0.66,2236.98
ART_00492,147,119,17493,1.24,gouache,pop_art,7,186,3.99,Italy,1,1,fair,1991,27,0.86,0.86,0.68,0.90,0.61,0.89,0.84,0.47,2597.74
ART_00493,28,96,2688,0.29,acrylic,surrealism,6,8,4.09,USA,1,1,new,2001,17,0.60,0.63,0.78,0.58,0.58,0.75,0.92,0.82,1086.18
ART_00494,154,29,4466,5.31,digital,expressionism,6,5,3.85,USA,0,35,fair,2001,155,0.62,0.71,0.64,0.95,0.84,0.81,0.52,0.69,629.63
ART_00495,159,78,12402,2.04,charcoal,landscape,5,255,3.96,Japan,1,1,good,2021,10,0.99,0.95,0.84,0.63,0.56,0.73,0.39,0.91,2856.67
ART_00496,31,46,1426,0.67,oil,expressionism,6,48,3.20,USA,1,1,fair,1996,90,0.75,0.83,0.42,0.36,0.64,0.81,0.57,0.86,787.69
ART_00497,70,69,4830,1.01,oil,conceptual,23,136,3.26,Bangladesh,1,1,fair,1996,163,0.99,0.92,0.60,0.73,0.93,0.93,0.50,0.46,2326.32
ART_00498,158,33,5214,4.79,watercolor,minimalism,3,364,4.61,Canada,1,1,excellent,2003,235,0.86,0.57,0.34,0.55,0.99,0.75,0.93,0.54,2044.39
ART_00499,30,151,4530,0.20,charcoal,realism,23,192,4.55,India,0,5,new,1991,40,0.99,0.84,0.37,0.48,0.57,0.60,0.40,0.48,1622.38
ART_00500,99,87,8613,1.14,gouache,realism,4,5,3.31,India,1,1,new,2020,121,0.59,0.93,0.60,0.64,0.55,0.77,0.30,0.48,1198.46
ART_00501,66,125,8250,0.53,watercolor,impressionism,4,45,4.25,UAE,1,1,excellent,2010,179,0.99,0.77,0.30,0.40,0.99,0.88,0.61,0.89,2934.45
ART_00502,100,129,12900,0.78,charcoal,abstract,3,4,2.85,Pakistan,1,1,good,2023,228,0.58,0.77,0.45,0.85,0.96,0.70,0.62,0.94,1827.81
ART_00503,90,37,3330,2.43,acrylic,landscape,1,368,5.19,Germany,1,1,excellent,2017,247,0.86,0.70,0.48,0.59,0.64,0.58,0.47,0.97,2633.82
ART_00504,121,110,13310,1.10,gouache,expressionism,10,284,3.25,Italy,1,1,good,1997,214,0.89,0.88,0.52,0.69,0.53,0.54,0.42,0.55,2780.60
ART_00505,25,78,1950,0.32,oil,conceptual,5,177,4.24,Italy,1,1,good,1996,91,0.99,0.87,0.38,0.84,0.71,0.53,0.66,0.78,1548.84
ART_00506,31,160,4960,0.19,mixed_media,landscape,10,191,4.38,Bangladesh,1,1,excellent,2001,233,0.99,0.85,0.74,0.63,0.94,0.69,0.34,0.81,3452.72
ART_00507,102,22,2244,4.64,watercolor,conceptual,2,132,3.84,Canada,1,1,new,1991,80,0.71,0.91,0.42,0.32,0.75,0.92,0.35,0.74,931.07
ART_00508,152,32,4864,4.75,acrylic,landscape,8,260,5.63,France,1,1,new,1992,118,0.99,0.73,0.58,0.75,0.99,0.54,0.95,0.78,4142.99
ART_00509,39,55,2145,0.71,watercolor,abstract,22,55,3.99,Japan,1,1,good,2010,81,0.99,0.89,0.82,0.49,0.78,0.81,0.52,0.62,1251.74
ART_00510,27,39,1053,0.69,watercolor,conceptual,8,345,3.55,Bangladesh,1,1,excellent,2022,162,0.99,0.95,0.74,0.38,0.99,0.94,0.86,0.84,1049.21
ART_00511,157,55,8635,2.85,digital,surrealism,4,1,3.12,Turkey,1,1,good,2000,217,0.75,0.82,0.69,0.59,0.94,0.95,0.81,0.53,2094.83
ART_00512,40,44,1760,0.91,digital,impressionism,5,66,3.38,India,1,1,excellent,2025,30,0.88,0.66,0.77,0.82,0.58,0.57,0.76,0.99,630.61
ART_00513,33,150,4950,0.22,watercolor,abstract,24,90,3.92,Turkey,0,24,fair,2008,82,0.92,0.69,0.29,0.46,0.55,0.53,0.43,0.93,1459.86
ART_00514,111,157,17427,0.71,pastel,landscape,18,348,4.20,USA,1,1,new,2024,210,0.99,0.94,0.45,0.59,0.99,0.61,0.87,0.52,5070.15
ART_00515,129,36,4644,3.58,gouache,expressionism,7,83,3.29,UAE,1,1,good,1993,112,0.81,0.90,0.49,0.86,0.66,0.64,0.45,0.77,1440.95
ART_00516,117,50,5850,2.34,oil,landscape,14,273,3.99,UAE,1,1,good,2006,243,0.99,0.75,0.64,0.92,0.95,0.90,0.75,0.73,4517.17
ART_00517,80,40,3200,2.00,charcoal,expressionism,17,209,3.46,UK,0,9,excellent,2021,48,0.99,0.80,0.71,0.44,0.90,0.71,0.69,0.92,1108.11
ART_00518,123,46,5658,2.67,watercolor,expressionism,5,133,4.63,Germany,0,79,excellent,2020,79,0.99,0.78,0.45,0.68,0.56,0.74,0.80,0.83,1058.20
ART_00519,71,147,10437,0.48,ink,conceptual,0,230,4.38,UK,1,1,good,1995,66,0.95,0.61,0.71,0.54,0.95,0.75,0.63,0.44,1953.94
ART_00520,50,110,5500,0.45,watercolor,minimalism,3,4,2.61,USA,1,1,excellent,2018,110,0.76,0.64,0.75,0.90,0.55,0.76,0.60,0.43,771.42
ART_00521,41,125,5125,0.33,pastel,surrealism,25,25,3.43,Pakistan,1,1,fair,2001,63,0.86,0.84,0.33,0.39,0.76,0.71,0.60,0.67,1437.14
ART_00522,51,124,6324,0.41,digital,surrealism,14,36,3.25,UAE,1,1,excellent,1994,37,0.98,0.89,0.48,0.87,0.55,0.99,0.33,0.87,2142.99
ART_00523,70,126,8820,0.56,digital,portrait,6,310,4.25,Germany,1,1,excellent,2002,131,0.82,0.76,0.70,0.31,0.55,0.54,0.95,0.83,2532.30
ART_00524,78,71,5538,1.10,gouache,impressionism,11,0,5.23,India,1,1,fair,1993,116,0.67,0.96,0.43,0.70,0.82,0.95,0.68,0.96,1985.01
ART_00525,68,155,10540,0.44,charcoal,impressionism,10,398,4.90,India,1,1,new,2022,233,0.99,0.63,0.29,0.42,0.82,0.83,0.29,0.42,2720.24
ART_00526,123,148,18204,0.83,watercolor,minimalism,8,318,3.86,Japan,0,60,fair,2017,143,0.89,0.85,0.71,0.54,0.93,0.60,0.63,0.68,2299.18
ART_00527,81,97,7857,0.84,gouache,expressionism,4,179,5.15,Turkey,1,1,excellent,2006,193,0.99,0.84,0.58,0.34,0.75,0.61,0.73,0.71,3190.88
ART_00528,65,29,1885,2.24,mixed_media,surrealism,10,216,4.42,USA,0,18,fair,2026,141,0.99,0.78,0.63,0.60,0.87,0.78,0.61,0.73,1162.60
ART_00529,138,157,21666,0.88,oil,minimalism,2,1,3.00,UAE,1,1,excellent,2013,203,0.72,0.82,0.68,0.89,0.69,0.59,0.29,0.55,3350.24
ART_00530,152,142,21584,1.07,pastel,realism,13,150,3.60,India,1,1,good,2022,231,0.99,0.65,0.89,0.41,0.69,0.66,0.42,0.72,3958.96
ART_00531,94,80,7520,1.18,gouache,surrealism,10,50,4.58,Turkey,1,1,new,2006,19,0.99,0.59,0.49,0.43,0.67,0.78,0.96,0.98,2763.34
ART_00532,106,135,14310,0.79,ink,realism,0,5,3.98,Germany,1,1,fair,2018,181,0.72,0.61,0.82,0.33,0.83,0.86,0.72,0.74,1555.29
ART_00533,26,74,1924,0.35,mixed_media,surrealism,0,411,3.33,UAE,1,1,excellent,2014,93,0.99,0.77,0.76,0.88,0.86,0.88,0.30,0.43,1229.01
ART_00534,97,89,8633,1.09,gouache,conceptual,12,115,4.53,Japan,0,45,new,1990,205,0.99,0.77,0.89,0.40,0.99,0.75,0.35,0.49,1652.60
ART_00535,120,61,7320,1.97,watercolor,expressionism,0,44,3.02,Italy,1,1,good,2003,235,0.69,0.93,0.77,0.59,0.81,0.98,0.52,0.87,1772.01
ART_00536,134,55,7370,2.44,acrylic,expressionism,23,417,4.69,UAE,0,46,good,2013,15,0.97,0.56,0.44,0.79,0.92,0.94,0.34,0.68,2438.77
ART_00537,122,100,12200,1.22,watercolor,pop_art,9,124,5.27,Canada,0,44,new,1994,210,0.77,0.52,0.28,0.94,0.65,0.80,0.90,0.53,2303.71
ART_00538,132,70,9240,1.89,mixed_media,surrealism,1,308,3.12,Italy,1,1,good,2018,173,0.99,0.73,0.81,0.58,0.93,0.62,0.73,0.78,3072.37
ART_00539,21,118,2478,0.18,ink,pop_art,6,27,4.52,France,1,1,new,1992,142,0.96,0.76,0.84,0.77,0.81,0.89,0.35,0.94,1064.24
ART_00540,158,130,20540,1.22,ink,impressionism,2,298,5.16,Turkey,1,1,excellent,1991,116,0.99,0.62,0.36,0.47,0.99,0.64,0.73,0.63,5160.89
ART_00541,104,120,12480,0.87,watercolor,minimalism,22,275,5.80,Bangladesh,1,1,excellent,2009,108,0.99,0.57,0.83,0.82,0.58,0.96,0.31,0.74,4010.36
ART_00542,145,40,5800,3.63,oil,portrait,5,19,3.54,Turkey,1,1,new,1990,74,0.65,0.80,0.76,0.83,0.87,0.83,0.64,0.78,2577.03
ART_00543,129,114,14706,1.13,charcoal,landscape,23,290,5.76,UAE,1,1,excellent,2000,141,0.99,0.77,0.60,0.42,0.77,0.85,0.78,0.49,4677.78
ART_00544,89,87,7743,1.02,pastel,conceptual,14,167,3.48,Germany,1,1,new,2022,160,0.83,0.62,0.52,0.58,0.76,0.58,0.88,0.84,2084.65
ART_00545,56,117,6552,0.48,mixed_media,surrealism,9,5,5.02,Japan,1,1,new,2019,72,0.68,0.70,0.80,0.37,0.55,0.82,0.75,0.79,2818.91
ART_00546,125,100,12500,1.25,acrylic,expressionism,8,121,3.42,Germany,1,1,excellent,1990,45,0.86,0.93,0.75,0.77,0.92,0.69,0.59,0.64,4395.22
ART_00547,156,89,13884,1.75,digital,expressionism,11,191,4.25,Canada,1,1,good,2007,127,0.87,0.81,0.43,0.58,0.98,0.64,0.61,0.48,3462.47
ART_00548,61,119,7259,0.51,charcoal,portrait,1,343,4.72,India,0,42,new,2023,112,0.85,0.56,0.63,0.82,0.77,0.80,0.78,0.48,1247.41
ART_00549,139,28,3892,4.96,gouache,portrait,12,103,4.14,UAE,1,1,excellent,2015,241,0.94,0.65,0.56,0.85,0.60,0.88,0.52,0.94,1761.13
ART_00550,140,89,12460,1.57,charcoal,expressionism,10,1,4.03,USA,1,1,excellent,1994,200,0.99,0.93,0.81,0.91,0.91,0.74,0.33,0.43,2564.24
ART_00551,88,134,11792,0.66,ink,pop_art,23,0,3.53,Germany,1,1,good,2017,93,0.91,0.96,0.64,0.47,0.85,0.53,0.94,0.61,2431.90
ART_00552,29,79,2291,0.37,pastel,surrealism,6,259,4.46,India,1,1,fair,2019,42,0.99,0.63,0.66,0.73,0.69,0.58,0.72,0.66,1026.42
ART_00553,74,67,4958,1.10,charcoal,landscape,6,172,4.05,Bangladesh,0,68,good,2014,169,0.99,0.67,0.62,0.42,0.73,0.50,0.89,0.65,818.45
ART_00554,40,47,1880,0.85,mixed_media,conceptual,15,252,3.82,Bangladesh,1,1,excellent,1999,67,0.99,0.95,0.55,0.36,0.83,0.85,0.81,0.66,1803.06
ART_00555,139,146,20294,0.95,acrylic,abstract,0,147,2.91,India,0,68,good,1997,123,0.93,0.79,0.39,0.59,0.63,0.73,0.73,0.48,1894.41
ART_00556,147,143,21021,1.03,mixed_media,conceptual,2,9,4.97,India,1,1,good,1992,15,0.66,0.95,0.49,0.84,0.90,0.64,0.32,0.79,4135.13
ART_00557,103,46,4738,2.24,digital,pop_art,13,254,3.39,Italy,1,1,new,2009,47,0.99,0.72,0.64,0.66,0.85,0.87,0.53,0.46,1557.76
ART_00558,45,141,6345,0.32,watercolor,portrait,25,344,5.22,Pakistan,1,1,fair,2005,236,0.99,0.82,0.34,0.48,0.98,0.55,0.85,0.98,4050.17
ART_00559,98,129,12642,0.76,acrylic,portrait,1,180,3.67,Canada,1,1,new,2009,210,0.99,0.80,0.67,0.47,0.86,0.91,0.64,0.75,3790.07
ART_00560,149,145,21605,1.03,gouache,realism,13,24,3.36,Japan,1,1,good,2000,153,0.99,0.66,0.86,0.93,0.64,0.90,0.25,0.41,3061.08
ART_00561,97,158,15326,0.61,acrylic,realism,14,0,3.92,UK,1,1,new,2023,25,0.67,0.83,0.72,0.32,0.91,0.85,0.74,0.63,3199.66
ART_00562,141,109,15369,1.29,mixed_media,expressionism,25,360,4.73,Pakistan,1,1,new,2004,182,0.99,0.60,0.70,0.64,0.71,0.68,0.58,0.72,7246.19
ART_00563,25,151,3775,0.17,watercolor,realism,14,194,4.21,Pakistan,1,1,new,2013,96,0.99,0.59,0.73,0.67,0.93,0.72,0.80,0.96,2461.30
ART_00564,109,108,11772,1.01,pastel,expressionism,1,99,3.69,Germany,1,1,new,2013,60,0.78,0.85,0.68,0.57,0.65,0.92,0.79,0.91,3062.03
ART_00565,144,130,18720,1.11,digital,pop_art,23,193,4.85,Bangladesh,1,1,fair,2016,25,0.99,0.96,0.34,0.92,0.92,0.91,0.27,0.54,4209.30
ART_00566,156,106,16536,1.47,ink,abstract,11,109,4.04,UAE,1,1,good,2002,217,0.99,0.78,0.87,0.46,0.98,0.56,0.58,0.97,4824.78
ART_00567,40,31,1240,1.29,mixed_media,impressionism,1,25,2.80,Bangladesh,1,1,fair,2020,79,0.77,0.89,0.70,0.53,0.96,0.74,0.87,0.77,516.11
ART_00568,40,155,6200,0.26,acrylic,conceptual,8,281,3.65,UK,1,1,good,2020,164,0.99,0.89,0.80,0.71,0.56,0.82,0.97,0.75,2982.38
ART_00569,31,61,1891,0.51,oil,landscape,4,112,4.47,Bangladesh,1,1,good,2023,13,0.99,0.80,0.30,0.91,0.98,0.54,0.34,0.95,1123.39
ART_00570,39,69,2691,0.57,watercolor,surrealism,23,103,5.45,UK,0,14,excellent,1998,83,0.89,0.85,0.60,0.84,0.92,0.89,0.36,0.93,1769.09
ART_00571,77,47,3619,1.64,pastel,surrealism,6,4,3.77,Italy,1,1,fair,2013,133,0.77,0.83,0.43,0.34,0.78,0.49,0.55,0.87,949.79
ART_00572,66,79,5214,0.84,charcoal,conceptual,7,1,3.57,Pakistan,1,1,fair,2016,67,0.77,0.59,0.49,0.59,0.55,0.98,0.47,0.46,666.55
ART_00573,121,67,8107,1.81,pastel,realism,9,30,4.82,Germany,1,1,fair,2008,107,0.99,0.79,0.90,0.72,0.59,0.94,0.35,0.52,1873.93
ART_00574,95,93,8835,1.02,oil,conceptual,12,376,4.36,Turkey,1,1,fair,2018,198,0.98,0.58,0.39,0.92,0.99,0.51,0.90,0.65,3586.79
ART_00575,59,46,2714,1.28,digital,minimalism,1,0,4.55,Japan,1,1,good,1995,158,0.66,0.87,0.46,0.35,0.94,0.87,0.38,0.49,851.52
ART_00576,108,100,10800,1.08,watercolor,landscape,6,0,2.85,Germany,1,1,new,2005,29,0.88,0.67,0.74,0.37,0.83,0.83,0.60,0.93,2497.96
ART_00577,116,33,3828,3.52,gouache,surrealism,16,288,4.19,Germany,1,1,excellent,2010,171,0.91,0.93,0.64,0.35,0.90,0.94,0.37,0.52,1970.02
ART_00578,49,107,5243,0.46,digital,pop_art,25,1,4.70,Germany,1,1,new,2001,116,0.99,0.75,0.34,0.65,0.71,0.63,0.32,0.55,1853.55
ART_00579,33,43,1419,0.77,charcoal,pop_art,5,256,3.15,Italy,0,45,new,2023,44,0.83,0.78,0.89,0.56,0.96,0.87,0.37,0.42,323.92
ART_00580,82,50,4100,1.64,charcoal,landscape,8,147,5.43,USA,0,43,fair,2005,166,0.85,0.60,0.44,0.72,0.74,0.81,0.90,0.56,796.87
ART_00581,56,74,4144,0.76,watercolor,expressionism,2,276,3.14,Japan,1,1,new,2007,241,0.99,0.94,0.44,0.54,0.75,0.65,0.79,0.72,1661.81
ART_00582,122,130,15860,0.94,acrylic,portrait,12,44,3.63,Japan,1,1,fair,1992,58,0.99,0.86,0.84,0.72,0.82,0.55,0.37,0.78,4248.41
ART_00583,114,140,15960,0.81,digital,portrait,1,338,3.81,Germany,1,1,good,2021,203,0.74,0.80,0.90,0.64,0.86,0.78,0.34,0.93,3639.17
ART_00584,53,99,5247,0.54,watercolor,pop_art,2,16,4.11,Pakistan,0,83,fair,2011,217,0.78,0.59,0.30,0.70,0.94,0.70,0.25,0.45,417.35
ART_00585,158,79,12482,2.00,oil,minimalism,1,100,3.51,Bangladesh,1,1,good,1998,222,0.99,0.81,0.47,0.66,0.92,0.71,0.64,0.85,4350.08
ART_00586,54,101,5454,0.53,acrylic,realism,11,7,3.51,India,1,1,new,1994,200,0.86,0.60,0.79,0.56,0.77,0.84,0.40,0.43,1588.65
ART_00587,40,40,1600,1.00,oil,pop_art,21,16,4.70,USA,0,57,fair,2012,181,0.87,0.49,0.59,0.95,0.99,0.95,0.37,0.76,868.36
ART_00588,65,55,3575,1.18,ink,pop_art,25,5,3.25,India,1,1,new,1992,115,0.99,0.90,0.36,0.39,0.75,0.75,0.73,0.95,1688.23
ART_00589,101,43,4343,2.35,mixed_media,portrait,21,2,3.22,Turkey,1,1,new,2023,135,0.86,0.89,0.68,0.61,0.79,0.98,0.59,0.41,1895.17
ART_00590,147,32,4704,4.59,pastel,minimalism,8,97,4.19,USA,0,60,good,2007,104,0.79,0.59,0.88,0.64,0.95,0.78,0.87,0.86,1167.35
ART_00591,60,113,6780,0.53,pastel,realism,16,81,4.51,Japan,1,1,fair,1999,102,0.99,0.94,0.49,0.32,0.61,0.83,0.60,0.89,2057.03
ART_00592,48,43,2064,1.12,oil,abstract,17,46,3.70,India,1,1,excellent,1991,106,0.99,0.82,0.58,0.88,0.78,0.99,0.51,0.97,2176.58
ART_00593,139,52,7228,2.67,mixed_media,conceptual,2,1,3.90,Canada,1,1,good,2019,112,0.53,0.64,0.86,0.82,0.68,0.49,0.82,0.92,1663.84
ART_00594,87,146,12702,0.60,gouache,expressionism,23,141,4.46,Japan,1,1,fair,2007,51,0.99,0.91,0.69,0.86,0.92,0.82,0.93,0.72,3691.85
ART_00595,82,62,5084,1.32,acrylic,impressionism,24,2,5.33,UAE,1,1,good,1994,174,0.99,0.77,0.56,0.53,0.61,0.66,0.27,0.78,2525.37
ART_00596,144,103,14832,1.40,gouache,realism,2,128,3.60,USA,1,1,fair,2021,155,0.83,0.62,0.43,0.66,0.67,0.88,0.39,0.73,2231.52
ART_00597,131,122,15982,1.07,gouache,surrealism,25,309,4.53,Canada,0,7,fair,2017,70,0.99,0.71,0.79,0.67,0.57,0.85,0.43,0.73,3019.06
ART_00598,130,79,10270,1.65,acrylic,abstract,5,392,5.00,Italy,1,1,new,2014,138,0.99,0.66,0.53,0.51,0.78,0.76,0.78,0.88,6162.02
ART_00599,98,77,7546,1.27,acrylic,expressionism,0,327,3.02,India,1,1,fair,2018,75,0.99,0.60,0.54,0.75,0.74,0.77,0.65,0.94,2488.05
ART_00600,50,101,5050,0.50,mixed_media,abstract,13,338,5.15,Germany,1,1,new,2020,183,0.82,0.75,0.60,0.58,0.74,0.91,0.81,0.43,2804.50
ART_00601,68,70,4760,0.97,pastel,realism,4,150,4.99,Italy,0,41,excellent,1992,105,0.84,0.62,0.41,0.79,0.99,0.77,0.66,0.98,1515.49
ART_00602,106,79,8374,1.34,acrylic,realism,2,66,3.51,Pakistan,1,1,fair,2005,202,0.72,0.64,0.87,0.92,0.73,0.63,0.80,0.43,1254.49
ART_00603,104,54,5616,1.93,watercolor,conceptual,5,7,3.23,Italy,1,1,new,2010,56,0.59,0.59,0.90,0.82,0.75,0.53,0.55,0.77,1001.07
ART_00604,66,24,1584,2.75,pastel,conceptual,18,351,3.88,Japan,1,1,fair,2023,209,0.99,0.82,0.79,0.80,0.99,0.99,0.96,0.81,1318.28
ART_00605,89,77,6853,1.16,oil,conceptual,4,107,5.27,France,1,1,new,2002,128,0.87,0.63,0.72,0.50,0.78,0.66,0.30,0.67,2858.59
ART_00606,71,123,8733,0.58,mixed_media,portrait,13,34,5.29,USA,0,50,excellent,2010,21,0.98,0.61,0.39,0.81,0.99,0.67,0.26,0.88,2202.30
ART_00607,42,123,5166,0.34,pastel,portrait,3,7,4.44,UAE,1,1,good,1999,169,0.99,0.89,0.83,0.72,0.61,0.78,0.51,0.73,1617.59
ART_00608,137,129,17673,1.06,oil,conceptual,22,182,3.56,UAE,0,8,good,2001,154,0.99,0.64,0.62,0.91,0.67,0.96,0.72,0.84,6088.81
ART_00609,113,88,9944,1.28,mixed_media,surrealism,3,77,3.94,USA,1,1,good,2015,79,0.99,0.65,0.51,0.66,0.67,0.79,0.93,0.72,2700.27
ART_00610,40,98,3920,0.41,acrylic,portrait,23,322,3.74,France,1,1,fair,2017,19,0.99,0.94,0.42,0.54,0.99,0.70,0.59,0.68,2310.30
ART_00611,25,151,3775,0.17,acrylic,impressionism,5,60,3.38,Japan,1,1,good,2023,45,0.81,0.84,0.38,0.88,0.96,0.94,0.50,0.97,1862.85
ART_00612,36,100,3600,0.36,ink,pop_art,25,164,5.74,Italy,0,66,fair,1992,108,0.99,0.69,0.32,0.70,0.91,0.65,0.32,0.72,1061.45
ART_00613,146,80,11680,1.82,mixed_media,conceptual,5,4,3.26,UK,1,1,new,1990,94,0.64,0.92,0.78,0.93,0.55,0.75,0.32,0.98,2913.72
ART_00614,113,109,12317,1.04,gouache,conceptual,25,7,3.15,Pakistan,1,1,excellent,1997,193,0.99,0.58,0.72,0.47,0.97,0.57,0.54,0.41,2453.23
ART_00615,100,77,7700,1.30,oil,abstract,0,143,2.93,Germany,1,1,excellent,2024,205,0.97,0.69,0.70,0.31,0.89,0.62,0.94,0.92,3633.96
ART_00616,150,160,24000,0.94,charcoal,pop_art,13,187,4.81,Japan,1,1,excellent,1993,144,0.99,0.72,0.46,0.93,0.84,0.95,0.76,0.96,7268.48
ART_00617,50,59,2950,0.85,gouache,conceptual,21,248,5.79,Turkey,1,1,good,2004,105,0.99,0.90,0.76,0.54,0.94,0.94,0.95,0.86,2652.46
ART_00618,59,86,5074,0.69,charcoal,expressionism,24,344,5.80,India,1,1,excellent,2025,139,0.99,0.65,0.85,0.49,0.80,0.99,0.58,0.42,2533.98
ART_00619,67,53,3551,1.26,gouache,conceptual,2,2,3.77,UAE,0,48,good,2001,70,0.79,0.51,0.64,0.92,0.72,0.74,0.51,0.82,505.60
ART_00620,100,33,3300,3.03,gouache,landscape,21,71,4.55,USA,1,1,excellent,1992,66,0.93,0.69,0.81,0.83,0.99,0.85,0.29,0.84,2037.27
ART_00621,24,75,1800,0.32,watercolor,conceptual,4,109,3.16,France,1,1,excellent,1994,32,0.80,0.72,0.70,0.93,0.97,0.69,0.44,0.85,774.51
ART_00622,49,109,5341,0.45,ink,conceptual,22,10,4.49,India,1,1,good,1999,189,0.99,0.65,0.72,0.42,0.99,0.73,0.69,0.55,1632.53
ART_00623,137,156,21372,0.88,digital,impressionism,16,46,5.28,USA,1,1,new,2023,134,0.99,0.67,0.62,0.69,0.96,0.70,0.51,0.84,6133.84
ART_00624,89,115,10235,0.77,oil,surrealism,18,368,5.83,Bangladesh,1,1,fair,2020,141,0.99,0.95,0.77,0.35,0.92,0.65,0.37,0.76,7259.36
ART_00625,157,43,6751,3.65,charcoal,impressionism,19,65,4.11,UK,0,78,excellent,2004,21,0.99,0.69,0.60,0.57,0.66,0.72,0.38,0.74,1210.51
ART_00626,24,31,744,0.77,watercolor,landscape,12,280,4.08,Turkey,1,1,good,2002,152,0.99,0.84,0.42,0.34,0.69,0.52,0.33,0.68,596.23
ART_00627,44,68,2992,0.65,gouache,minimalism,12,24,4.83,Japan,1,1,fair,1991,178,0.99,0.91,0.48,0.64,0.99,0.53,0.80,0.86,1552.46
ART_00628,75,65,4875,1.15,digital,abstract,12,203,3.61,Germany,1,1,fair,1992,9,0.94,0.73,0.36,0.88,0.84,0.98,0.59,0.45,1414.47
ART_00629,155,76,11780,2.04,watercolor,expressionism,8,0,2.75,France,1,1,new,2004,151,0.81,0.76,0.68,0.35,0.83,0.52,0.64,0.72,2196.16
ART_00630,58,21,1218,2.76,digital,abstract,4,372,4.43,USA,1,1,fair,1991,136,0.99,0.92,0.77,0.70,0.70,0.81,0.74,0.64,995.29
ART_00631,139,33,4587,4.21,digital,realism,11,85,3.87,Japan,1,1,excellent,2013,198,0.91,0.73,0.75,0.73,0.86,0.80,0.78,0.84,1741.61
ART_00632,111,85,9435,1.31,ink,landscape,13,45,3.44,Italy,1,1,good,1999,224,0.89,0.76,0.36,0.82,0.64,0.90,0.27,0.67,1886.38
ART_00633,76,154,11704,0.49,acrylic,realism,10,138,5.35,Turkey,1,1,fair,2016,232,0.99,0.87,0.83,0.81,0.91,0.66,0.86,0.44,3615.87
ART_00634,140,39,5460,3.59,mixed_media,portrait,5,4,3.29,France,1,1,fair,2013,208,0.60,0.91,0.72,0.82,0.87,0.82,0.82,0.89,1844.97
ART_00635,22,59,1298,0.37,oil,realism,5,392,5.55,UAE,0,64,new,2016,218,0.81,0.75,0.59,0.70,0.80,0.64,0.88,0.64,1031.41
ART_00636,82,116,9512,0.71,watercolor,realism,17,72,3.37,USA,1,1,fair,1999,34,0.99,0.83,0.87,0.36,0.57,0.94,0.41,0.75,2311.06
ART_00637,96,32,3072,3.00,ink,conceptual,18,76,4.05,Italy,1,1,excellent,2024,183,0.99,0.59,0.80,0.61,0.76,0.81,0.34,0.76,1072.89
ART_00638,60,35,2100,1.71,mixed_media,abstract,5,155,4.81,Bangladesh,1,1,excellent,2023,244,0.98,0.59,0.72,0.53,0.77,0.60,0.33,0.86,1552.06
ART_00639,71,53,3763,1.34,oil,impressionism,1,209,4.67,UAE,0,70,good,2011,192,0.88,0.50,0.66,0.79,0.96,0.78,0.51,0.82,1565.90
ART_00640,126,33,4158,3.82,charcoal,realism,23,406,4.04,UK,0,9,excellent,2013,48,0.98,0.59,0.35,0.74,0.70,0.77,0.87,0.41,1285.06
ART_00641,57,125,7125,0.46,gouache,expressionism,4,32,3.02,UK,1,1,fair,2002,98,0.96,0.65,0.30,0.43,0.61,0.64,0.56,0.97,1372.62
ART_00642,91,38,3458,2.39,gouache,minimalism,4,9,4.11,Italy,1,1,excellent,2015,29,0.87,0.94,0.76,0.37,0.59,0.85,0.61,0.88,961.84
ART_00643,73,87,6351,0.84,ink,realism,4,377,4.87,Turkey,0,66,good,1990,202,0.99,0.59,0.66,0.52,0.87,0.76,0.52,0.79,1696.02
ART_00644,127,79,10033,1.61,ink,realism,8,113,3.62,India,1,1,excellent,2026,102,0.72,0.66,0.70,0.68,0.75,0.64,0.40,0.78,1984.03
ART_00645,156,60,9360,2.60,digital,conceptual,21,62,3.31,France,1,1,fair,2009,216,0.99,0.83,0.60,0.69,0.83,0.66,0.47,0.62,1735.63
ART_00646,83,68,5644,1.22,charcoal,realism,24,237,4.54,UK,0,41,fair,2014,49,0.99,0.64,0.71,0.50,0.92,0.54,0.95,0.74,1553.84
ART_00647,101,119,12019,0.85,acrylic,expressionism,21,266,5.21,Bangladesh,1,1,fair,2018,146,0.91,0.58,0.55,0.76,0.87,0.70,0.54,0.99,4565.54
ART_00648,62,103,6386,0.60,digital,surrealism,1,59,3.16,USA,0,6,good,2006,75,0.68,0.83,0.38,0.90,0.84,0.64,0.86,0.55,1011.01
ART_00649,141,71,10011,1.99,ink,pop_art,15,145,4.93,France,0,16,excellent,2009,88,0.90,0.54,0.29,0.44,0.89,0.90,0.35,0.69,2229.99
ART_00650,122,88,10736,1.39,mixed_media,portrait,13,39,4.61,India,1,1,excellent,2026,137,0.88,0.61,0.63,0.56,0.66,0.68,0.90,0.43,3048.33
ART_00651,41,62,2542,0.66,digital,portrait,25,15,3.78,Turkey,0,58,excellent,1994,200,0.93,0.80,0.43,0.60,0.78,0.76,0.29,0.61,832.86
ART_00652,112,142,15904,0.79,gouache,abstract,22,173,5.44,India,0,7,good,2013,176,0.96,0.81,0.84,0.91,0.55,0.54,0.36,0.99,4278.31
ART_00653,159,103,16377,1.54,acrylic,landscape,18,373,3.86,USA,1,1,fair,2018,224,0.99,0.59,0.51,0.82,0.91,0.92,0.58,0.67,4774.05
ART_00654,117,42,4914,2.79,charcoal,expressionism,11,257,5.47,Italy,1,1,excellent,1992,204,0.99,0.87,0.88,0.61,0.84,0.79,0.65,0.44,2661.26
ART_00655,73,44,3212,1.66,watercolor,realism,24,348,4.24,Japan,1,1,good,1993,204,0.99,0.80,0.64,0.51,0.92,0.82,0.49,0.43,1665.19
ART_00656,128,51,6528,2.51,ink,realism,10,159,3.90,Pakistan,1,1,new,2009,162,0.99,0.62,0.77,0.57,0.94,0.62,0.51,0.57,1629.49
ART_00657,28,115,3220,0.24,charcoal,realism,15,23,4.13,France,0,5,good,1999,106,0.85,0.47,0.49,0.61,0.56,0.70,0.60,0.94,827.92
ART_00658,21,101,2121,0.21,acrylic,minimalism,3,303,4.85,Turkey,0,54,excellent,2000,79,0.89,0.82,0.75,0.86,0.92,0.57,0.36,0.56,782.87
ART_00659,69,41,2829,1.68,acrylic,expressionism,4,327,4.76,Turkey,1,1,fair,2017,170,0.80,0.92,0.40,0.64,0.62,0.69,0.42,0.45,1229.53
ART_00660,157,78,12246,2.01,digital,abstract,14,122,5.21,Japan,1,1,fair,2025,208,0.91,0.60,0.53,0.80,0.99,0.58,0.67,0.69,2555.67
ART_00661,34,37,1258,0.92,ink,abstract,12,143,5.34,Japan,0,16,new,2023,132,0.99,0.58,0.75,0.49,0.62,0.57,0.74,0.97,750.81
ART_00662,56,70,3920,0.80,charcoal,pop_art,25,406,4.64,India,0,72,good,2014,99,0.99,0.73,0.54,0.83,0.95,0.97,0.86,0.96,1614.74
ART_00663,48,51,2448,0.94,digital,abstract,5,29,2.72,France,1,1,fair,1994,22,0.99,0.79,0.46,0.63,0.68,0.98,0.41,0.64,744.20
ART_00664,93,98,9114,0.95,acrylic,landscape,12,28,4.41,Bangladesh,1,1,fair,2017,221,0.89,0.64,0.32,0.57,0.74,0.55,0.58,0.96,2597.75
ART_00665,122,124,15128,0.98,acrylic,landscape,17,359,4.47,France,1,1,new,2000,168,0.99,0.69,0.32,0.35,0.66,0.63,0.64,0.65,6016.94
ART_00666,22,53,1166,0.42,acrylic,portrait,24,328,5.66,UK,1,1,fair,2022,192,0.99,0.88,0.81,0.71,0.99,0.68,0.55,0.68,1504.16
ART_00667,120,105,12600,1.14,digital,realism,6,193,4.00,Italy,1,1,fair,1991,42,0.93,0.75,0.35,0.54,0.99,0.78,0.68,0.43,2256.53
ART_00668,50,122,6100,0.41,charcoal,surrealism,16,4,3.08,Canada,1,1,good,2022,67,0.78,0.57,0.49,0.61,0.73,0.77,0.46,0.57,993.67
ART_00669,61,78,4758,0.78,pastel,expressionism,22,276,3.55,India,1,1,excellent,1994,245,0.99,0.62,0.71,0.32,0.63,0.98,0.82,0.82,3110.80
ART_00670,49,142,6958,0.35,gouache,impressionism,8,70,4.30,Bangladesh,0,73,good,1996,186,0.99,0.64,0.65,0.40,0.95,0.54,0.36,0.59,1253.61
ART_00671,89,100,8900,0.89,ink,portrait,7,308,5.18,UAE,1,1,good,2017,182,0.99,0.94,0.79,0.74,0.95,0.56,0.94,0.79,3946.26
ART_00672,28,51,1428,0.55,ink,portrait,20,379,5.37,Japan,1,1,fair,2015,35,0.99,0.70,0.34,0.31,0.89,0.54,0.87,0.84,1187.62
ART_00673,44,45,1980,0.98,ink,realism,21,297,4.76,Japan,1,1,new,2021,128,0.99,0.73,0.61,0.32,0.68,0.56,0.67,0.46,1019.64
ART_00674,90,85,7650,1.06,ink,expressionism,22,343,3.94,Canada,1,1,new,2001,9,0.99,0.95,0.74,0.66,0.96,0.99,0.56,0.92,3514.23
ART_00675,92,47,4324,1.96,acrylic,portrait,6,20,2.91,Bangladesh,1,1,new,2025,247,0.75,0.70,0.52,0.80,0.85,0.96,0.42,0.72,1408.79
ART_00676,112,30,3360,3.73,ink,realism,12,65,2.92,Italy,1,1,new,2004,202,0.99,0.69,0.70,0.59,0.99,0.61,0.50,0.93,1195.39
ART_00677,20,134,2680,0.15,mixed_media,minimalism,19,212,5.25,Turkey,1,1,good,2003,192,0.98,0.94,0.49,0.39,0.87,0.70,0.80,0.65,2450.23
ART_00678,153,113,17289,1.35,gouache,surrealism,17,4,3.25,Germany,1,1,excellent,2024,235,0.99,0.75,0.83,0.48,0.99,0.74,0.83,0.92,4642.18
ART_00679,28,77,2156,0.36,charcoal,landscape,1,266,4.49,Bangladesh,1,1,fair,1997,116,0.99,0.71,0.69,0.41,0.83,0.82,0.68,0.88,1021.88
ART_00680,70,153,10710,0.46,pastel,abstract,8,71,4.56,Canada,1,1,fair,2024,110,0.83,0.82,0.80,0.66,0.54,0.66,0.77,0.78,1862.40
ART_00681,70,38,2660,1.84,digital,portrait,19,299,5.66,Italy,0,16,excellent,2018,74,0.97,0.61,0.59,0.48,0.92,0.91,0.90,0.73,1530.01
ART_00682,138,91,12558,1.52,gouache,pop_art,7,0,4.25,Italy,1,1,new,1999,131,0.62,0.73,0.70,0.62,0.70,0.64,0.33,0.55,1780.72
ART_00683,137,42,5754,3.26,gouache,expressionism,1,20,3.86,UAE,1,1,good,2005,118,0.89,0.72,0.41,0.76,0.84,0.94,0.72,0.55,1247.40
ART_00684,143,146,20878,0.98,ink,impressionism,2,1,3.95,Bangladesh,1,1,fair,2015,164,0.87,0.90,0.29,0.72,0.55,0.50,0.67,0.67,2533.25
ART_00685,39,158,6162,0.25,gouache,conceptual,2,194,3.27,France,1,1,good,2026,64,0.85,0.62,0.65,0.55,0.72,0.96,0.63,0.55,1126.60
ART_00686,38,155,5890,0.25,acrylic,portrait,23,61,3.64,Italy,1,1,new,2000,129,0.91,0.61,0.51,0.58,0.96,0.71,0.70,0.88,2839.18
ART_00687,31,96,2976,0.32,watercolor,conceptual,1,81,3.91,Japan,1,1,new,2021,18,0.79,0.94,0.79,0.60,0.89,0.87,0.51,0.56,921.07
ART_00688,38,35,1330,1.09,ink,impressionism,23,104,4.17,Bangladesh,1,1,good,1997,14,0.99,0.73,0.68,0.49,0.92,0.65,0.69,0.98,1060.77
ART_00689,34,77,2618,0.44,ink,impressionism,25,21,4.76,Pakistan,1,1,excellent,2019,241,0.99,0.59,0.60,0.49,0.55,0.91,0.56,0.95,1473.24
ART_00690,99,91,9009,1.09,mixed_media,conceptual,8,0,3.88,Turkey,1,1,good,2005,57,0.74,0.63,0.37,0.50,0.90,0.69,0.77,0.68,2054.19
ART_00691,157,72,11304,2.18,mixed_media,landscape,15,419,5.21,Canada,0,74,new,1992,157,0.99,0.50,0.83,0.45,0.59,0.77,0.56,0.42,3083.42
ART_00692,79,120,9480,0.66,ink,impressionism,3,101,5.15,Italy,1,1,excellent,2011,185,0.80,0.69,0.55,0.41,0.82,0.56,0.77,0.61,1873.02
ART_00693,99,87,8613,1.14,pastel,conceptual,20,225,5.13,UAE,1,1,good,2017,137,0.99,0.67,0.77,0.43,0.92,0.79,0.53,0.98,3667.69
ART_00694,67,96,6432,0.70,mixed_media,abstract,25,252,5.01,UAE,1,1,excellent,2018,184,0.99,0.77,0.31,0.63,0.83,0.50,0.37,0.96,5328.83
ART_00695,42,63,2646,0.67,gouache,surrealism,23,3,5.42,Turkey,1,1,fair,1992,145,0.95,0.95,0.42,0.84,0.80,0.80,0.54,0.63,1606.24
ART_00696,90,45,4050,2.00,pastel,expressionism,12,57,5.30,Turkey,0,75,good,2004,237,0.99,0.54,0.79,0.44,0.87,0.96,0.88,0.98,1388.43
ART_00697,111,78,8658,1.42,pastel,expressionism,22,6,5.41,Germany,1,1,good,2024,16,0.99,0.73,0.62,0.63,0.97,0.81,0.76,0.49,2159.46
ART_00698,91,130,11830,0.70,gouache,surrealism,25,264,4.45,France,0,32,new,2002,98,0.97,0.49,0.79,0.91,0.89,0.59,0.41,0.92,3343.15
ART_00699,102,153,15606,0.67,mixed_media,conceptual,22,82,3.29,Japan,1,1,new,2008,135,0.99,0.75,0.86,0.47,0.87,0.69,0.75,0.54,4869.11
ART_00700,30,88,2640,0.34,gouache,abstract,14,366,4.75,India,1,1,fair,2014,232,0.99,0.56,0.73,0.58,0.96,0.83,0.77,0.75,1373.69
ART_00701,75,117,8775,0.64,watercolor,impressionism,9,311,3.90,France,1,1,fair,1999,13,0.99,0.79,0.72,0.36,0.82,0.67,0.50,0.57,2696.44
ART_00702,26,46,1196,0.57,pastel,expressionism,18,351,3.84,UAE,1,1,fair,2006,30,0.99,0.59,0.81,0.39,0.95,0.99,0.85,0.48,809.16
ART_00703,90,65,5850,1.38,gouache,abstract,2,7,3.50,Canada,1,1,good,1992,68,0.71,0.96,0.46,0.30,0.94,0.91,0.51,0.95,1997.83
ART_00704,91,82,7462,1.11,charcoal,abstract,0,233,3.44,Pakistan,1,1,fair,1994,182,0.97,0.58,0.43,0.89,0.69,0.72,0.26,0.66,1458.12
ART_00705,59,39,2301,1.51,charcoal,pop_art,15,346,3.93,Pakistan,1,1,excellent,1992,246,0.91,0.76,0.72,0.94,0.94,0.56,0.32,0.66,1475.59
ART_00706,88,133,11704,0.66,acrylic,abstract,12,14,3.53,Pakistan,0,57,new,2018,118,0.67,0.86,0.54,0.72,0.82,0.95,0.43,0.64,2282.36
ART_00707,89,102,9078,0.87,gouache,impressionism,4,76,4.47,Italy,1,1,fair,2022,86,0.89,0.60,0.32,0.74,0.76,0.79,0.86,0.41,1470.35
ART_00708,116,102,11832,1.14,oil,minimalism,21,173,4.27,UAE,0,40,new,2007,220,0.99,0.51,0.77,0.36,0.73,0.82,0.76,0.62,3538.28
ART_00709,35,81,2835,0.43,acrylic,surrealism,25,160,3.46,UK,1,1,fair,2020,225,0.91,0.74,0.64,0.54,0.69,0.73,0.68,0.62,1442.04
ART_00710,46,67,3082,0.69,pastel,realism,0,47,3.28,Turkey,1,1,new,1996,125,0.75,0.85,0.34,0.82,0.73,0.74,0.58,0.89,1229.78
ART_00711,63,27,1701,2.33,watercolor,expressionism,19,27,4.94,Turkey,1,1,excellent,1996,136,0.97,0.86,0.41,0.54,0.79,0.94,0.33,0.77,1288.23
ART_00712,120,98,11760,1.22,gouache,pop_art,7,163,3.73,Italy,1,1,new,2011,215,0.87,0.68,0.76,0.74,0.88,0.58,0.35,0.88,3166.24
ART_00713,116,87,10092,1.33,digital,pop_art,19,148,3.34,India,1,1,excellent,2014,238,0.99,0.70,0.56,0.32,0.89,0.54,0.84,0.87,3754.55
ART_00714,75,100,7500,0.75,acrylic,realism,13,60,3.27,Turkey,1,1,new,2022,55,0.99,0.86,0.87,0.82,0.99,0.99,0.43,0.66,2373.84
ART_00715,79,101,7979,0.78,watercolor,expressionism,8,187,4.47,Pakistan,1,1,good,2003,81,0.99,0.58,0.72,0.68,0.69,0.75,0.38,0.86,2410.15
ART_00716,101,100,10100,1.01,charcoal,impressionism,25,14,5.18,USA,1,1,new,1997,9,0.99,0.69,0.41,0.81,0.77,0.67,0.34,0.73,3140.33
ART_00717,93,97,9021,0.96,watercolor,minimalism,11,304,4.31,India,0,46,fair,2018,113,0.99,0.66,0.63,0.63,0.92,0.65,0.66,0.56,1578.49
ART_00718,114,111,12654,1.03,watercolor,realism,2,218,4.65,Bangladesh,0,82,fair,2004,144,0.95,0.67,0.57,0.88,0.99,0.61,0.73,0.72,1889.08
ART_00719,146,148,21608,0.99,charcoal,abstract,25,201,4.78,USA,1,1,excellent,1996,115,0.99,0.82,0.88,0.83,0.79,0.85,0.92,0.58,7251.97
ART_00720,84,90,7560,0.93,mixed_media,pop_art,24,4,4.89,Turkey,1,1,excellent,2021,195,0.99,0.71,0.87,0.90,0.79,0.99,0.49,0.66,4097.99
ART_00721,125,127,15875,0.98,digital,surrealism,13,277,3.46,Italy,1,1,excellent,1994,9,0.88,0.67,0.74,0.50,0.98,0.73,0.44,0.72,4311.52
ART_00722,66,90,5940,0.73,mixed_media,portrait,2,191,4.66,UK,1,1,fair,2011,210,0.73,0.76,0.83,0.49,0.93,0.77,0.56,0.75,2177.00
ART_00723,90,47,4230,1.91,watercolor,minimalism,18,344,3.96,UAE,1,1,excellent,2013,70,0.99,0.67,0.67,0.49,0.83,0.91,0.77,0.93,2754.14
ART_00724,78,35,2730,2.23,watercolor,abstract,12,172,5.28,UAE,1,1,excellent,1991,248,0.99,0.86,0.75,0.60,0.99,0.79,0.31,0.52,1858.05
ART_00725,152,121,18392,1.26,watercolor,landscape,18,283,4.30,India,0,31,excellent,2017,148,0.99,0.86,0.83,0.51,0.81,0.53,0.71,0.86,4872.49
ART_00726,106,78,8268,1.36,watercolor,minimalism,25,0,3.47,Italy,1,1,excellent,1991,82,0.85,0.85,0.76,0.80,0.99,0.94,0.54,0.96,3589.66
ART_00727,143,29,4147,4.93,digital,surrealism,6,38,3.36,Pakistan,1,1,fair,1992,11,0.99,0.70,0.29,0.72,0.93,0.81,0.73,0.72,1427.49
ART_00728,84,124,10416,0.68,digital,realism,12,374,5.26,Canada,0,75,fair,1999,228,0.86,0.75,0.33,0.58,0.72,0.50,0.42,0.77,2124.96
ART_00729,115,117,13455,0.98,digital,expressionism,5,2,2.96,Germany,1,1,excellent,2010,188,0.89,0.57,0.32,0.78,0.59,0.53,0.47,0.88,2090.00
ART_00730,155,35,5425,4.43,charcoal,expressionism,12,55,3.17,Japan,1,1,excellent,1991,202,0.99,0.87,0.90,0.57,0.99,0.66,0.25,0.56,1442.26
ART_00731,84,87,7308,0.97,oil,realism,18,164,4.20,Italy,0,53,good,2017,147,0.96,0.84,0.66,0.32,0.87,0.92,0.53,0.68,2765.66
ART_00732,126,44,5544,2.86,watercolor,realism,15,0,4.74,Japan,1,1,new,1997,134,0.76,0.92,0.61,0.76,0.81,0.55,0.46,0.71,2096.43
ART_00733,85,135,11475,0.63,charcoal,landscape,10,0,4.61,France,0,69,excellent,2014,22,0.76,0.82,0.78,0.40,0.66,0.61,0.82,0.92,1584.09
ART_00734,139,118,16402,1.18,gouache,portrait,6,15,3.10,USA,0,10,fair,2024,146,0.85,0.49,0.87,0.79,0.60,0.63,0.69,0.53,1024.32
ART_00735,79,107,8453,0.74,pastel,abstract,8,7,5.01,Bangladesh,1,1,new,2011,225,0.71,0.78,0.82,0.60,0.80,0.62,0.50,0.82,2713.07
ART_00736,113,95,10735,1.19,acrylic,surrealism,22,27,5.51,Bangladesh,1,1,new,2010,208,0.96,0.63,0.41,0.79,0.97,0.59,0.61,0.94,6677.66
ART_00737,142,34,4828,4.18,oil,landscape,25,189,5.14,UK,1,1,good,1990,17,0.91,0.78,0.59,0.89,0.55,0.49,0.47,0.87,3754.90
ART_00738,107,67,7169,1.60,gouache,conceptual,22,43,3.53,Pakistan,0,14,fair,2020,57,0.84,0.62,0.30,0.86,0.73,0.84,0.50,0.59,1183.31
ART_00739,41,23,943,1.78,pastel,abstract,14,279,5.64,UK,0,42,fair,2016,74,0.99,0.72,0.65,0.59,0.99,0.87,0.64,0.68,555.32
ART_00740,100,105,10500,0.95,ink,impressionism,4,1,3.24,France,1,1,excellent,1994,114,0.59,0.81,0.86,0.54,0.58,0.68,0.36,0.64,1663.82
ART_00741,157,51,8007,3.08,ink,portrait,15,284,4.22,Pakistan,1,1,new,2005,129,0.99,0.91,0.77,0.36,0.91,0.69,0.80,0.83,3624.01
ART_00742,77,128,9856,0.60,gouache,abstract,17,362,3.58,Japan,1,1,good,2012,244,0.99,0.86,0.89,0.88,0.57,0.59,0.80,0.78,4036.65
ART_00743,38,154,5852,0.25,digital,realism,15,11,3.26,Canada,1,1,new,2009,77,0.99,0.72,0.68,0.76,0.94,0.72,0.45,0.44,1595.74
ART_00744,40,101,4040,0.40,pastel,pop_art,2,169,4.59,Italy,0,78,good,2017,88,0.78,0.57,0.88,0.59,0.83,0.77,0.82,0.43,661.51
ART_00745,38,144,5472,0.26,watercolor,realism,18,140,5.30,Italy,1,1,excellent,2015,119,0.99,0.86,0.31,0.80,0.83,0.83,0.83,0.52,2252.77
ART_00746,76,107,8132,0.71,mixed_media,landscape,4,12,2.70,Italy,1,1,new,2006,75,0.99,0.60,0.48,0.65,0.82,0.78,0.75,0.68,1889.10
ART_00747,118,47,5546,2.51,gouache,impressionism,0,40,4.40,Canada,1,1,excellent,1999,10,0.73,0.60,0.89,0.53,0.52,0.78,0.71,0.78,1499.00
ART_00748,76,148,11248,0.51,digital,expressionism,24,3,3.02,USA,1,1,excellent,2026,85,0.99,0.72,0.70,0.32,0.99,0.88,0.71,0.95,2948.66
ART_00749,45,99,4455,0.45,watercolor,realism,3,284,3.10,India,1,1,excellent,2024,240,0.99,0.66,0.43,0.37,0.74,0.87,0.93,0.42,1609.54
ART_00750,158,74,11692,2.14,digital,impressionism,16,6,4.84,France,1,1,excellent,1991,37,0.99,0.61,0.90,0.50,0.94,0.86,0.57,0.62,4007.33
ART_00751,87,96,8352,0.91,mixed_media,landscape,1,4,4.99,UK,1,1,good,2021,92,0.78,0.70,0.36,0.36,0.81,0.92,0.55,0.63,1976.08
ART_00752,64,110,7040,0.58,watercolor,landscape,21,18,4.49,Germany,1,1,excellent,2026,186,0.83,0.95,0.40,0.38,0.66,0.50,0.45,0.87,2307.57
ART_00753,121,134,16214,0.90,ink,surrealism,5,158,5.12,UK,1,1,new,1994,180,0.99,0.60,0.80,0.55,0.56,0.55,0.54,0.88,4360.54
ART_00754,73,107,7811,0.68,pastel,portrait,4,273,4.48,Italy,0,49,new,1997,113,0.99,0.61,0.51,0.54,0.91,0.63,0.41,0.82,2060.94
ART_00755,76,49,3724,1.55,oil,impressionism,10,159,5.23,UK,1,1,good,2002,214,0.88,0.76,0.88,0.31,0.81,0.74,0.87,0.92,3819.33
ART_00756,76,84,6384,0.90,oil,portrait,17,44,5.23,India,1,1,good,1991,45,0.79,0.63,0.45,0.65,0.72,0.76,0.61,0.52,2454.55
ART_00757,69,116,8004,0.59,ink,expressionism,3,39,3.23,India,1,1,new,2010,141,0.99,0.89,0.67,0.57,0.99,0.79,0.34,0.52,1622.85
ART_00758,151,34,5134,4.44,acrylic,landscape,22,385,5.30,Pakistan,1,1,excellent,2026,146,0.99,0.66,0.42,0.85,0.85,0.56,0.76,0.86,3633.85
ART_00759,66,125,8250,0.53,ink,expressionism,16,408,5.39,Pakistan,1,1,excellent,2003,178,0.99,0.58,0.38,0.86,0.64,0.51,0.68,0.46,2840.53
ART_00760,148,66,9768,2.24,digital,expressionism,21,67,3.12,Pakistan,1,1,new,1998,133,0.81,0.73,0.31,0.82,0.88,0.63,0.86,0.98,2884.42
ART_00761,103,132,13596,0.78,watercolor,realism,4,69,3.92,France,1,1,good,1997,50,0.68,0.81,0.72,0.90,0.61,0.56,0.82,0.87,2550.34
ART_00762,116,127,14732,0.91,mixed_media,portrait,4,288,5.26,UK,1,1,good,2008,175,0.93,0.70,0.41,0.69,0.61,0.92,0.63,0.52,4466.88
ART_00763,73,135,9855,0.54,oil,impressionism,9,213,5.02,Japan,1,1,excellent,2026,43,0.99,0.89,0.31,0.55,0.99,0.97,0.68,0.53,4633.17
ART_00764,41,110,4510,0.37,watercolor,expressionism,21,150,4.50,India,1,1,excellent,2008,213,0.99,0.57,0.66,0.90,0.89,0.99,0.27,0.76,2026.28
ART_00765,110,82,9020,1.34,oil,portrait,4,37,4.25,UAE,0,44,new,2020,144,0.71,0.61,0.36,0.91,0.51,0.89,0.95,0.52,1900.46
ART_00766,100,35,3500,2.86,watercolor,abstract,17,243,5.14,Germany,1,1,fair,1999,141,0.99,0.83,0.90,0.75,0.68,0.60,0.76,0.94,2406.78
ART_00767,134,141,18894,0.95,charcoal,realism,19,298,4.13,UK,0,50,excellent,1994,67,0.99,0.69,0.30,0.31,0.76,0.78,0.53,0.56,3608.01
ART_00768,71,81,5751,0.88,acrylic,impressionism,8,223,4.98,UK,1,1,new,1991,186,0.77,0.91,0.85,0.45,0.70,0.47,0.50,0.71,2881.66
ART_00769,20,131,2620,0.15,mixed_media,portrait,9,156,4.03,Japan,0,59,fair,2014,67,0.99,0.64,0.39,0.94,0.80,0.59,0.80,0.96,805.94
ART_00770,73,82,5986,0.89,oil,pop_art,6,224,3.77,Bangladesh,1,1,good,1996,239,0.81,0.67,0.81,0.32,0.71,0.48,0.85,0.85,2796.64
ART_00771,40,115,4600,0.35,pastel,portrait,5,72,2.79,Bangladesh,1,1,excellent,2019,127,0.76,0.71,0.33,0.37,0.74,0.57,0.92,0.82,1051.46
ART_00772,122,51,6222,2.39,watercolor,landscape,1,1,4.86,USA,1,1,good,1995,100,0.69,0.70,0.58,0.90,0.59,0.90,0.88,0.53,1545.73
ART_00773,156,103,16068,1.51,mixed_media,abstract,4,144,4.55,Italy,0,21,fair,2015,177,0.99,0.48,0.84,0.82,0.57,0.68,0.28,0.48,2435.57
ART_00774,26,157,4082,0.17,oil,portrait,6,101,3.51,India,0,14,new,2002,197,0.99,0.85,0.50,0.60,0.99,0.57,0.33,0.77,1747.35
ART_00775,143,43,6149,3.33,digital,expressionism,23,0,3.37,France,1,1,new,2026,66,0.68,0.71,0.83,0.35,0.82,0.47,0.52,0.85,1730.58
ART_00776,121,38,4598,3.18,charcoal,conceptual,21,91,3.73,UK,1,1,good,2015,31,0.99,0.92,0.35,0.61,0.81,0.66,0.44,0.85,1551.94
ART_00777,143,104,14872,1.38,digital,abstract,9,352,4.85,Italy,0,31,fair,2023,137,0.99,0.67,0.82,0.49,0.98,0.58,0.68,0.46,2156.27
ART_00778,118,121,14278,0.98,charcoal,abstract,8,12,3.99,Japan,1,1,good,2017,81,0.65,0.71,0.41,0.95,0.88,0.88,0.71,0.92,2392.00
ART_00779,128,104,13312,1.23,charcoal,expressionism,9,50,3.42,India,1,1,fair,2007,44,0.99,0.88,0.53,0.83,0.56,0.86,0.77,0.62,2049.19
ART_00780,114,64,7296,1.78,watercolor,pop_art,19,49,5.41,Bangladesh,0,69,excellent,2005,226,0.99,0.71,0.79,0.76,0.77,0.65,0.75,0.76,2333.89
ART_00781,75,67,5025,1.12,acrylic,impressionism,13,32,4.63,UK,1,1,fair,2001,232,0.99,0.86,0.41,0.55,0.62,0.53,0.36,0.58,2003.24
ART_00782,98,135,13230,0.73,pastel,pop_art,6,285,5.55,Pakistan,1,1,new,2018,237,0.99,0.60,0.90,0.60,0.99,0.92,0.82,0.71,4216.23
ART_00783,32,104,3328,0.31,acrylic,abstract,13,353,5.21,UAE,1,1,new,1996,168,0.99,0.64,0.38,0.91,0.85,0.99,0.48,0.83,3138.71
ART_00784,151,24,3624,6.29,acrylic,landscape,19,394,4.47,Japan,1,1,fair,1991,233,0.99,0.59,0.70,0.68,0.66,0.91,0.76,0.69,2302.03
ART_00785,80,51,4080,1.57,digital,impressionism,13,12,4.89,India,1,1,fair,1996,116,0.99,0.69,0.71,0.94,0.82,0.82,0.86,0.84,1630.20
ART_00786,81,78,6318,1.04,watercolor,surrealism,5,375,3.41,UK,1,1,new,2018,22,0.99,0.88,0.78,0.45,0.97,0.61,0.70,0.65,2156.10
ART_00787,104,155,16120,0.67,gouache,surrealism,18,17,5.00,Bangladesh,1,1,fair,2019,22,0.88,0.83,0.47,0.52,0.68,0.54,0.89,0.62,3128.02
ART_00788,150,107,16050,1.40,ink,pop_art,11,229,3.64,France,0,66,excellent,2001,158,0.86,0.61,0.61,0.47,0.95,0.58,0.81,0.58,1865.72
ART_00789,143,50,7150,2.86,mixed_media,surrealism,1,10,3.75,Pakistan,1,1,new,2000,115,0.90,0.73,0.44,0.33,0.58,0.99,0.72,0.82,2745.99
ART_00790,136,122,16592,1.11,watercolor,minimalism,24,268,3.75,UK,0,13,good,2011,14,0.96,0.83,0.72,0.48,0.61,0.90,0.75,0.46,2995.52
ART_00791,71,85,6035,0.84,charcoal,conceptual,24,0,3.32,Turkey,1,1,new,1991,142,0.69,0.70,0.42,0.70,0.62,0.89,0.86,0.52,1523.33
ART_00792,159,121,19239,1.31,digital,realism,17,5,3.10,India,0,25,good,2022,46,0.77,0.74,0.52,0.70,0.62,0.95,0.76,0.62,2018.35
ART_00793,119,157,18683,0.76,gouache,landscape,11,21,4.34,Canada,1,1,fair,2023,247,0.70,0.56,0.73,0.71,0.51,0.48,0.53,0.59,1677.23
ART_00794,141,42,5922,3.36,digital,conceptual,18,0,3.23,France,1,1,excellent,2002,160,0.77,0.91,0.60,0.39,0.75,0.76,0.33,0.82,1998.65
ART_00795,42,57,2394,0.74,charcoal,realism,5,335,4.75,Pakistan,1,1,fair,1999,89,0.79,0.90,0.47,0.37,0.86,0.92,0.66,0.43,1093.79
ART_00796,72,149,10728,0.48,mixed_media,abstract,16,324,5.18,Germany,1,1,good,1998,127,0.99,0.95,0.80,0.66,0.79,0.92,0.38,0.51,5038.26
ART_00797,88,125,11000,0.70,digital,abstract,4,178,5.11,USA,1,1,good,2025,57,0.99,0.88,0.90,0.47,0.57,0.99,0.49,0.85,3398.09
ART_00798,122,144,17568,0.85,mixed_media,impressionism,3,310,3.17,UAE,0,68,fair,1991,190,0.74,0.75,0.67,0.36,0.87,0.74,0.31,0.47,1843.83
ART_00799,87,97,8439,0.90,charcoal,impressionism,23,69,4.69,Canada,1,1,good,1998,115,0.94,0.85,0.49,0.41,0.99,0.74,0.33,0.98,3714.70
ART_00800,83,149,12367,0.56,digital,conceptual,20,100,3.49,USA,1,1,excellent,2015,94,0.99,0.86,0.82,0.70,0.70,0.78,0.28,0.48,2171.12
ART_00801,35,43,1505,0.81,acrylic,landscape,24,291,4.01,India,1,1,new,2026,225,0.99,0.63,0.28,0.82,0.63,0.87,0.71,0.44,1178.92
ART_00802,115,30,3450,3.83,mixed_media,minimalism,10,0,4.22,UAE,1,1,fair,2005,57,0.60,0.70,0.81,0.81,0.56,0.74,0.41,0.66,806.46
ART_00803,138,23,3174,6.00,watercolor,abstract,16,39,5.10,Italy,0,37,new,1990,25,0.96,0.79,0.86,0.79,0.98,0.96,0.37,0.94,1784.99
ART_00804,133,79,10507,1.68,digital,portrait,8,47,3.78,USA,1,1,new,2013,224,0.94,0.62,0.50,0.38,0.89,0.51,0.36,0.85,2251.00
ART_00805,134,97,12998,1.38,pastel,portrait,16,167,4.22,Canada,1,1,fair,2003,206,0.99,0.88,0.75,0.36,0.81,0.58,0.95,0.49,3472.00
ART_00806,48,72,3456,0.67,oil,surrealism,6,307,3.65,UK,0,42,fair,1991,128,0.96,0.48,0.37,0.73,0.71,0.94,0.88,0.46,1459.66
ART_00807,119,75,8925,1.59,gouache,expressionism,9,296,5.26,Canada,1,1,good,1997,58,0.79,0.88,0.83,0.30,0.85,0.65,0.83,0.98,3734.37
ART_00808,86,33,2838,2.61,gouache,pop_art,11,66,3.87,India,0,29,fair,2025,11,0.96,0.49,0.66,0.48,0.73,0.98,0.35,0.76,591.99
ART_00809,97,28,2716,3.46,oil,pop_art,14,16,3.99,Japan,1,1,new,2006,239,0.99,0.64,0.68,0.92,0.69,0.91,0.34,0.54,1799.04
ART_00810,150,99,14850,1.52,acrylic,realism,3,87,4.88,Italy,0,40,fair,2014,27,0.73,0.61,0.46,0.64,0.76,0.78,0.35,0.56,1673.07
ART_00811,34,79,2686,0.43,pastel,pop_art,5,282,3.88,Germany,0,41,excellent,2012,45,0.79,0.87,0.61,0.33,0.59,0.57,0.70,0.66,622.84
ART_00812,114,96,10944,1.19,pastel,landscape,22,179,4.33,Japan,1,1,good,1998,29,0.91,0.67,0.79,0.93,0.88,0.93,0.37,0.67,3533.92
ART_00813,27,40,1080,0.68,ink,conceptual,22,186,3.86,UK,1,1,excellent,2017,241,0.99,0.87,0.49,0.45,0.61,0.71,0.75,0.85,824.19
ART_00814,87,85,7395,1.02,mixed_media,minimalism,10,143,4.21,France,0,44,excellent,2021,73,0.94,0.48,0.42,0.73,0.55,0.87,0.35,0.93,1821.41
ART_00815,43,109,4687,0.39,ink,surrealism,25,38,3.74,UK,0,51,good,1996,11,0.99,0.53,0.36,0.62,0.68,0.81,0.27,0.74,1137.71
ART_00816,83,48,3984,1.73,gouache,impressionism,25,4,5.23,Turkey,0,26,fair,1998,170,0.83,0.81,0.35,0.85,0.62,0.57,0.53,0.98,1568.31
ART_00817,93,38,3534,2.45,charcoal,impressionism,9,152,4.38,USA,0,73,good,1994,59,0.92,0.58,0.53,0.34,0.64,0.79,0.62,0.72,710.70
ART_00818,37,90,3330,0.41,pastel,landscape,25,10,4.46,India,1,1,new,2022,132,0.84,0.89,0.36,0.38,0.94,0.71,0.80,0.91,2001.75
ART_00819,21,118,2478,0.18,charcoal,realism,1,307,4.57,Japan,1,1,excellent,2006,188,0.75,0.81,0.67,0.32,0.62,0.54,0.74,0.52,1080.04
ART_00820,37,28,1036,1.32,digital,minimalism,12,219,4.49,Japan,1,1,good,2026,94,0.94,0.63,0.89,0.35,0.84,0.73,0.65,0.88,643.51
ART_00821,27,50,1350,0.54,pastel,expressionism,17,14,3.88,Turkey,0,48,excellent,2023,169,0.99,0.48,0.85,0.52,0.99,0.94,0.60,0.73,517.04
ART_00822,152,146,22192,1.04,ink,surrealism,7,195,3.57,UAE,1,1,new,2026,246,0.99,0.58,0.55,0.66,0.87,0.68,0.68,0.42,3720.27
ART_00823,153,149,22797,1.03,charcoal,realism,20,58,3.28,Pakistan,1,1,excellent,2025,33,0.99,0.67,0.52,0.95,0.86,0.52,0.86,0.52,3688.75
ART_00824,98,76,7448,1.29,watercolor,realism,10,96,5.02,UAE,1,1,new,2023,59,0.74,0.92,0.56,0.88,0.82,0.94,0.25,0.84,2342.28
ART_00825,139,35,4865,3.97,ink,expressionism,16,78,4.10,Italy,1,1,good,2022,228,0.99,0.74,0.69,0.37,0.79,0.97,0.65,0.99,2086.15
ART_00826,40,45,1800,0.89,digital,impressionism,17,127,5.48,Pakistan,1,1,new,2008,37,0.99,0.92,0.53,0.44,0.81,0.66,0.38,0.96,1754.15
ART_00827,144,123,17712,1.17,mixed_media,pop_art,25,8,4.67,Canada,0,74,good,2008,30,0.77,0.59,0.57,0.53,0.57,0.60,0.35,0.51,1985.54
ART_00828,42,97,4074,0.43,acrylic,impressionism,14,28,3.46,UK,1,1,excellent,2012,160,0.99,0.57,0.66,0.45,0.64,0.78,0.91,0.82,2078.84
ART_00829,144,134,19296,1.07,digital,surrealism,14,20,4.94,Turkey,1,1,new,1990,70,0.87,0.95,0.30,0.32,0.87,0.94,0.57,0.78,5136.94
ART_00830,111,115,12765,0.97,charcoal,minimalism,17,316,5.27,Bangladesh,1,1,good,2002,10,0.99,0.56,0.87,0.64,0.60,0.79,0.72,0.67,3172.30
ART_00831,22,27,594,0.81,oil,expressionism,16,49,3.01,India,1,1,new,2003,49,0.99,0.77,0.45,0.91,0.99,0.74,0.26,0.49,474.29
ART_00832,158,90,14220,1.76,acrylic,pop_art,6,20,2.77,USA,1,1,good,2016,29,0.93,0.84,0.48,0.50,0.95,0.67,0.71,0.96,2738.45
ART_00833,97,79,7663,1.23,gouache,minimalism,21,356,5.93,Bangladesh,1,1,excellent,2002,235,0.98,0.75,0.77,0.91,0.89,0.82,0.32,0.48,3819.85
ART_00834,151,146,22046,1.03,gouache,landscape,14,149,5.01,Japan,1,1,new,1995,19,0.85,0.85,0.53,0.35,0.95,0.62,0.52,0.59,5053.33
ART_00835,76,116,8816,0.66,ink,minimalism,14,350,3.59,Japan,1,1,new,2013,121,0.99,0.72,0.83,0.45,0.77,0.70,0.46,0.53,1961.68
ART_00836,151,70,10570,2.16,digital,pop_art,3,9,2.62,France,0,33,new,2010,28,0.89,0.51,0.48,0.90,0.98,0.90,0.83,0.65,1344.27
ART_00837,110,113,12430,0.97,pastel,minimalism,3,168,3.01,UAE,1,1,fair,2014,52,0.85,0.59,0.59,0.55,0.79,0.52,0.75,0.49,1419.88
ART_00838,144,47,6768,3.06,mixed_media,conceptual,5,316,3.68,Turkey,0,74,fair,2018,166,0.99,0.71,0.55,0.94,0.61,0.90,0.55,0.68,1188.46
ART_00839,132,143,18876,0.92,mixed_media,landscape,22,221,3.39,Canada,1,1,excellent,1995,14,0.99,0.82,0.31,0.67,0.90,0.51,0.50,0.62,5580.30
ART_00840,126,158,19908,0.80,oil,landscape,0,26,2.84,Germany,1,1,excellent,2000,123,0.77,0.64,0.56,0.70,0.56,0.68,0.90,0.57,3574.96
ART_00841,37,92,3404,0.40,watercolor,impressionism,16,114,3.19,USA,0,26,good,1990,46,0.99,0.78,0.47,0.58,0.95,0.57,0.25,0.53,947.39
ART_00842,84,43,3612,1.95,mixed_media,expressionism,10,85,3.07,UAE,1,1,fair,2012,55,0.99,0.73,0.49,0.87,0.66,0.52,0.95,0.42,1049.47
ART_00843,79,105,8295,0.75,watercolor,surrealism,14,76,4.22,UK,1,1,new,2023,108,0.81,0.90,0.30,0.66,0.70,0.72,0.74,0.43,1911.69
ART_00844,36,132,4752,0.27,charcoal,conceptual,12,307,5.70,Pakistan,1,1,fair,1993,50,0.92,0.68,0.88,0.35,0.72,0.51,0.61,0.63,1755.28
ART_00845,54,112,6048,0.48,digital,expressionism,15,57,4.68,Japan,1,1,new,2018,100,0.99,0.73,0.50,0.67,0.92,0.66,0.42,0.58,2041.92
ART_00846,63,90,5670,0.70,digital,landscape,7,114,4.55,Canada,1,1,good,2000,210,0.84,0.90,0.65,0.66,0.89,0.49,0.91,0.88,2352.50
ART_00847,32,122,3904,0.26,digital,expressionism,22,33,3.85,Pakistan,0,42,excellent,2011,144,0.99,0.49,0.80,0.78,0.73,0.58,0.72,0.75,916.39
ART_00848,73,77,5621,0.95,acrylic,portrait,13,24,4.62,Canada,1,1,new,2003,90,0.83,0.92,0.43,0.61,0.66,0.74,0.82,0.48,1881.56
ART_00849,95,105,9975,0.90,gouache,expressionism,22,1,4.76,USA,0,62,excellent,2003,169,0.78,0.59,0.57,0.93,0.99,0.82,0.80,0.46,1536.84
ART_00850,74,151,11174,0.49,digital,pop_art,15,3,4.07,Pakistan,1,1,excellent,1990,173,0.91,0.93,0.55,0.63,0.64,0.70,0.27,0.52,2138.19
ART_00851,113,118,13334,0.96,ink,minimalism,15,138,4.71,UAE,0,80,fair,1995,40,0.80,0.51,0.42,0.88,0.87,0.77,0.74,0.75,1356.09
ART_00852,85,151,12835,0.56,gouache,realism,22,36,4.97,UK,1,1,fair,2015,247,0.99,0.57,0.28,0.48,0.99,0.70,0.36,0.48,2963.85
ART_00853,120,55,6600,2.18,ink,landscape,20,1,5.09,USA,0,78,excellent,2011,236,0.99,0.51,0.51,0.48,0.78,0.74,0.76,0.86,1569.25
ART_00854,139,107,14873,1.30,gouache,impressionism,8,158,4.58,USA,1,1,excellent,2010,57,0.99,0.90,0.50,0.70,0.73,0.98,0.36,0.47,3424.18
ART_00855,62,51,3162,1.22,gouache,impressionism,17,214,4.77,Bangladesh,0,77,fair,2018,159,0.99,0.74,0.31,0.34,0.70,0.64,0.71,0.82,1014.05
ART_00856,28,90,2520,0.31,ink,landscape,21,236,5.11,UAE,0,21,excellent,2002,102,0.99,0.53,0.31,0.65,0.90,0.81,0.44,0.82,1097.72
ART_00857,114,84,9576,1.36,oil,abstract,3,0,5.05,UAE,1,1,new,2023,237,0.81,0.72,0.32,0.76,0.70,0.60,0.90,0.63,3988.92
ART_00858,74,26,1924,2.85,digital,abstract,16,37,5.22,USA,1,1,good,2024,196,0.86,0.73,0.76,0.94,0.77,0.86,0.60,0.66,1113.68
ART_00859,149,70,10430,2.13,digital,conceptual,14,230,5.18,France,1,1,excellent,1990,26,0.99,0.83,0.69,0.91,0.61,0.95,0.75,0.75,3597.38
ART_00860,74,108,7992,0.69,watercolor,minimalism,21,23,5.10,Italy,1,1,good,2007,70,0.99,0.75,0.81,0.77,0.70,0.62,0.81,0.71,2550.37
ART_00861,125,130,16250,0.96,watercolor,surrealism,7,209,3.28,UAE,0,45,new,2021,125,0.99,0.82,0.77,0.53,0.92,0.62,0.86,0.75,2920.08
ART_00862,70,106,7420,0.66,mixed_media,portrait,3,42,3.85,India,1,1,fair,2004,112,0.68,0.93,0.54,0.40,0.50,0.83,0.44,0.56,1616.93
ART_00863,28,124,3472,0.23,oil,conceptual,6,254,4.61,Turkey,1,1,excellent,2022,150,0.80,0.59,0.71,0.51,0.88,0.63,0.60,0.52,1854.10
ART_00864,48,122,5856,0.39,digital,minimalism,0,47,4.13,UAE,1,1,fair,2013,194,0.62,0.86,0.90,0.70,0.82,0.52,0.53,0.75,1190.97
ART_00865,106,63,6678,1.68,digital,abstract,0,281,5.12,Turkey,1,1,excellent,2012,125,0.99,0.73,0.55,0.45,0.99,0.62,0.51,0.76,2925.61
ART_00866,37,125,4625,0.30,acrylic,surrealism,11,184,5.57,Bangladesh,1,1,new,2019,27,0.80,0.58,0.63,0.41,0.79,0.89,0.92,0.78,2547.74
ART_00867,147,46,6762,3.20,digital,minimalism,19,226,4.17,USA,1,1,new,2001,45,0.99,0.62,0.36,0.91,0.88,0.50,0.65,0.54,2543.43
ART_00868,95,133,12635,0.71,mixed_media,realism,24,38,3.45,Turkey,1,1,fair,1998,162,0.99,0.72,0.60,0.64,0.87,0.58,0.93,0.79,4090.16
ART_00869,80,87,6960,0.92,ink,portrait,22,123,4.74,USA,1,1,excellent,2024,81,0.99,0.91,0.82,0.64,0.84,0.60,0.90,0.85,2800.38
ART_00870,46,130,5980,0.35,pastel,minimalism,20,57,4.23,UK,0,24,fair,2008,137,0.99,0.87,0.29,0.34,0.79,0.66,0.94,0.72,1453.00
ART_00871,102,113,11526,0.90,gouache,conceptual,7,47,3.18,UK,1,1,new,2018,103,0.82,0.73,0.40,0.58,0.60,0.65,0.36,0.58,1404.42
ART_00872,94,46,4324,2.04,ink,abstract,13,104,3.69,Pakistan,1,1,good,2022,27,0.99,0.78,0.65,0.89,0.93,0.99,0.89,0.68,1696.57
ART_00873,152,80,12160,1.90,ink,conceptual,23,4,5.41,Italy,1,1,excellent,2011,112,0.79,0.90,0.87,0.80,0.96,0.97,0.87,0.66,3386.07
ART_00874,55,127,6985,0.43,watercolor,landscape,2,188,4.43,Bangladesh,1,1,excellent,1995,222,0.74,0.75,0.82,0.50,0.76,0.51,0.59,0.94,2604.04
ART_00875,57,88,5016,0.65,mixed_media,surrealism,10,64,3.28,Pakistan,0,7,excellent,2010,214,0.99,0.86,0.44,0.38,0.67,0.87,0.67,0.82,2397.27
ART_00876,52,96,4992,0.54,ink,expressionism,10,173,4.00,Canada,1,1,excellent,1991,27,0.98,0.72,0.49,0.86,0.99,0.57,0.50,0.97,2175.17
ART_00877,86,70,6020,1.23,ink,landscape,9,100,4.20,Italy,1,1,excellent,2020,173,0.80,0.81,0.63,0.76,0.84,0.92,0.88,0.65,1815.56
ART_00878,73,94,6862,0.78,watercolor,conceptual,22,366,5.57,Germany,1,1,excellent,2023,76,0.99,0.65,0.46,0.57,0.70,0.99,0.89,0.64,3231.89
ART_00879,84,68,5712,1.24,gouache,portrait,14,19,4.99,UK,0,53,excellent,2006,155,0.87,0.80,0.41,0.62,0.99,0.55,0.30,0.49,1054.80
ART_00880,36,119,4284,0.30,oil,abstract,6,2,4.90,USA,1,1,excellent,1993,161,0.59,0.83,0.63,0.47,0.52,0.50,0.44,0.47,1462.88
ART_00881,142,57,8094,2.49,acrylic,landscape,16,320,4.95,Canada,0,17,excellent,2000,107,0.85,0.68,0.37,0.65,0.90,0.76,0.75,0.42,2689.78
ART_00882,44,44,1936,1.00,oil,landscape,0,121,4.64,Bangladesh,0,82,fair,1997,187,0.90,0.83,0.41,0.70,0.66,0.70,0.71,0.76,698.36
ART_00883,129,81,10449,1.59,mixed_media,expressionism,12,0,4.58,USA,1,1,fair,2001,31,0.93,0.75,0.62,0.44,0.77,0.49,0.33,0.81,2967.50
ART_00884,22,147,3234,0.15,ink,surrealism,24,373,3.94,Bangladesh,1,1,fair,2023,114,0.99,0.64,0.72,0.80,0.98,0.76,0.72,0.85,1851.34
ART_00885,39,54,2106,0.72,oil,abstract,5,238,3.87,UAE,1,1,excellent,2001,42,0.75,0.75,0.69,0.64,0.57,0.81,0.79,0.88,1906.50
ART_00886,23,102,2346,0.23,charcoal,landscape,15,119,4.99,Turkey,1,1,new,2004,24,0.99,0.94,0.38,0.74,0.72,0.58,0.50,0.46,1033.59
ART_00887,71,72,5112,0.99,digital,conceptual,7,74,3.30,UK,1,1,good,1994,203,0.98,0.71,0.72,0.50,0.58,0.95,0.47,0.72,1529.10
ART_00888,102,140,14280,0.73,oil,pop_art,12,96,4.27,France,0,22,fair,1996,15,0.81,0.63,0.78,0.67,0.79,0.68,0.85,0.74,3422.56
ART_00889,44,20,880,2.20,digital,surrealism,1,171,5.02,Turkey,1,1,fair,2013,178,0.92,0.84,0.59,0.30,0.72,0.67,0.58,0.57,569.89
ART_00890,140,130,18200,1.08,watercolor,abstract,25,350,5.52,France,0,29,excellent,1993,196,0.93,0.75,0.37,0.76,0.99,0.76,0.95,0.58,6774.75
ART_00891,111,24,2664,4.63,pastel,pop_art,14,245,3.40,Canada,1,1,new,2013,43,0.96,0.72,0.45,0.33,0.99,0.89,0.60,0.75,1185.85
ART_00892,139,143,19877,0.97,oil,landscape,20,407,4.52,Italy,1,1,new,2010,24,0.99,0.85,0.47,0.43,0.99,0.97,0.83,0.78,12258.94
ART_00893,76,115,8740,0.66,charcoal,surrealism,24,22,3.15,Pakistan,1,1,excellent,1997,115,0.99,0.92,0.77,0.61,0.62,0.71,0.69,0.74,3262.26
ART_00894,144,38,5472,3.79,watercolor,expressionism,11,208,5.37,UK,1,1,new,2013,189,0.99,0.75,0.47,0.33,0.99,0.51,0.29,0.89,3407.07
ART_00895,78,60,4680,1.30,watercolor,minimalism,14,45,5.19,Pakistan,1,1,excellent,2010,211,0.99,0.62,0.46,0.65,0.75,0.92,0.28,0.78,2110.43
ART_00896,31,120,3720,0.26,oil,minimalism,9,200,4.63,Bangladesh,1,1,good,2022,64,0.89,0.69,0.49,0.80,0.99,0.62,0.44,0.64,1736.26
ART_00897,111,137,15207,0.81,gouache,landscape,5,70,4.43,UAE,1,1,excellent,2008,88,0.68,0.84,0.80,0.53,0.79,0.88,0.77,0.67,3260.78
ART_00898,125,83,10375,1.51,ink,impressionism,12,115,4.07,UAE,1,1,good,2018,24,0.91,0.79,0.51,0.49,0.57,0.62,0.49,0.52,1967.27
ART_00899,88,117,10296,0.75,oil,portrait,23,0,3.19,Germany,0,80,new,1995,12,0.67,0.64,0.35,0.60,0.86,0.48,0.83,0.68,2187.11
ART_00900,99,28,2772,3.54,ink,portrait,14,11,3.69,India,1,1,good,2006,30,0.99,0.74,0.87,0.61,0.81,0.73,0.49,0.56,781.75
ART_00901,141,116,16356,1.22,mixed_media,minimalism,18,104,5.49,Italy,0,44,new,2012,83,0.99,0.55,0.29,0.35,0.84,0.96,0.88,0.62,4937.84
ART_00902,21,51,1071,0.41,digital,surrealism,9,142,4.76,UAE,0,23,new,1994,42,0.99,0.49,0.43,0.77,0.72,0.84,0.76,0.61,572.85
ART_00903,36,116,4176,0.31,pastel,pop_art,11,252,3.82,Germany,1,1,new,1993,194,0.81,0.57,0.88,0.80,0.56,0.71,0.87,0.73,1987.91
ART_00904,28,55,1540,0.51,digital,abstract,24,61,5.32,Bangladesh,1,1,fair,1997,81,0.88,0.79,0.33,0.40,0.58,0.98,0.72,0.74,913.23
ART_00905,45,138,6210,0.33,pastel,abstract,6,0,3.90,Bangladesh,1,1,fair,1990,186,0.78,0.83,0.32,0.33,0.68,0.84,0.63,0.94,1723.89
ART_00906,80,84,6720,0.95,digital,pop_art,8,138,3.47,France,1,1,excellent,2021,98,0.77,0.93,0.80,0.35,0.52,0.83,0.88,0.67,1641.24
ART_00907,93,29,2697,3.21,ink,conceptual,6,223,5.32,Canada,1,1,fair,2006,132,0.76,0.77,0.69,0.92,0.80,0.89,0.41,0.48,761.09
ART_00908,116,120,13920,0.97,gouache,expressionism,8,4,3.54,Bangladesh,1,1,good,1996,203,0.66,0.57,0.71,0.49,0.75,0.66,0.83,0.48,2205.04
ART_00909,34,104,3536,0.33,acrylic,landscape,20,3,3.83,UK,0,49,excellent,2003,114,0.94,0.64,0.50,0.68,0.99,0.87,0.87,0.44,1233.29
ART_00910,140,61,8540,2.30,ink,realism,12,192,4.75,Canada,1,1,good,2005,54,0.99,0.70,0.68,0.87,0.89,0.65,0.28,0.66,2220.59
ART_00911,150,75,11250,2.00,charcoal,pop_art,8,9,4.58,UK,0,6,fair,2005,12,0.85,0.77,0.57,0.77,0.64,0.99,0.31,0.45,1251.55
ART_00912,55,94,5170,0.59,charcoal,abstract,21,361,4.86,Pakistan,1,1,good,2004,133,0.99,0.77,0.82,0.54,0.75,0.91,0.42,0.92,3601.98
ART_00913,43,131,5633,0.33,pastel,conceptual,24,1,5.38,USA,1,1,fair,2023,154,0.96,0.61,0.46,0.59,0.89,0.91,0.90,0.96,2235.03
ART_00914,41,80,3280,0.51,gouache,abstract,0,0,3.06,Japan,1,1,fair,2004,22,0.64,0.83,0.71,0.63,0.51,0.97,0.41,0.92,727.82
ART_00915,154,153,23562,1.01,oil,abstract,23,1,3.43,Germany,1,1,new,2015,136,0.92,0.65,0.68,0.67,0.72,0.89,0.45,0.84,8146.15
ART_00916,115,116,13340,0.99,ink,pop_art,7,218,4.96,UAE,1,1,excellent,2026,45,0.83,0.66,0.31,0.66,0.58,0.80,0.53,0.42,2326.69
ART_00917,69,134,9246,0.51,oil,surrealism,17,6,3.79,Bangladesh,1,1,good,1993,118,0.99,0.89,0.86,0.50,0.88,0.69,0.52,0.67,4830.03
ART_00918,89,127,11303,0.70,pastel,portrait,11,210,4.85,Germany,1,1,good,1999,219,0.99,0.58,0.67,0.33,0.73,0.71,0.67,0.82,3307.45
ART_00919,116,60,6960,1.93,watercolor,impressionism,6,126,3.61,Japan,0,61,excellent,2005,148,0.92,0.80,0.34,0.94,0.92,0.90,0.78,0.77,1764.82
ART_00920,72,80,5760,0.90,watercolor,portrait,12,30,3.58,India,0,40,excellent,2026,98,0.81,0.67,0.82,0.70,0.71,0.91,0.45,0.57,897.54
ART_00921,140,54,7560,2.59,gouache,portrait,20,138,5.30,Pakistan,1,1,fair,2018,238,0.97,0.83,0.67,0.70,0.75,0.88,0.65,0.77,2790.79
ART_00922,106,66,6996,1.61,watercolor,expressionism,3,369,5.21,India,1,1,excellent,1994,221,0.81,0.71,0.87,0.75,0.99,0.84,0.50,0.98,4400.39
ART_00923,99,84,8316,1.18,oil,conceptual,8,349,4.46,India,1,1,good,2015,69,0.99,0.88,0.58,0.41,0.94,0.82,0.84,0.52,3563.20
ART_00924,97,58,5626,1.67,acrylic,expressionism,6,265,4.47,Germany,1,1,fair,2003,103,0.99,0.70,0.33,0.92,0.98,0.69,0.83,0.42,2278.06
ART_00925,35,87,3045,0.40,watercolor,impressionism,9,369,4.29,Bangladesh,1,1,good,2023,193,0.99,0.59,0.43,0.77,0.98,0.99,0.76,0.92,1892.80
ART_00926,96,33,3168,2.91,gouache,landscape,7,302,4.79,Bangladesh,0,67,new,2007,9,0.95,0.72,0.69,0.95,0.88,0.55,0.53,0.51,706.18
ART_00927,152,139,21128,1.09,acrylic,impressionism,7,291,3.95,Germany,1,1,excellent,1998,227,0.81,0.77,0.82,0.80,0.59,0.75,0.41,0.45,5515.62
ART_00928,75,58,4350,1.29,charcoal,portrait,12,370,4.70,UK,1,1,good,2004,78,0.88,0.64,0.77,0.74,0.86,0.78,0.95,0.87,2089.17
ART_00929,74,67,4958,1.10,gouache,portrait,20,69,4.30,UAE,1,1,new,2004,176,0.87,0.84,0.45,0.36,0.99,0.82,0.58,0.54,1806.15
ART_00930,134,91,12194,1.47,digital,minimalism,6,177,3.13,India,1,1,fair,2022,163,0.93,0.65,0.70,0.64,0.60,0.84,0.74,0.63,1487.49
ART_00931,116,55,6380,2.11,ink,landscape,16,5,3.02,USA,1,1,excellent,2013,141,0.99,0.94,0.79,0.48,0.70,0.95,0.59,0.92,1861.98
ART_00932,144,129,18576,1.12,pastel,impressionism,0,103,4.61,UAE,1,1,new,1996,145,0.95,0.77,0.40,0.31,0.63,0.95,0.75,0.94,4560.71
ART_00933,146,83,12118,1.76,mixed_media,minimalism,1,2,3.82,UAE,1,1,good,2017,14,0.59,0.67,0.44,0.59,0.52,0.55,0.91,0.68,1718.01
ART_00934,83,47,3901,1.77,charcoal,conceptual,2,368,3.23,Turkey,0,39,new,2022,178,0.99,0.85,0.66,0.93,0.99,0.61,0.62,0.66,1192.79
ART_00935,84,59,4956,1.42,pastel,landscape,2,347,3.57,Pakistan,1,1,good,1992,185,0.99,0.56,0.31,0.31,0.64,0.89,0.39,0.77,1583.52
ART_00936,108,108,11664,1.00,watercolor,conceptual,17,6,3.39,Turkey,1,1,excellent,1994,176,0.84,0.63,0.60,0.89,0.73,0.68,0.31,0.43,2212.23
ART_00937,50,53,2650,0.94,gouache,pop_art,23,36,4.44,Bangladesh,1,1,fair,2025,236,0.99,0.73,0.49,0.89,0.99,0.87,0.31,0.98,1280.60
ART_00938,30,39,1170,0.77,charcoal,impressionism,16,90,4.42,France,1,1,excellent,1992,16,0.93,0.85,0.45,0.47,0.59,0.90,0.67,0.45,783.24
ART_00939,68,94,6392,0.72,mixed_media,realism,3,41,3.34,Pakistan,1,1,good,2011,166,0.99,0.91,0.44,0.31,0.99,0.92,0.60,0.67,2524.83
ART_00940,86,109,9374,0.79,acrylic,landscape,23,185,4.41,Italy,0,51,excellent,1998,135,0.99,0.55,0.82,0.47,0.90,0.89,0.92,0.95,4354.37
ART_00941,30,60,1800,0.50,oil,realism,2,159,3.84,India,1,1,good,2005,177,0.85,0.74,0.72,0.60,0.71,0.93,0.44,0.95,1399.66
ART_00942,154,110,16940,1.40,oil,pop_art,13,249,5.29,Canada,1,1,new,2017,119,0.99,0.96,0.39,0.87,0.91,0.99,0.95,0.47,7862.96
ART_00943,70,120,8400,0.58,gouache,abstract,18,171,4.12,France,0,18,excellent,1992,116,0.96,0.75,0.64,0.54,0.72,0.55,0.46,0.53,1840.51
ART_00944,155,84,13020,1.85,acrylic,portrait,0,27,4.33,Japan,1,1,good,1993,15,0.65,0.64,0.63,0.55,0.87,0.59,0.40,0.62,2465.55
ART_00945,55,42,2310,1.31,charcoal,landscape,21,331,4.20,France,1,1,good,2008,16,0.99,0.64,0.48,0.76,0.73,0.52,0.44,0.75,1242.37
ART_00946,56,128,7168,0.44,gouache,abstract,11,150,3.33,Bangladesh,1,1,new,2016,111,0.78,0.83,0.76,0.41,0.86,0.63,0.90,0.98,2826.40
ART_00947,58,128,7424,0.45,gouache,conceptual,2,138,5.22,UK,1,1,good,2010,220,0.99,0.63,0.43,0.90,0.76,0.90,0.39,0.92,2593.47
ART_00948,48,123,5904,0.39,charcoal,impressionism,16,6,3.38,UK,0,38,excellent,2009,231,0.99,0.56,0.72,0.44,0.89,0.96,0.37,0.85,1553.66
ART_00949,118,67,7906,1.76,acrylic,expressionism,6,373,3.70,Bangladesh,1,1,new,1990,169,0.88,0.92,0.64,0.87,0.99,0.94,0.47,0.86,4853.97
ART_00950,72,50,3600,1.44,digital,realism,12,378,5.00,Japan,1,1,new,2017,195,0.99,0.92,0.49,0.80,0.99,0.85,0.95,0.78,2977.91
ART_00951,62,126,7812,0.49,mixed_media,portrait,12,20,4.45,Turkey,1,1,fair,2015,201,0.79,0.65,0.87,0.93,0.73,0.61,0.65,0.96,2548.87
ART_00952,22,134,2948,0.16,oil,conceptual,17,202,4.73,India,0,73,excellent,1994,235,0.84,0.52,0.58,0.56,0.89,0.82,0.67,0.58,1289.93
ART_00953,61,97,5917,0.63,oil,expressionism,24,132,5.50,Canada,1,1,new,2012,211,0.99,0.64,0.54,0.47,0.68,0.86,0.68,0.95,5113.17
ART_00954,97,25,2425,3.88,acrylic,impressionism,16,351,5.51,Turkey,1,1,excellent,2007,9,0.99,0.57,0.29,0.94,0.90,0.60,0.33,0.96,2426.65
ART_00955,122,42,5124,2.90,digital,surrealism,11,197,4.01,Bangladesh,0,41,good,2010,77,0.99,0.78,0.40,0.45,0.60,0.54,0.25,0.53,1040.58
ART_00956,134,33,4422,4.06,charcoal,minimalism,4,419,5.34,Germany,1,1,excellent,2001,69,0.99,0.78,0.31,0.41,0.79,0.89,0.46,0.83,1981.96
ART_00957,40,107,4280,0.37,mixed_media,surrealism,7,1,3.13,UAE,1,1,excellent,2016,89,0.54,0.91,0.49,0.88,0.77,0.81,0.64,0.94,1844.30
ART_00958,108,132,14256,0.82,charcoal,minimalism,10,144,4.03,France,1,1,new,2004,141,0.99,0.88,0.70,0.38,0.88,0.99,0.73,0.54,3470.79
ART_00959,47,114,5358,0.41,ink,landscape,1,17,3.86,Bangladesh,1,1,new,2016,182,0.99,0.66,0.45,0.93,0.99,0.78,0.56,0.63,1470.01
ART_00960,119,70,8330,1.70,mixed_media,impressionism,21,114,3.36,France,1,1,fair,1993,36,0.84,0.80,0.43,0.53,0.78,0.80,0.54,0.82,2778.79
ART_00961,96,131,12576,0.73,digital,surrealism,9,16,4.53,UAE,1,1,new,2008,209,0.68,0.77,0.68,0.79,0.96,0.78,0.61,0.64,2823.42
ART_00962,143,152,21736,0.94,pastel,impressionism,7,243,5.33,France,1,1,excellent,2015,240,0.76,0.82,0.82,0.40,0.74,0.50,0.28,0.49,3707.32
ART_00963,45,63,2835,0.71,pastel,landscape,13,27,4.63,USA,1,1,good,2009,84,0.81,0.92,0.87,0.48,0.75,0.99,0.97,0.82,1180.82
ART_00964,39,74,2886,0.53,oil,landscape,22,384,4.20,UK,1,1,new,2013,28,0.99,0.64,0.58,0.49,0.75,0.58,0.80,0.75,2239.48
ART_00965,121,44,5324,2.75,oil,portrait,23,55,4.31,UK,0,66,good,2013,37,0.87,0.57,0.86,0.92,0.99,0.87,0.34,0.96,2161.81
ART_00966,101,109,11009,0.93,oil,conceptual,4,232,3.98,UK,1,1,new,2026,167,0.99,0.59,0.81,0.61,0.65,0.98,0.47,0.71,4119.36
ART_00967,127,31,3937,4.10,pastel,pop_art,0,75,5.10,Germany,0,28,new,1993,39,0.99,0.74,0.63,0.82,0.56,0.57,0.61,0.49,854.95
ART_00968,137,138,18906,0.99,oil,conceptual,0,49,3.78,Germany,0,17,fair,2002,211,0.89,0.65,0.29,0.91,0.94,0.50,0.31,0.56,2465.82
ART_00969,81,84,6804,0.96,watercolor,surrealism,6,1,3.86,Turkey,0,7,fair,1995,11,0.92,0.81,0.32,0.32,0.70,0.69,0.76,0.96,1722.82
ART_00970,100,91,9100,1.10,mixed_media,portrait,24,73,4.96,Bangladesh,1,1,fair,1994,24,0.99,0.70,0.37,0.77,0.99,0.78,0.66,0.61,3189.70
ART_00971,84,91,7644,0.92,pastel,landscape,10,38,3.20,France,1,1,excellent,2020,201,0.99,0.89,0.61,0.32,0.78,0.92,0.83,0.97,2128.84
ART_00972,85,143,12155,0.59,pastel,expressionism,6,36,3.53,Canada,0,25,new,1999,49,0.77,0.75,0.47,0.53,0.55,0.54,0.53,0.74,1484.55
ART_00973,36,146,5256,0.25,digital,pop_art,23,285,5.89,Pakistan,0,70,new,2024,162,0.99,0.61,0.43,0.50,0.64,0.80,0.49,0.74,1895.53
ART_00974,90,119,10710,0.76,charcoal,landscape,1,249,5.10,France,1,1,fair,2021,85,0.98,0.74,0.31,0.48,0.66,0.84,0.97,0.59,2266.86
ART_00975,154,39,6006,3.95,watercolor,abstract,13,12,5.34,UAE,1,1,fair,2010,101,0.99,0.92,0.77,0.46,0.90,0.68,0.73,0.47,2049.10
ART_00976,47,135,6345,0.35,gouache,minimalism,3,190,4.44,Bangladesh,1,1,fair,2001,244,0.82,0.63,0.75,0.56,0.62,0.91,0.40,0.92,1965.01
ART_00977,143,130,18590,1.10,watercolor,pop_art,20,3,3.59,India,1,1,new,2001,209,0.99,0.89,0.89,0.61,0.78,0.88,0.32,0.56,4051.73
ART_00978,59,87,5133,0.68,ink,realism,6,410,5.18,UK,0,65,new,2025,65,0.99,0.51,0.65,0.73,0.89,0.72,0.35,0.57,1145.94
ART_00979,42,100,4200,0.42,ink,minimalism,12,9,4.91,UAE,0,26,fair,1997,135,0.99,0.48,0.53,0.34,0.70,0.91,0.68,0.83,844.87
ART_00980,30,122,3660,0.25,mixed_media,minimalism,4,310,4.06,USA,1,1,fair,1997,26,0.99,0.91,0.31,0.48,0.64,0.99,0.41,0.65,1376.19
ART_00981,129,113,14577,1.14,mixed_media,minimalism,2,276,5.23,India,1,1,good,2006,105,0.73,0.73,0.88,0.70,0.82,0.97,0.69,0.97,5983.59
ART_00982,57,43,2451,1.33,watercolor,landscape,14,121,3.40,UK,1,1,excellent,1999,25,0.97,0.76,0.65,0.42,0.60,0.59,0.92,0.75,1202.34
ART_00983,90,122,10980,0.74,digital,realism,24,0,4.44,Pakistan,1,1,new,2012,120,0.99,0.95,0.29,0.43,0.58,0.72,0.41,0.87,4238.82
ART_00984,28,145,4060,0.19,ink,realism,10,156,4.33,Turkey,1,1,excellent,2021,189,0.99,0.75,0.68,0.73,0.64,0.58,0.34,0.82,1553.93
ART_00985,32,137,4384,0.23,ink,portrait,0,18,3.97,USA,0,14,new,2019,160,0.76,0.50,0.85,0.80,0.72,0.93,0.88,0.92,1065.36
ART_00986,153,63,9639,2.43,charcoal,abstract,3,39,2.74,Canada,1,1,excellent,2015,161,0.91,0.60,0.64,0.74,0.73,0.73,0.51,0.79,1692.16
ART_00987,101,103,10403,0.98,ink,portrait,6,189,3.78,USA,1,1,excellent,1999,190,0.95,0.82,0.41,0.76,0.99,0.78,0.80,0.47,3007.79
ART_00988,56,66,3696,0.85,pastel,pop_art,16,376,4.87,Pakistan,0,30,fair,2009,236,0.97,0.70,0.66,0.32,0.73,0.95,0.64,0.62,1157.32
ART_00989,82,64,5248,1.28,pastel,conceptual,0,167,4.13,Pakistan,0,81,fair,1993,59,0.95,0.75,0.42,0.61,0.62,0.67,0.49,0.79,746.35
ART_00990,126,151,19026,0.83,digital,minimalism,14,374,5.20,France,1,1,good,2022,140,0.99,0.59,0.48,0.84,0.92,0.88,0.87,0.81,6436.99
ART_00991,29,88,2552,0.33,acrylic,landscape,13,309,4.54,Turkey,1,1,excellent,1994,37,0.99,0.79,0.79,0.40,0.99,0.57,0.56,0.79,2064.79
ART_00992,23,138,3174,0.17,oil,pop_art,23,195,3.94,Pakistan,1,1,excellent,1992,84,0.99,0.95,0.30,0.81,0.91,0.83,0.53,0.98,3024.16
ART_00993,130,107,13910,1.21,watercolor,impressionism,25,73,3.79,India,1,1,new,2013,165,0.99,0.77,0.58,0.92,0.75,0.99,0.29,0.82,4679.79
ART_00994,123,117,14391,1.05,watercolor,pop_art,2,295,3.36,Italy,1,1,new,1991,123,0.99,0.57,0.39,0.66,0.60,0.70,0.71,0.56,3699.40
ART_00995,115,125,14375,0.92,digital,surrealism,19,203,3.82,Japan,1,1,excellent,2005,165,0.99,0.68,0.53,0.57,0.60,0.84,0.71,0.93,4459.64
ART_00996,59,137,8083,0.43,acrylic,abstract,17,15,3.54,France,1,1,excellent,2023,96,0.99,0.59,0.76,0.51,0.63,0.63,0.42,0.45,1948.33
ART_00997,114,66,7524,1.73,oil,landscape,14,28,5.07,Turkey,1,1,excellent,2025,174,0.74,0.82,0.36,0.43,0.64,0.57,0.61,0.86,2999.08
ART_00998,23,97,2231,0.24,oil,abstract,13,3,5.01,Turkey,1,1,excellent,2025,173,0.71,0.85,0.57,0.91,0.58,0.78,0.57,0.43,1115.26
ART_00999,24,53,1272,0.45,acrylic,realism,17,140,3.96,Italy,1,1,fair,2001,187,0.86,0.62,0.88,0.75,0.74,0.54,0.88,0.94,1165.91
ART_01000,128,120,15360,1.07,mixed_media,abstract,12,275,3.97,USA,1,1,fair,2017,20,0.99,0.76,0.85,0.51,0.60,0.83,0.42,0.73,4829.62
ART_01001,132,125,16500,1.06,charcoal,portrait,23,51,5.15,India,1,1,fair,2000,167,0.86,0.77,0.83,0.58,0.82,0.65,0.39,0.63,3553.44
ART_01002,94,116,10904,0.81,acrylic,expressionism,13,85,5.46,France,1,1,fair,2021,33,0.88,0.73,0.72,0.35,0.78,0.64,0.71,0.61,2944.52
ART_01003,24,37,888,0.65,watercolor,realism,11,217,4.88,Canada,1,1,good,2006,15,0.99,0.89,0.87,0.59,0.56,0.98,0.36,0.72,725.63
ART_01004,112,50,5600,2.24,ink,expressionism,22,60,3.59,USA,1,1,good,2022,92,0.99,0.57,0.88,0.67,0.77,0.72,0.78,0.49,1364.79
ART_01005,115,40,4600,2.88,charcoal,realism,22,376,4.28,France,1,1,new,1997,41,0.99,0.61,0.48,0.40,0.84,0.76,0.87,0.98,3138.35
ART_01006,101,81,8181,1.25,digital,portrait,21,386,4.53,UK,0,70,new,1995,209,0.97,0.80,0.39,0.78,0.99,0.62,0.40,0.86,3222.30
ART_01007,84,128,10752,0.66,charcoal,pop_art,18,403,5.91,Japan,1,1,new,1998,47,0.99,0.76,0.68,0.92,0.99,0.89,0.49,0.78,5657.85
ART_01008,51,36,1836,1.42,pastel,portrait,14,26,3.31,India,1,1,excellent,2008,131,0.76,0.89,0.69,0.60,0.71,0.49,0.60,0.96,894.58
ART_01009,79,57,4503,1.39,ink,portrait,18,25,3.28,Pakistan,1,1,fair,1995,178,0.99,0.72,0.44,0.75,0.68,0.80,0.43,0.95,1316.04
ART_01010,90,39,3510,2.31,charcoal,abstract,20,226,5.18,Italy,1,1,new,2013,46,0.99,0.71,0.71,0.66,0.99,0.57,0.76,0.79,2224.24
ART_01011,139,100,13900,1.39,acrylic,portrait,21,132,4.39,Pakistan,1,1,excellent,1994,49,0.99,0.70,0.30,0.63,0.87,0.62,0.88,0.46,4716.17
ART_01012,57,84,4788,0.68,watercolor,minimalism,11,399,4.60,UAE,0,83,excellent,2020,134,0.91,0.53,0.60,0.56,0.70,0.57,0.69,0.62,1145.02
ART_01013,82,31,2542,2.65,mixed_media,surrealism,24,12,4.52,UK,1,1,excellent,2019,243,0.85,0.62,0.44,0.73,0.68,0.50,0.83,0.85,1824.74
ART_01014,28,109,3052,0.26,digital,pop_art,20,203,5.55,UK,1,1,excellent,2000,17,0.99,0.89,0.58,0.78,0.57,0.55,0.89,0.93,2374.72
ART_01015,60,95,5700,0.63,watercolor,conceptual,17,0,3.47,Germany,0,62,fair,2013,246,0.87,0.77,0.61,0.87,0.73,0.59,0.37,0.62,908.14
ART_01016,98,70,6860,1.40,pastel,impressionism,24,176,5.78,Bangladesh,0,69,fair,2023,38,0.89,0.62,0.51,0.68,0.63,0.66,0.47,0.76,1170.20
ART_01017,144,59,8496,2.44,ink,surrealism,16,52,3.56,Germany,1,1,new,1991,230,0.81,0.95,0.68,0.78,0.60,0.71,0.46,0.66,2297.24
ART_01018,139,127,17653,1.09,watercolor,surrealism,17,13,5.31,France,1,1,good,1996,175,0.99,0.65,0.52,0.89,0.88,0.84,0.59,0.69,4662.56
ART_01019,99,75,7425,1.32,watercolor,conceptual,25,74,4.94,Bangladesh,1,1,good,1997,27,0.99,0.77,0.57,0.66,0.82,0.84,0.80,0.89,3929.06
ART_01020,155,124,19220,1.25,ink,pop_art,11,24,4.56,Turkey,1,1,excellent,2012,98,0.99,0.68,0.87,0.66,0.81,0.68,0.75,0.98,3942.84
ART_01021,34,45,1530,0.76,ink,surrealism,23,225,4.94,Italy,0,10,fair,2013,203,0.99,0.48,0.50,0.74,0.74,0.98,0.86,0.62,655.38
ART_01022,62,106,6572,0.58,acrylic,expressionism,16,375,4.08,USA,1,1,new,1994,78,0.99,0.93,0.51,0.49,0.82,0.92,0.93,0.55,3970.82
ART_01023,58,85,4930,0.68,oil,expressionism,3,169,3.90,Japan,1,1,fair,2001,210,0.99,0.63,0.80,0.81,0.80,0.54,0.38,0.49,1645.60
ART_01024,33,97,3201,0.34,oil,portrait,1,21,3.35,UK,1,1,fair,1995,156,0.76,0.64,0.37,0.78,0.84,0.84,0.69,0.45,1107.62
ART_01025,150,44,6600,3.41,ink,expressionism,24,226,4.69,Pakistan,1,1,fair,2011,207,0.99,0.59,0.37,0.68,0.71,0.55,0.75,0.93,2802.58
ART_01026,102,83,8466,1.23,digital,expressionism,11,353,5.43,Bangladesh,1,1,new,2019,193,0.99,0.63,0.48,0.93,0.63,0.96,0.72,0.95,4901.73
ART_01027,105,48,5040,2.19,acrylic,portrait,8,165,4.79,UK,0,71,new,2023,170,0.78,0.49,0.88,0.80,0.85,0.75,0.82,0.76,1279.69
ART_01028,39,24,936,1.63,acrylic,landscape,10,122,5.33,USA,0,39,new,1996,156,0.75,0.68,0.85,0.77,0.57,0.49,0.46,0.95,669.91
ART_01029,44,74,3256,0.59,ink,abstract,24,256,5.55,Pakistan,1,1,excellent,2022,106,0.99,0.64,0.48,0.36,0.89,0.60,0.48,0.48,1380.45
ART_01030,58,23,1334,2.52,watercolor,realism,25,40,5.50,Japan,1,1,fair,2022,179,0.99,0.67,0.72,0.74,0.74,0.71,0.58,0.93,959.97
ART_01031,101,117,11817,0.86,charcoal,abstract,17,4,4.97,Japan,1,1,excellent,2001,167,0.99,0.65,0.56,0.86,0.99,0.95,0.75,0.56,3886.64
ART_01032,49,76,3724,0.64,watercolor,surrealism,6,335,4.29,Turkey,0,39,fair,1994,92,0.99,0.61,0.28,0.61,0.78,0.61,0.93,0.75,1196.39
ART_01033,64,146,9344,0.44,pastel,portrait,17,397,4.50,Bangladesh,1,1,good,2015,168,0.87,0.87,0.88,0.79,0.73,0.63,0.84,0.56,3426.22
ART_01034,59,155,9145,0.38,charcoal,landscape,1,106,2.89,France,0,34,new,1997,232,0.80,0.52,0.64,0.58,0.99,0.49,0.33,0.85,1225.77
ART_01035,100,107,10700,0.93,watercolor,pop_art,8,60,3.45,Japan,1,1,fair,1998,24,0.96,0.82,0.62,0.84,0.96,0.99,0.75,0.67,2401.12
ART_01036,37,126,4662,0.29,pastel,abstract,13,29,3.23,Japan,1,1,good,2008,68,0.99,0.69,0.53,0.66,0.76,0.53,0.83,0.93,1607.34
ART_01037,54,56,3024,0.96,digital,minimalism,2,407,4.87,Italy,1,1,new,2018,245,0.99,0.64,0.77,0.53,0.57,0.77,0.79,0.86,1898.35
ART_01038,144,154,22176,0.94,charcoal,conceptual,10,66,3.52,Germany,1,1,excellent,2006,33,0.89,0.77,0.28,0.83,0.96,0.50,0.95,0.47,2606.78
ART_01039,127,99,12573,1.28,watercolor,minimalism,4,76,4.29,France,1,1,excellent,2000,168,0.99,0.86,0.31,0.48,0.94,0.70,0.66,0.88,4003.49
ART_01040,141,157,22137,0.90,digital,conceptual,9,31,5.17,India,1,1,fair,2024,220,0.99,0.78,0.85,0.86,0.61,0.76,0.72,0.94,3633.80
ART_01041,125,68,8500,1.84,watercolor,abstract,3,276,3.18,UAE,1,1,good,2011,14,0.83,0.78,0.51,0.40,0.99,0.80,0.63,0.88,2862.19
ART_01042,71,150,10650,0.47,mixed_media,minimalism,3,42,2.71,Canada,1,1,good,2006,208,0.76,0.84,0.85,0.65,0.75,0.55,0.78,0.79,2140.77
ART_01043,146,79,11534,1.85,gouache,abstract,0,103,5.11,Germany,1,1,new,2018,206,0.99,0.90,0.37,0.63,0.97,0.56,0.25,0.49,2530.51
ART_01044,47,36,1692,1.31,digital,portrait,21,43,4.64,Germany,1,1,good,2024,247,0.81,0.94,0.66,0.51,0.62,0.49,0.66,0.48,771.93
ART_01045,40,152,6080,0.26,digital,abstract,13,165,5.33,Italy,0,44,excellent,1990,176,0.94,0.70,0.82,0.56,0.87,0.92,0.33,0.54,1881.98
ART_01046,44,123,5412,0.36,ink,surrealism,15,0,4.14,Bangladesh,1,1,good,2021,145,0.98,0.89,0.67,0.46,0.99,0.52,0.89,0.78,1967.15
ART_01047,160,89,14240,1.80,oil,conceptual,10,74,4.21,Italy,1,1,fair,2020,229,0.83,0.91,0.74,0.69,0.91,0.62,0.59,0.48,2977.41
ART_01048,112,123,13776,0.91,watercolor,portrait,22,16,4.66,UAE,1,1,fair,1993,198,0.88,0.73,0.72,0.85,0.87,0.50,0.49,0.45,2615.94
ART_01049,42,44,1848,0.95,charcoal,expressionism,9,76,4.56,France,1,1,excellent,1992,126,0.99,0.91,0.86,0.46,0.88,0.68,0.93,0.88,1131.82
ART_01050,129,45,5805,2.87,charcoal,landscape,19,177,4.16,UK,1,1,new,2018,223,0.99,0.92,0.66,0.32,0.99,0.58,0.68,0.83,2868.30
ART_01051,107,110,11770,0.97,pastel,landscape,13,205,3.93,USA,1,1,excellent,1991,187,0.99,0.86,0.45,0.59,0.63,0.63,0.57,0.93,4708.88
ART_01052,23,76,1748,0.30,gouache,realism,24,403,5.73,Germany,1,1,fair,2016,220,0.99,0.59,0.56,0.55,0.59,0.97,0.67,0.96,1788.76
ART_01053,155,80,12400,1.94,acrylic,pop_art,3,380,5.09,Japan,1,1,fair,2026,158,0.97,0.58,0.60,0.73,0.83,0.76,0.35,0.62,2848.28
ART_01054,142,88,12496,1.61,charcoal,conceptual,24,234,5.14,USA,1,1,excellent,2003,118,0.99,0.85,0.32,0.73,0.80,0.76,0.31,0.49,4206.05
ART_01055,122,83,10126,1.47,ink,conceptual,24,98,4.88,UK,1,1,good,2005,62,0.98,0.58,0.51,0.56,0.87,0.69,0.29,0.57,2030.30
ART_01056,152,62,9424,2.45,watercolor,minimalism,0,6,3.28,Turkey,1,1,new,2016,112,0.58,0.90,0.64,0.91,0.88,0.72,0.43,0.75,1764.54
ART_01057,59,140,8260,0.42,mixed_media,realism,8,1,3.76,Japan,0,16,excellent,2004,112,0.67,0.66,0.84,0.40,0.91,0.61,0.65,0.75,1736.45
ART_01058,89,45,4005,1.98,gouache,realism,15,0,3.82,Germany,1,1,good,2020,41,0.98,0.81,0.56,0.92,0.86,0.99,0.35,0.73,1442.10
ART_01059,157,94,14758,1.67,ink,surrealism,4,109,3.85,Turkey,1,1,good,2000,171,0.99,0.56,0.73,0.93,0.99,0.79,0.44,0.87,3475.76
ART_01060,81,79,6399,1.03,pastel,expressionism,25,38,3.64,Canada,1,1,fair,2000,111,0.94,0.65,0.48,0.48,0.66,0.89,0.81,0.58,1554.87
ART_01061,55,109,5995,0.50,watercolor,impressionism,3,100,4.66,Turkey,1,1,fair,1999,121,0.72,0.68,0.84,0.45,0.60,0.94,0.42,0.48,1052.71
ART_01062,119,150,17850,0.79,gouache,realism,3,0,4.89,Italy,0,14,good,2020,244,0.63,0.81,0.84,0.88,0.63,0.57,0.82,0.75,1989.90
ART_01063,44,60,2640,0.73,ink,minimalism,21,39,4.44,India,1,1,new,1999,17,0.97,0.96,0.52,0.31,0.97,0.93,0.94,0.86,1724.14
ART_01064,69,132,9108,0.52,pastel,landscape,14,7,4.39,Turkey,1,1,good,2003,19,0.73,0.96,0.77,0.69,0.77,0.78,0.53,0.47,1858.13
ART_01065,50,92,4600,0.54,pastel,expressionism,20,138,4.35,USA,1,1,good,2016,146,0.99,0.72,0.35,0.63,0.90,0.51,0.52,0.52,1373.36
ART_01066,40,106,4240,0.38,ink,landscape,9,133,4.80,Germany,1,1,good,2008,39,0.78,0.64,0.41,0.70,0.80,0.86,0.40,0.94,1484.81
ART_01067,151,126,19026,1.20,watercolor,portrait,5,75,3.83,Canada,1,1,excellent,2018,158,0.89,0.84,0.31,0.36,0.96,0.69,0.69,0.81,3562.28
ART_01068,39,68,2652,0.57,ink,conceptual,11,389,5.04,Italy,1,1,excellent,2020,168,0.99,0.94,0.31,0.34,0.99,0.99,0.58,0.86,1584.75
ART_01069,132,71,9372,1.86,pastel,surrealism,11,263,4.57,Bangladesh,1,1,new,2015,139,0.99,0.82,0.55,0.40,0.76,0.96,0.67,0.57,3470.08
ART_01070,26,81,2106,0.32,oil,realism,15,194,5.59,UAE,1,1,excellent,2005,48,0.99,0.72,0.79,0.83,0.89,0.83,0.43,0.65,2395.89
ART_01071,71,25,1775,2.84,acrylic,abstract,1,125,3.31,India,1,1,fair,2021,68,0.99,0.76,0.69,0.34,0.89,0.98,0.77,0.45,759.60
ART_01072,115,152,17480,0.76,pastel,landscape,0,283,4.58,Pakistan,1,1,good,1999,163,0.80,0.92,0.72,0.42,0.72,0.60,0.82,0.45,3295.78
ART_01073,116,129,14964,0.90,ink,abstract,7,199,3.20,Germany,1,1,fair,2013,201,0.99,0.79,0.47,0.67,0.92,0.76,0.71,0.64,2424.30
ART_01074,126,125,15750,1.01,mixed_media,pop_art,7,111,3.46,India,0,26,new,2003,214,0.99,0.64,0.59,0.72,0.74,0.99,0.91,0.86,3888.65
ART_01075,80,156,12480,0.51,gouache,minimalism,19,18,5.22,Canada,1,1,fair,1997,183,0.74,0.79,0.72,0.66,0.62,0.71,0.26,0.94,3020.77
ART_01076,146,148,21608,0.99,charcoal,portrait,21,47,3.40,Canada,0,22,new,1995,43,0.99,0.70,0.56,0.47,0.59,0.71,0.90,0.78,3592.05
ART_01077,65,110,7150,0.59,pastel,impressionism,13,16,3.68,Germany,1,1,excellent,2011,160,0.99,0.95,0.82,0.45,0.65,0.56,0.35,0.56,1778.68
ART_01078,128,98,12544,1.31,gouache,expressionism,25,165,4.41,Turkey,1,1,good,1993,225,0.99,0.80,0.87,0.53,0.99,0.73,0.35,0.94,4442.57
ART_01079,141,66,9306,2.14,digital,realism,4,133,4.72,Turkey,1,1,new,2001,15,0.76,0.65,0.59,0.89,0.67,0.99,0.31,0.68,2689.76
ART_01080,25,36,900,0.69,digital,surrealism,8,149,3.44,Germany,1,1,good,2009,246,0.76,0.64,0.59,0.54,0.72,0.69,0.63,0.45,371.13
ART_01081,80,142,11360,0.56,gouache,impressionism,11,305,5.50,Italy,1,1,excellent,1992,55,0.92,0.57,0.84,0.61,0.87,0.84,0.54,0.81,5046.10
ART_01082,51,125,6375,0.41,ink,conceptual,0,220,3.11,Italy,1,1,good,1996,175,0.97,0.68,0.30,0.94,0.63,0.58,0.86,0.55,1404.90
ART_01083,100,82,8200,1.22,gouache,realism,15,321,5.66,UK,0,73,good,2012,82,0.99,0.50,0.82,0.55,0.64,0.98,0.33,0.83,1690.27
ART_01084,33,84,2772,0.39,pastel,expressionism,4,47,4.54,UAE,1,1,new,2018,121,0.83,0.60,0.52,0.33,0.79,0.93,0.60,0.67,852.97
ART_01085,138,111,15318,1.24,pastel,conceptual,6,268,3.39,Bangladesh,1,1,fair,2005,85,0.99,0.62,0.74,0.51,0.59,0.57,0.65,0.44,1929.60
ART_01086,115,37,4255,3.11,ink,realism,11,351,3.92,Japan,1,1,good,1998,108,0.84,0.63,0.39,0.65,0.89,0.51,0.48,0.63,1406.55
ART_01087,155,46,7130,3.37,gouache,impressionism,4,26,3.15,Japan,1,1,excellent,2001,156,0.76,0.79,0.46,0.39,0.76,0.98,0.46,0.44,1413.96
ART_01088,104,94,9776,1.11,watercolor,expressionism,22,51,5.37,France,1,1,good,2000,87,0.96,0.83,0.79,0.50,0.61,0.76,0.45,0.44,2776.20
ART_01089,98,140,13720,0.70,acrylic,portrait,3,151,2.99,UK,0,6,fair,1997,202,0.75,0.57,0.35,0.42,0.64,0.87,0.58,0.76,2204.16
ART_01090,145,136,19720,1.07,mixed_media,landscape,5,377,5.26,Turkey,1,1,fair,2009,87,0.99,0.86,0.36,0.84,0.80,0.66,0.28,0.84,6339.07
ART_01091,46,59,2714,0.78,ink,pop_art,0,83,2.68,Turkey,1,1,excellent,2008,200,0.84,0.69,0.54,0.66,0.94,0.85,0.77,0.53,775.72
ART_01092,95,109,10355,0.87,digital,portrait,4,259,4.69,Germany,0,5,good,1997,170,0.74,0.83,0.42,0.30,0.78,0.94,0.51,0.73,3029.38
ART_01093,38,28,1064,1.36,acrylic,abstract,24,200,3.53,Turkey,1,1,new,2012,91,0.89,0.71,0.63,0.57,0.69,0.70,0.38,0.51,827.51
ART_01094,124,145,17980,0.86,acrylic,impressionism,10,174,4.92,Turkey,1,1,excellent,1999,199,0.99,0.73,0.57,0.37,0.98,0.79,0.46,0.73,7268.59
ART_01095,146,111,16206,1.32,pastel,minimalism,13,6,5.33,UK,1,1,fair,2003,32,0.76,0.84,0.75,0.70,0.70,0.84,0.41,0.53,2018.37
ART_01096,24,107,2568,0.22,acrylic,conceptual,20,356,4.89,UK,1,1,excellent,2017,241,0.99,0.71,0.66,0.93,0.85,0.80,0.26,0.88,2576.69
ART_01097,88,108,9504,0.81,pastel,expressionism,6,28,3.26,Germany,1,1,fair,1993,42,0.94,0.61,0.48,0.69,0.65,0.56,0.66,0.49,1407.16
ART_01098,96,99,9504,0.97,acrylic,conceptual,6,336,3.18,Germany,0,71,fair,2006,131,0.91,0.74,0.32,0.77,0.62,0.94,0.93,0.74,1645.07
ART_01099,145,68,9860,2.13,mixed_media,expressionism,13,141,3.38,Bangladesh,0,61,fair,1997,178,0.92,0.61,0.58,0.43,0.54,0.97,0.55,0.83,1847.81
ART_01100,43,104,4472,0.41,mixed_media,minimalism,1,357,4.01,UK,1,1,good,1994,59,0.99,0.78,0.66,0.33,0.73,0.81,0.73,0.84,2163.14
ART_01101,82,137,11234,0.60,watercolor,minimalism,14,50,3.43,UK,1,1,new,2010,157,0.74,0.82,0.60,0.88,0.63,0.63,0.97,0.73,2518.91
ART_01102,68,76,5168,0.89,charcoal,landscape,18,272,5.90,Pakistan,0,43,new,2025,210,0.93,0.50,0.58,0.49,0.73,0.66,0.56,0.94,1835.99
ART_01103,75,73,5475,1.03,mixed_media,realism,23,137,4.25,Germany,1,1,excellent,2006,131,0.86,0.83,0.68,0.39,0.79,0.62,0.64,0.73,3393.13
ART_01104,54,106,5724,0.51,gouache,conceptual,24,296,5.49,Turkey,1,1,good,2019,74,0.97,0.70,0.78,0.70,0.75,0.71,0.90,0.73,2847.63
ART_01105,35,22,770,1.59,pastel,minimalism,8,215,4.09,UK,1,1,fair,1995,133,0.94,0.84,0.60,0.85,0.90,0.66,0.54,0.45,400.46
ART_01106,67,30,2010,2.23,ink,minimalism,24,183,5.70,Germany,1,1,good,1995,176,0.99,0.62,0.40,0.85,0.99,0.93,0.56,0.45,1208.30
ART_01107,96,51,4896,1.88,mixed_media,realism,2,290,4.18,Bangladesh,0,33,excellent,2018,114,0.78,0.58,0.75,0.41,0.93,0.74,0.83,0.79,1680.14
ART_01108,71,82,5822,0.87,gouache,landscape,3,91,3.38,France,0,13,excellent,2007,243,0.75,0.58,0.78,0.61,0.94,0.69,0.81,0.96,1348.99
ART_01109,115,80,9200,1.44,acrylic,landscape,4,347,5.15,USA,1,1,new,2026,155,0.91,0.84,0.80,0.72,0.74,0.55,0.95,0.77,4216.13
ART_01110,96,36,3456,2.67,gouache,portrait,18,36,3.39,USA,1,1,good,2002,157,0.98,0.66,0.86,0.67,0.58,0.92,0.76,0.53,1009.87
ART_01111,90,27,2430,3.33,watercolor,minimalism,23,7,3.23,Turkey,1,1,new,1993,9,0.99,0.88,0.63,0.37,0.82,0.54,0.58,0.64,1199.00
ART_01112,155,97,15035,1.60,digital,portrait,15,19,4.90,Italy,1,1,new,2025,217,0.81,0.80,0.66,0.45,0.76,0.97,0.28,0.52,3541.54
ART_01113,32,20,640,1.60,gouache,conceptual,19,280,4.88,Turkey,0,46,excellent,1994,121,0.87,0.48,0.82,0.86,0.61,0.50,0.33,0.49,362.05
ART_01114,130,142,18460,0.92,acrylic,impressionism,16,20,4.82,Pakistan,0,33,excellent,1996,82,0.85,0.77,0.79,0.39,0.55,0.58,0.67,0.61,3333.53
ART_01115,66,84,5544,0.79,mixed_media,abstract,8,160,3.46,UAE,1,1,excellent,2024,47,0.96,0.91,0.32,0.46,0.98,0.89,0.29,0.98,3055.87
ART_01116,77,52,4004,1.48,charcoal,expressionism,19,38,4.50,Germany,1,1,good,2020,204,0.99,0.94,0.34,0.89,0.99,0.99,0.36,0.92,2039.41
ART_01117,98,150,14700,0.65,mixed_media,landscape,20,387,5.93,Pakistan,1,1,new,2026,161,0.99,0.67,0.87,0.77,0.75,0.53,0.82,0.92,7359.26
ART_01118,125,42,5250,2.98,mixed_media,landscape,22,33,3.78,Bangladesh,1,1,excellent,2017,14,0.99,0.77,0.47,0.67,0.72,0.68,0.78,0.67,2320.93
ART_01119,55,78,4290,0.71,ink,landscape,4,69,5.21,Turkey,1,1,good,2020,242,0.75,0.89,0.43,0.59,0.85,0.95,0.41,0.85,1389.15
ART_01120,119,103,12257,1.16,digital,landscape,22,76,3.85,Japan,0,56,new,2021,153,0.99,0.49,0.50,0.81,0.95,0.67,0.25,0.85,2493.69
ART_01121,99,157,15543,0.63,acrylic,conceptual,18,109,4.63,Bangladesh,1,1,new,1999,24,0.98,0.84,0.55,0.41,0.78,0.71,0.81,0.83,6831.48
ART_01122,115,70,8050,1.64,charcoal,realism,2,9,3.28,USA,0,21,excellent,2016,230,0.87,0.81,0.44,0.80,0.78,0.56,0.70,0.51,1252.67
ART_01123,80,121,9680,0.66,oil,surrealism,5,359,4.67,India,1,1,fair,2005,124,0.92,0.90,0.61,0.68,0.91,0.93,0.66,0.57,4880.96
ART_01124,109,74,8066,1.47,ink,landscape,1,4,3.15,Japan,1,1,good,1993,98,0.56,0.75,0.66,0.42,0.98,0.73,0.57,0.57,1158.04
ART_01125,135,22,2970,6.14,pastel,surrealism,13,68,3.78,USA,1,1,excellent,2009,49,0.92,0.78,0.60,0.60,0.67,0.72,0.50,0.73,1196.47
ART_01126,35,48,1680,0.73,pastel,landscape,24,142,4.37,France,1,1,fair,1995,58,0.99,0.69,0.49,0.36,0.72,0.98,0.75,0.82,1195.91
ART_01127,103,53,5459,1.94,mixed_media,pop_art,4,72,3.79,France,1,1,good,2009,115,0.95,0.69,0.49,0.85,0.75,0.59,0.95,0.62,1936.63
ART_01128,130,87,11310,1.49,oil,pop_art,0,1,4.45,Canada,0,52,new,2008,151,0.91,0.74,0.33,0.38,0.89,0.56,0.28,0.56,2066.60
ART_01129,37,155,5735,0.24,gouache,portrait,18,25,5.44,Japan,1,1,good,1991,38,0.93,0.69,0.73,0.67,0.94,0.65,0.77,0.74,2047.73
ART_01130,124,107,13268,1.16,charcoal,pop_art,17,22,3.28,Japan,1,1,fair,2024,93,0.74,0.77,0.73,0.41,0.65,0.82,0.71,0.85,1866.71
ART_01131,147,146,21462,1.01,digital,landscape,2,166,2.95,Japan,1,1,new,2005,34,0.80,0.71,0.33,0.47,0.78,0.76,0.94,0.86,4236.26
ART_01132,49,118,5782,0.42,oil,pop_art,23,301,5.61,Japan,1,1,new,2001,213,0.92,0.69,0.33,0.83,0.66,0.96,0.90,0.84,5877.35
ART_01133,99,53,5247,1.87,charcoal,realism,18,316,4.77,Canada,1,1,fair,1999,225,0.89,0.79,0.57,0.33,0.89,0.80,0.72,0.98,3262.51
ART_01134,41,40,1640,1.02,charcoal,landscape,18,3,4.40,USA,0,13,excellent,2003,11,0.99,0.47,0.36,0.84,0.90,0.73,0.39,0.85,660.66
ART_01135,148,114,16872,1.30,acrylic,conceptual,4,193,3.55,USA,1,1,good,2000,96,0.87,0.83,0.34,0.85,0.70,0.82,0.83,0.43,3579.77
ART_01136,88,116,10208,0.76,acrylic,landscape,7,403,5.34,Germany,0,70,good,1997,74,0.99,0.73,0.45,0.71,0.63,0.65,0.28,0.66,2874.87
ART_01137,29,98,2842,0.30,ink,conceptual,23,97,5.55,France,0,70,fair,2008,32,0.89,0.49,0.61,0.85,0.76,0.50,0.34,0.86,541.68
ART_01138,44,74,3256,0.59,acrylic,conceptual,23,66,5.27,Turkey,0,52,fair,2005,23,0.88,0.52,0.76,0.81,0.84,0.77,0.66,0.46,912.56
ART_01139,48,125,6000,0.38,charcoal,impressionism,18,66,5.51,Canada,1,1,excellent,1992,116,0.79,0.71,0.36,0.80,0.81,0.75,0.79,0.98,3498.54
ART_01140,132,41,5412,3.22,gouache,abstract,16,234,5.08,USA,0,81,new,2022,115,0.99,0.52,0.71,0.75,0.98,0.78,0.25,0.85,1495.25
ART_01141,64,76,4864,0.84,pastel,abstract,20,269,5.17,Pakistan,1,1,excellent,1991,162,0.98,0.66,0.78,0.37,0.96,0.99,0.27,0.72,2745.60
ART_01142,135,134,18090,1.01,charcoal,expressionism,9,86,3.85,Germany,1,1,good,2023,182,0.99,0.82,0.61,0.76,0.94,0.85,0.40,0.75,3456.26
ART_01143,99,20,1980,4.95,mixed_media,minimalism,23,127,4.18,USA,1,1,excellent,2019,197,0.97,0.74,0.35,0.68,0.56,0.82,0.30,0.49,1033.36
ART_01144,57,38,2166,1.50,charcoal,surrealism,12,155,3.44,Canada,1,1,fair,2003,168,0.99,0.70,0.32,0.64,0.72,0.98,0.70,0.76,971.25
ART_01145,86,27,2322,3.19,digital,portrait,20,400,5.85,Italy,1,1,excellent,2013,108,0.90,0.62,0.37,0.35,0.71,0.56,0.27,0.95,1709.89
ART_01146,62,52,3224,1.19,acrylic,pop_art,22,29,4.31,Bangladesh,1,1,excellent,2017,49,0.99,0.64,0.81,0.58,0.62,0.57,0.50,0.63,1505.78
ART_01147,115,95,10925,1.21,gouache,landscape,17,239,4.68,India,0,21,new,2008,174,0.99,0.72,0.73,0.63,0.85,0.63,0.26,0.86,3314.49
ART_01148,83,126,10458,0.66,ink,portrait,3,18,4.76,Turkey,1,1,excellent,2009,57,0.65,0.62,0.87,0.63,0.92,0.63,0.96,0.94,2382.53
ART_01149,32,25,800,1.28,gouache,portrait,2,304,4.83,Bangladesh,1,1,new,2011,88,0.99,0.60,0.72,0.52,0.99,0.76,0.47,0.69,776.84
ART_01150,52,125,6500,0.42,digital,pop_art,25,39,4.26,Bangladesh,1,1,fair,1997,53,0.99,0.56,0.67,0.41,0.77,0.54,0.83,0.52,1798.57
ART_01151,109,127,13843,0.86,mixed_media,expressionism,6,219,4.78,USA,1,1,excellent,1994,163,0.99,0.95,0.37,0.89,0.94,0.78,0.69,0.59,6861.30
ART_01152,32,112,3584,0.29,gouache,abstract,14,19,3.50,UK,1,1,good,1993,152,0.99,0.95,0.89,0.68,0.83,0.52,0.57,0.72,1246.26
ART_01153,44,95,4180,0.46,charcoal,pop_art,8,0,4.92,France,1,1,good,2020,178,0.76,0.69,0.74,0.64,0.71,0.91,0.61,0.77,1290.72
ART_01154,156,91,14196,1.71,pastel,impressionism,16,273,5.81,USA,1,1,new,2019,176,0.99,0.66,0.70,0.43,0.92,0.88,0.74,0.76,6894.57
ART_01155,120,116,13920,1.03,acrylic,impressionism,3,88,4.19,Germany,1,1,good,2001,138,0.99,0.79,0.80,0.92,0.56,0.53,0.39,0.72,2960.42
ART_01156,146,129,18834,1.13,pastel,realism,23,11,4.32,Turkey,0,38,excellent,2021,54,0.91,0.62,0.90,0.60,0.55,0.65,0.44,0.61,2095.42
ART_01157,155,42,6510,3.69,mixed_media,impressionism,7,299,4.18,France,1,1,good,2013,214,0.89,0.93,0.58,0.82,0.77,0.92,0.86,0.85,4396.28
ART_01158,48,27,1296,1.78,ink,landscape,22,401,4.02,USA,1,1,good,2015,198,0.99,0.56,0.31,0.63,0.74,0.70,0.43,0.86,844.69
ART_01159,101,72,7272,1.40,pastel,conceptual,10,404,3.80,Germany,1,1,excellent,1992,21,0.99,0.57,0.59,0.68,0.70,0.92,0.48,0.46,1849.39
ART_01160,91,105,9555,0.87,acrylic,minimalism,1,227,3.63,France,1,1,fair,2004,145,0.99,0.64,0.51,0.92,0.79,0.68,0.56,0.64,2177.93
ART_01161,113,27,3051,4.19,digital,impressionism,23,93,5.52,France,1,1,excellent,1990,243,0.99,0.67,0.35,0.59,0.89,0.81,0.38,0.66,2413.06
ART_01162,23,68,1564,0.34,acrylic,expressionism,10,36,4.92,Japan,1,1,fair,1997,131,0.87,0.66,0.79,0.51,0.91,0.72,0.53,0.68,1044.91
ART_01163,78,157,12246,0.50,watercolor,impressionism,25,13,5.44,UAE,1,1,excellent,2023,246,0.85,0.84,0.68,0.59,0.94,0.78,0.94,0.83,5738.18
ART_01164,102,64,6528,1.59,watercolor,surrealism,16,142,4.52,Japan,1,1,good,1990,239,0.98,0.96,0.85,0.72,0.56,0.98,0.68,0.49,2814.18
ART_01165,91,78,7098,1.17,ink,expressionism,21,3,4.26,France,0,42,excellent,1999,37,0.79,0.48,0.77,0.71,0.86,0.82,0.90,0.81,1435.98
ART_01166,64,92,5888,0.70,oil,conceptual,4,75,5.09,UAE,1,1,new,2024,132,0.99,0.64,0.70,0.80,0.99,0.81,0.55,0.83,3004.71
ART_01167,110,156,17160,0.71,charcoal,abstract,19,182,4.21,USA,1,1,new,1990,225,0.86,0.87,0.28,0.56,0.99,0.67,0.66,0.56,5357.88
ART_01168,148,54,7992,2.74,oil,expressionism,13,208,4.93,Turkey,1,1,fair,1994,24,0.99,0.95,0.47,0.32,0.99,0.68,0.54,0.98,4934.03
ART_01169,136,45,6120,3.02,mixed_media,conceptual,18,68,4.11,UK,0,49,new,1999,29,0.99,0.62,0.87,0.41,0.80,0.69,0.45,0.45,1404.69
ART_01170,47,109,5123,0.43,charcoal,realism,2,40,4.50,Turkey,1,1,excellent,2001,241,0.99,0.91,0.29,0.59,0.76,0.67,0.49,0.85,1814.85
ART_01171,22,99,2178,0.22,watercolor,impressionism,4,6,3.87,Italy,1,1,good,2000,53,0.71,0.72,0.38,0.47,0.92,0.59,0.68,0.48,664.63
ART_01172,22,152,3344,0.14,ink,expressionism,24,278,4.57,France,1,1,excellent,2015,56,0.99,0.61,0.71,0.40,0.75,0.77,0.27,0.85,1683.90
ART_01173,143,117,16731,1.22,gouache,abstract,12,87,5.25,Bangladesh,0,37,excellent,2001,25,0.78,0.61,0.38,0.49,0.75,0.55,0.78,0.84,2674.79
ART_01174,87,95,8265,0.92,gouache,minimalism,8,76,4.88,Turkey,1,1,new,2025,179,0.99,0.59,0.31,0.91,0.83,0.79,0.32,0.43,1917.74
ART_01175,156,110,17160,1.42,charcoal,realism,1,305,4.81,UK,1,1,excellent,2016,110,0.88,0.74,0.42,0.70,0.60,0.78,0.72,0.47,3704.19
ART_01176,56,34,1904,1.65,gouache,abstract,16,233,3.72,UK,1,1,fair,2014,150,0.99,0.56,0.40,0.41,0.72,0.89,0.74,0.78,965.34
ART_01177,69,133,9177,0.52,oil,conceptual,17,129,3.86,USA,1,1,good,1990,21,0.86,0.86,0.60,0.50,0.80,0.55,0.70,0.92,4533.67
ART_01178,124,133,16492,0.93,digital,realism,0,39,2.80,USA,1,1,new,1995,81,0.89,0.78,0.80,0.67,0.76,0.89,0.58,0.65,2710.89
ART_01179,66,153,10098,0.43,gouache,pop_art,9,146,3.03,Pakistan,1,1,fair,2008,71,0.99,0.82,0.55,0.49,0.82,0.63,0.45,0.93,1885.65
ART_01180,96,39,3744,2.46,ink,minimalism,11,77,3.91,India,1,1,excellent,2009,151,0.85,0.72,0.31,0.57,0.57,0.55,0.63,0.67,1147.09
ART_01181,147,115,16905,1.28,mixed_media,surrealism,4,66,4.67,India,1,1,new,2004,99,0.91,0.83,0.68,0.64,0.57,0.99,0.78,0.46,5291.72
ART_01182,98,95,9310,1.03,watercolor,landscape,14,111,5.52,Canada,1,1,new,1994,13,0.99,0.92,0.41,0.49,0.92,0.54,0.45,0.66,3827.55
ART_01183,95,69,6555,1.38,mixed_media,impressionism,24,5,3.22,France,1,1,new,2006,97,0.76,0.79,0.32,0.31,0.58,0.77,0.95,0.42,2219.37
ART_01184,110,113,12430,0.97,pastel,conceptual,9,133,4.17,USA,1,1,fair,1995,99,0.83,0.72,0.39,0.61,0.66,0.56,0.51,0.53,1969.26
ART_01185,104,106,11024,0.98,acrylic,impressionism,11,146,5.02,Japan,1,1,fair,2005,86,0.85,0.89,0.62,0.62,0.98,0.69,0.48,0.84,3911.21
ART_01186,34,115,3910,0.30,pastel,realism,13,63,5.18,France,0,84,excellent,2008,54,0.86,0.86,0.36,0.93,0.75,0.90,0.88,0.76,1125.77
ART_01187,97,133,12901,0.73,digital,minimalism,20,15,3.56,Germany,1,1,excellent,2013,146,0.99,0.77,0.54,0.43,0.86,0.51,0.29,0.43,2244.91
ART_01188,122,63,7686,1.94,ink,conceptual,7,104,3.20,India,1,1,excellent,2002,78,0.99,0.61,0.63,0.31,0.58,0.77,0.79,0.46,1561.70
ART_01189,146,63,9198,2.32,charcoal,impressionism,6,280,3.92,Germany,1,1,excellent,2022,122,0.85,0.83,0.28,0.91,0.68,0.83,0.27,0.67,2493.87
ART_01190,159,84,13356,1.89,acrylic,conceptual,14,1,5.05,USA,1,1,excellent,2018,74,0.99,0.62,0.88,0.37,0.92,0.97,0.57,0.85,4057.77
ART_01191,106,55,5830,1.93,gouache,pop_art,23,0,5.50,USA,1,1,good,1995,26,0.82,0.66,0.64,0.61,0.64,0.53,0.31,0.84,1793.14
ART_01192,135,134,18090,1.01,digital,minimalism,16,279,3.83,Turkey,1,1,new,2001,64,0.95,0.86,0.61,0.57,0.84,0.79,0.76,0.59,5310.70
ART_01193,114,31,3534,3.68,charcoal,minimalism,23,80,4.32,Italy,1,1,excellent,2017,94,0.99,0.96,0.62,0.53,0.68,0.50,0.65,0.65,1380.22
ART_01194,157,54,8478,2.91,ink,expressionism,0,1,3.51,Japan,1,1,new,2016,210,0.68,0.57,0.70,0.36,0.79,0.61,0.78,0.62,1375.70
ART_01195,22,90,1980,0.24,charcoal,pop_art,24,128,4.28,Pakistan,1,1,new,2023,198,0.99,0.74,0.62,0.46,0.56,0.68,0.40,0.57,1088.81
ART_01196,148,149,22052,0.99,oil,abstract,22,111,5.36,UK,1,1,excellent,2004,109,0.99,0.57,0.85,0.86,0.98,0.77,0.69,0.47,9973.95
ART_01197,142,95,13490,1.49,charcoal,expressionism,3,50,4.15,Pakistan,1,1,fair,1993,68,0.73,0.61,0.69,0.63,0.74,0.66,0.54,0.91,2322.94
ART_01198,102,36,3672,2.83,digital,expressionism,15,5,3.93,Italy,0,66,fair,2014,68,0.73,0.69,0.61,0.78,0.72,0.55,0.77,0.87,520.53
ART_01199,95,37,3515,2.57,acrylic,abstract,9,218,4.87,Canada,1,1,excellent,2019,217,0.78,0.90,0.54,0.63,0.84,0.86,0.58,0.71,2254.00
ART_01200,108,50,5400,2.16,watercolor,portrait,17,23,4.63,Bangladesh,1,1,new,2009,64,0.86,0.65,0.57,0.36,0.96,0.89,0.61,0.42,1791.44
ART_01201,113,97,10961,1.16,mixed_media,expressionism,7,84,4.60,Canada,1,1,excellent,1998,92,0.91,0.94,0.46,0.77,0.89,0.68,0.37,0.85,4953.19
ART_01202,32,73,2336,0.44,watercolor,minimalism,13,257,3.61,UK,1,1,fair,2012,38,0.99,0.56,0.51,0.86,0.59,0.93,0.48,0.94,935.89
ART_01203,115,114,13110,1.01,acrylic,impressionism,20,220,3.65,India,0,39,fair,2025,169,0.99,0.79,0.75,0.91,0.63,0.54,0.86,0.96,3189.29
ART_01204,151,126,19026,1.20,gouache,landscape,17,175,5.17,Canada,0,13,excellent,1997,156,0.99,0.58,0.29,0.78,0.77,0.81,0.52,0.61,4792.56
ART_01205,147,48,7056,3.06,acrylic,pop_art,4,339,4.99,Canada,0,18,excellent,1995,37,0.77,0.84,0.73,0.40,0.76,0.78,0.90,0.94,2779.76
ART_01206,126,34,4284,3.71,oil,abstract,16,125,5.42,Pakistan,1,1,new,2017,188,0.99,0.66,0.83,0.85,0.64,0.68,0.41,0.71,3353.97
ART_01207,43,79,3397,0.54,ink,expressionism,11,173,3.16,France,1,1,good,2002,44,0.87,0.76,0.64,0.73,0.98,0.94,0.72,0.63,1016.49
ART_01208,69,125,8625,0.55,acrylic,abstract,6,72,3.52,USA,0,22,fair,2014,133,0.84,0.82,0.47,0.40,0.78,0.85,0.64,0.85,1639.99
ART_01209,23,81,1863,0.28,oil,expressionism,25,143,3.55,Italy,0,56,excellent,2008,237,0.90,0.61,0.49,0.57,0.93,0.50,0.48,0.74,1227.06
ART_01210,46,79,3634,0.58,pastel,minimalism,9,109,4.26,Italy,1,1,fair,2025,193,0.73,0.68,0.42,0.67,0.82,0.62,0.87,0.52,744.68
ART_01211,98,30,2940,3.27,gouache,abstract,17,31,3.62,Canada,1,1,fair,2025,99,0.80,0.56,0.61,0.67,0.77,0.70,0.59,0.57,719.23
ART_01212,86,30,2580,2.87,oil,portrait,4,20,4.76,Canada,0,17,new,2021,126,0.68,0.61,0.76,0.70,0.64,0.76,0.55,0.43,724.01
ART_01213,117,137,16029,0.85,gouache,impressionism,7,27,4.87,UAE,1,1,new,2026,164,0.87,0.62,0.65,0.84,0.96,0.82,0.40,0.45,3206.81
ART_01214,80,69,5520,1.16,watercolor,impressionism,23,83,4.17,USA,1,1,fair,2008,105,0.99,0.88,0.67,0.91,0.69,0.88,0.87,0.82,2353.07
ART_01215,93,77,7161,1.21,watercolor,surrealism,24,23,4.50,Germany,1,1,new,2023,39,0.90,0.90,0.85,0.41,0.68,0.72,0.92,0.86,3508.42
ART_01216,121,152,18392,0.80,digital,portrait,8,30,5.00,Canada,0,15,excellent,1990,169,0.75,0.81,0.63,0.55,0.91,0.76,0.51,0.89,4319.04
ART_01217,48,53,2544,0.91,watercolor,expressionism,9,6,3.81,UK,1,1,fair,2022,202,0.75,0.95,0.72,0.75,0.74,0.64,0.55,0.53,733.35
ART_01218,105,153,16065,0.69,watercolor,pop_art,15,8,5.04,India,0,80,fair,1995,80,0.99,0.83,0.74,0.52,0.86,0.88,0.72,0.68,2432.56
ART_01219,52,143,7436,0.36,pastel,surrealism,11,9,4.15,Turkey,1,1,new,2020,46,0.74,0.83,0.32,0.60,0.78,0.87,0.52,0.94,2519.84
ART_01220,127,140,17780,0.91,oil,minimalism,8,196,5.23,India,1,1,good,2003,87,0.99,0.62,0.88,0.37,0.86,0.91,0.55,0.64,6748.36
ART_01221,151,23,3473,6.57,pastel,pop_art,12,98,4.44,UK,0,33,fair,2000,24,0.76,0.74,0.44,0.93,0.96,0.54,0.54,0.85,795.58
ART_01222,103,146,15038,0.71,digital,landscape,16,41,5.36,Turkey,0,41,new,2002,207,0.99,0.64,0.81,0.31,0.69,0.92,0.78,0.62,3350.28
ART_01223,52,73,3796,0.71,watercolor,impressionism,15,163,5.22,USA,1,1,excellent,2014,209,0.99,0.66,0.53,0.95,0.60,0.98,0.52,0.59,2182.07
ART_01224,132,35,4620,3.77,acrylic,surrealism,9,406,3.44,France,1,1,new,2017,84,0.84,0.76,0.55,0.86,0.68,0.72,0.53,0.71,2561.61
ART_01225,41,152,6232,0.27,oil,minimalism,10,152,3.31,Italy,0,27,fair,2016,105,0.99,0.60,0.74,0.64,0.93,0.58,0.88,0.57,1524.47
ART_01226,52,30,1560,1.73,charcoal,portrait,7,355,4.21,UAE,1,1,new,1997,29,0.95,0.74,0.32,0.35,0.71,0.62,0.69,0.53,750.50
ART_01227,147,144,21168,1.02,oil,conceptual,11,43,3.69,India,1,1,fair,2020,127,0.88,0.83,0.70,0.57,0.91,0.94,0.62,0.87,4348.97
ART_01228,82,79,6478,1.04,oil,minimalism,14,37,5.06,Japan,1,1,excellent,2020,16,0.75,0.71,0.80,0.35,0.74,0.89,0.79,0.72,2511.37
ART_01229,57,96,5472,0.59,acrylic,landscape,3,329,3.12,Canada,1,1,new,2001,203,0.99,0.73,0.87,0.56,0.95,0.65,0.72,0.78,2607.49
ART_01230,131,45,5895,2.91,acrylic,impressionism,11,38,5.20,Japan,1,1,new,2007,195,0.73,0.95,0.35,0.70,0.58,0.96,0.47,0.42,2186.66
ART_01231,121,158,19118,0.77,charcoal,pop_art,23,378,5.24,USA,1,1,new,2009,208,0.99,0.66,0.80,0.66,0.66,0.74,0.58,0.42,5530.77
ART_01232,111,48,5328,2.31,acrylic,landscape,9,106,4.96,UAE,1,1,fair,2024,24,0.99,0.80,0.47,0.64,0.64,0.79,0.72,0.55,1419.57
ART_01233,113,23,2599,4.91,charcoal,abstract,15,267,3.62,Germany,0,72,fair,2020,162,0.99,0.60,0.64,0.58,0.99,0.99,0.93,0.95,983.70
ART_01234,54,150,8100,0.36,pastel,impressionism,10,206,5.07,India,1,1,excellent,1998,188,0.94,0.78,0.53,0.86,0.55,0.65,0.83,0.88,3142.08
ART_01235,132,107,14124,1.23,mixed_media,landscape,18,290,5.50,Turkey,0,68,new,2001,209,0.86,0.48,0.68,0.30,0.98,0.64,0.29,0.59,3638.86
ART_01236,155,121,18755,1.28,charcoal,conceptual,14,61,4.75,Pakistan,1,1,fair,1990,140,0.99,0.58,0.59,0.55,0.78,0.96,0.67,0.67,3757.07
ART_01237,57,79,4503,0.72,ink,realism,6,294,5.61,Germany,1,1,excellent,1999,13,0.87,0.76,0.62,0.55,0.75,0.49,0.88,0.74,1972.86
ART_01238,149,141,21009,1.06,mixed_media,pop_art,6,410,3.74,Italy,1,1,excellent,2014,62,0.99,0.60,0.79,0.95,0.88,0.88,0.55,0.83,6805.10
ART_01239,51,94,4794,0.54,pastel,portrait,6,0,4.77,UAE,1,1,new,1991,213,0.83,0.95,0.47,0.65,0.64,0.56,0.61,0.77,2105.61
ART_01240,120,143,17160,0.84,watercolor,pop_art,18,6,3.67,Bangladesh,1,1,new,2021,100,0.99,0.68,0.43,0.37,0.95,0.63,0.48,0.98,4005.38
ART_01241,135,147,19845,0.92,digital,conceptual,15,35,5.05,Turkey,1,1,good,2016,32,0.93,0.79,0.32,0.82,0.85,0.82,0.78,0.93,4360.06
ART_01242,41,118,4838,0.35,charcoal,realism,23,372,3.58,Turkey,1,1,new,2019,83,0.99,0.92,0.28,0.44,0.75,0.60,0.94,0.65,2425.73
ART_01243,34,106,3604,0.32,pastel,surrealism,15,41,3.50,Germany,1,1,good,2022,161,0.99,0.90,0.45,0.44,0.90,0.87,0.76,0.97,1681.93
ART_01244,139,147,20433,0.95,ink,pop_art,25,7,3.72,Pakistan,1,1,fair,1996,163,0.81,0.90,0.74,0.73,0.64,0.72,0.64,0.93,4026.12
ART_01245,112,84,9408,1.33,gouache,surrealism,13,313,5.30,Italy,1,1,new,1991,187,0.94,0.92,0.32,0.48,0.82,0.96,0.27,0.76,5133.50
ART_01246,108,35,3780,3.09,pastel,expressionism,21,98,4.49,France,1,1,good,2018,46,0.83,0.58,0.76,0.72,0.88,0.85,0.69,0.87,1484.69
ART_01247,65,87,5655,0.75,pastel,landscape,10,63,3.38,Italy,1,1,new,2025,139,0.76,0.95,0.65,0.52,0.73,0.55,0.37,0.74,1553.27
ART_01248,68,66,4488,1.03,pastel,conceptual,25,12,3.86,Germany,1,1,new,2015,171,0.89,0.91,0.48,0.58,0.68,0.99,0.42,0.69,1601.47
ART_01249,158,50,7900,3.16,charcoal,expressionism,5,0,5.11,Bangladesh,1,1,new,2024,159,0.56,0.89,0.53,0.43,0.82,0.78,0.67,0.98,1931.28
ART_01250,147,138,20286,1.07,ink,portrait,24,4,4.79,India,0,71,excellent,2020,14,0.86,0.66,0.59,0.38,0.94,0.60,0.76,0.77,2249.71
ART_01251,93,143,13299,0.65,ink,surrealism,14,0,3.28,Pakistan,1,1,new,1997,85,0.75,0.85,0.49,0.54,0.72,0.90,0.77,0.56,2164.47
ART_01252,143,64,9152,2.23,digital,minimalism,20,50,4.31,Bangladesh,1,1,good,2010,146,0.99,0.75,0.46,0.82,0.69,0.94,0.79,0.86,3030.69
ART_01253,49,53,2597,0.92,digital,expressionism,2,87,4.87,Bangladesh,0,78,excellent,2007,225,0.93,0.69,0.50,0.66,0.84,0.99,0.33,0.78,638.11
ART_01254,75,138,10350,0.54,pastel,expressionism,13,271,5.35,Germany,0,40,fair,2006,205,0.88,0.61,0.85,0.35,0.81,0.73,0.68,0.58,2334.91
ART_01255,116,136,15776,0.85,ink,minimalism,16,63,4.07,Bangladesh,0,70,excellent,2001,15,0.99,0.55,0.61,0.82,0.59,0.99,0.52,0.86,2026.44
ART_01256,91,35,3185,2.60,gouache,expressionism,24,154,4.39,Canada,1,1,fair,2026,67,0.99,0.71,0.41,0.77,0.82,0.73,0.83,0.71,1451.44
ART_01257,82,65,5330,1.26,oil,expressionism,14,89,5.24,UK,1,1,excellent,1990,95,0.87,0.88,0.33,0.30,0.84,0.88,0.79,0.58,3762.85
ART_01258,40,160,6400,0.25,ink,impressionism,18,368,5.24,India,1,1,new,1993,235,0.96,0.66,0.63,0.43,0.99,0.66,0.60,0.73,3409.36
ART_01259,128,62,7936,2.06,oil,expressionism,19,310,4.60,USA,1,1,fair,2000,174,0.99,0.89,0.82,0.90,0.68,0.99,0.57,0.55,4083.88
ART_01260,99,64,6336,1.55,acrylic,minimalism,17,62,3.08,Bangladesh,1,1,fair,2014,137,0.96,0.82,0.55,0.71,0.84,0.95,0.79,0.74,1737.29
ART_01261,156,43,6708,3.63,charcoal,pop_art,12,107,5.13,UK,1,1,good,2001,48,0.91,0.63,0.60,0.58,0.57,0.61,0.86,0.44,1419.44
ART_01262,68,138,9384,0.49,pastel,minimalism,1,268,5.39,Turkey,0,78,new,1993,9,0.72,0.74,0.41,0.30,0.97,0.66,0.82,0.65,1817.89
ART_01263,156,112,17472,1.39,gouache,expressionism,19,388,4.71,Turkey,1,1,excellent,2004,212,0.98,0.69,0.65,0.73,0.58,0.65,0.81,0.55,4904.53
ART_01264,106,104,11024,1.02,oil,landscape,12,410,5.68,Canada,0,17,excellent,2000,195,0.99,0.80,0.30,0.33,0.82,0.91,0.47,0.76,6234.92
ART_01265,113,147,16611,0.77,oil,realism,25,46,4.76,Pakistan,1,1,good,1998,243,0.99,0.72,0.50,0.59,0.99,0.74,0.81,0.75,7478.24
ART_01266,159,100,15900,1.59,digital,expressionism,14,94,4.90,UAE,1,1,good,1991,112,0.90,0.82,0.50,0.71,0.87,0.84,0.44,0.78,4550.34
ART_01267,35,158,5530,0.22,gouache,realism,19,13,5.27,Canada,1,1,excellent,1997,27,0.99,0.71,0.54,0.88,0.83,0.86,0.38,0.82,2135.60
ART_01268,51,55,2805,0.93,mixed_media,impressionism,19,39,4.28,USA,1,1,new,2017,107,0.99,0.80,0.72,0.40,0.86,0.53,0.32,0.74,1807.89
ART_01269,70,98,6860,0.71,acrylic,realism,1,178,3.89,Bangladesh,1,1,good,2010,83,0.81,0.63,0.53,0.75,0.83,0.96,0.55,0.86,2679.14
ART_01270,80,111,8880,0.72,watercolor,conceptual,20,198,4.56,India,0,73,good,2018,85,0.99,0.50,0.80,0.75,0.97,0.62,0.71,0.91,1831.07
ART_01271,106,62,6572,1.71,pastel,minimalism,24,157,4.94,India,0,18,fair,2007,130,0.95,0.72,0.63,0.82,0.99,0.71,0.64,0.65,1800.52
ART_01272,133,21,2793,6.33,acrylic,minimalism,4,2,3.93,Bangladesh,1,1,excellent,1993,145,0.93,0.88,0.55,0.42,0.99,0.99,0.78,0.94,2089.77
ART_01273,61,24,1464,2.54,watercolor,pop_art,4,51,3.86,Bangladesh,0,80,fair,2014,190,0.89,0.64,0.53,0.80,0.90,0.72,0.44,0.78,298.57
ART_01274,96,155,14880,0.62,oil,realism,10,115,4.57,UK,0,46,good,2001,91,0.82,0.76,0.86,0.95,0.90,0.95,0.78,0.57,3144.89
ART_01275,37,57,2109,0.65,ink,landscape,18,0,4.43,Turkey,0,72,excellent,1995,109,0.99,0.61,0.85,0.81,0.57,0.53,0.35,0.76,536.06
ART_01276,137,120,16440,1.14,pastel,landscape,18,220,3.59,Bangladesh,1,1,new,2001,237,0.99,0.92,0.56,0.33,0.98,0.69,0.26,0.77,5932.72
ART_01277,36,134,4824,0.27,watercolor,pop_art,16,380,5.34,Japan,0,79,fair,2017,194,0.99,0.87,0.85,0.59,0.83,0.62,0.28,0.65,1376.28
ART_01278,147,131,19257,1.12,gouache,expressionism,14,400,4.19,UK,1,1,excellent,2026,176,0.99,0.85,0.31,0.77,0.55,0.99,0.39,0.43,3653.01
ART_01279,92,106,9752,0.87,gouache,surrealism,0,80,2.91,Turkey,1,1,good,2016,172,0.82,0.77,0.57,0.51,0.99,0.88,0.95,0.95,2625.03
ART_01280,137,116,15892,1.18,oil,landscape,11,242,3.65,Turkey,1,1,excellent,1992,176,0.99,0.91,0.45,0.42,0.71,0.97,0.92,0.53,5947.02
ART_01281,92,154,14168,0.60,watercolor,impressionism,1,351,5.51,Pakistan,1,1,good,2015,227,0.91,0.87,0.80,0.79,0.96,0.95,0.27,0.81,5622.11
ART_01282,95,142,13490,0.67,ink,realism,8,202,4.07,USA,1,1,good,2011,201,0.94,0.85,0.66,0.36,0.57,0.92,0.39,0.88,2775.26
ART_01283,106,156,16536,0.68,pastel,portrait,5,3,4.45,Bangladesh,0,18,excellent,1994,206,0.77,0.70,0.45,0.39,0.61,0.82,0.96,0.92,3170.10
ART_01284,43,146,6278,0.29,pastel,expressionism,5,146,3.78,Italy,1,1,good,2011,220,0.91,0.72,0.57,0.64,0.87,0.56,0.36,0.84,1791.13
ART_01285,117,32,3744,3.66,watercolor,portrait,4,11,3.53,Italy,0,36,good,2009,26,0.66,0.51,0.73,0.92,0.82,0.93,0.78,0.75,571.51
ART_01286,97,74,7178,1.31,ink,conceptual,24,292,3.85,Pakistan,1,1,fair,2014,94,0.99,0.57,0.53,0.55,0.97,0.63,0.31,0.54,1765.40
ART_01287,54,49,2646,1.10,watercolor,conceptual,10,156,4.30,Turkey,1,1,good,2025,48,0.88,0.94,0.65,0.70,0.99,0.85,0.47,0.88,1229.31
ART_01288,58,36,2088,1.61,oil,abstract,14,35,4.89,Pakistan,0,31,excellent,1997,60,0.85,0.71,0.83,0.77,0.64,0.58,0.88,0.92,1322.96
ART_01289,47,131,6157,0.36,watercolor,conceptual,17,72,4.45,Italy,1,1,good,2009,219,0.99,0.77,0.90,0.93,0.70,0.72,0.50,0.46,1760.39
ART_01290,133,98,13034,1.36,acrylic,landscape,16,378,4.45,Japan,1,1,new,1994,137,0.99,0.87,0.38,0.51,0.94,0.67,0.36,0.72,6259.04
ART_01291,38,89,3382,0.43,ink,impressionism,18,0,4.70,Canada,0,8,fair,1999,177,0.66,0.81,0.72,0.64,0.71,0.49,0.31,0.42,632.30
ART_01292,103,64,6592,1.61,charcoal,pop_art,4,49,3.60,Turkey,0,45,new,1995,126,0.91,0.83,0.61,0.31,0.76,0.50,0.25,0.63,1113.58
ART_01293,108,123,13284,0.88,pastel,portrait,20,26,5.09,UAE,0,23,new,2018,240,0.99,0.51,0.63,0.52,0.99,0.70,0.69,0.97,4389.35
ART_01294,113,58,6554,1.95,oil,surrealism,20,153,4.29,UK,0,48,new,1998,72,0.93,0.84,0.33,0.93,0.85,0.59,0.67,0.78,3310.82
ART_01295,32,146,4672,0.22,charcoal,realism,18,153,5.24,India,1,1,new,2011,130,0.99,0.71,0.85,0.55,0.59,0.97,0.88,0.53,2466.39
ART_01296,123,135,16605,0.91,gouache,minimalism,23,90,4.15,Bangladesh,1,1,fair,2024,201,0.99,0.86,0.77,0.38,0.67,0.65,0.37,0.84,3718.93
ART_01297,105,73,7665,1.44,mixed_media,realism,6,267,4.83,India,1,1,fair,2020,174,0.93,0.76,0.29,0.52,0.68,0.49,0.86,0.85,3230.89
ART_01298,97,33,3201,2.94,digital,surrealism,7,249,3.79,Italy,0,16,fair,2025,104,0.83,0.50,0.80,0.85,0.85,0.68,0.33,0.95,951.93
ART_01299,154,99,15246,1.56,pastel,landscape,9,399,4.63,Turkey,1,1,good,2007,144,0.99,0.65,0.53,0.45,0.70,0.85,0.61,0.58,4159.13
ART_01300,124,131,16244,0.95,digital,portrait,25,42,3.94,USA,1,1,excellent,1996,102,0.86,0.76,0.29,0.77,0.99,0.72,0.29,0.72,4825.20
ART_01301,116,48,5568,2.42,watercolor,impressionism,12,58,4.85,Canada,1,1,good,2017,210,0.97,0.69,0.30,0.42,0.91,0.95,0.43,0.87,2575.12
ART_01302,21,109,2289,0.19,digital,landscape,14,45,4.09,Bangladesh,1,1,new,2003,125,0.99,0.60,0.81,0.91,0.66,0.55,0.72,0.57,1053.57
ART_01303,49,38,1862,1.29,mixed_media,minimalism,9,265,3.46,UK,1,1,good,2017,132,0.93,0.87,0.59,0.61,0.63,0.67,0.85,0.88,1195.87
ART_01304,30,63,1890,0.48,watercolor,conceptual,13,127,5.33,Italy,1,1,excellent,1996,73,0.99,0.88,0.59,0.69,0.56,0.72,0.51,0.49,970.59
ART_01305,91,53,4823,1.72,mixed_media,expressionism,16,164,3.66,UK,1,1,fair,1993,246,0.83,0.67,0.78,0.36,0.69,0.56,0.29,0.51,1575.56
ART_01306,101,69,6969,1.46,digital,portrait,24,94,3.67,Germany,0,80,fair,2011,240,0.88,0.52,0.40,0.49,0.99,0.76,0.81,0.78,1277.59
ART_01307,72,119,8568,0.61,oil,expressionism,16,2,4.35,Bangladesh,0,27,good,2001,57,0.71,0.79,0.43,0.45,0.94,0.69,0.49,0.85,3072.31
ART_01308,113,53,5989,2.13,acrylic,realism,22,391,5.31,USA,0,9,excellent,2008,194,0.96,0.73,0.56,0.93,0.62,0.92,0.62,0.82,3481.79
ART_01309,85,123,10455,0.69,ink,realism,14,380,5.59,UAE,1,1,new,2009,162,0.99,0.74,0.82,0.75,0.85,0.93,0.75,0.95,6197.22
ART_01310,25,154,3850,0.16,oil,surrealism,23,342,4.33,UAE,1,1,excellent,1991,78,0.99,0.61,0.32,0.71,0.61,0.57,0.65,0.76,3895.32
ART_01311,109,39,4251,2.79,pastel,abstract,3,27,4.79,Italy,0,12,new,2021,231,0.75,0.86,0.36,0.79,0.74,0.88,0.77,0.88,1356.49
ART_01312,123,90,11070,1.37,pastel,conceptual,13,169,3.40,Japan,1,1,fair,2018,52,0.93,0.68,0.78,0.59,0.61,0.72,0.63,0.48,1585.64
ART_01313,92,137,12604,0.67,oil,landscape,23,308,4.29,Turkey,1,1,new,2004,96,0.99,0.87,0.62,0.67,0.77,0.84,0.40,0.63,6301.68
ART_01314,102,32,3264,3.19,mixed_media,expressionism,22,342,5.15,Canada,1,1,excellent,2011,190,0.99,0.59,0.51,0.84,0.72,0.50,0.40,0.48,1855.47
ART_01315,48,98,4704,0.49,oil,portrait,18,148,3.47,Canada,1,1,good,2020,31,0.99,0.79,0.49,0.82,0.85,0.52,0.90,0.88,2952.25
ART_01316,81,65,5265,1.25,mixed_media,minimalism,5,14,4.01,USA,1,1,fair,1995,20,0.92,0.74,0.88,0.52,0.92,0.58,0.45,0.54,1367.63
ART_01317,32,45,1440,0.71,watercolor,pop_art,2,165,4.25,Pakistan,1,1,good,2016,202,0.99,0.65,0.67,0.87,0.97,0.52,0.37,0.81,846.11
ART_01318,105,128,13440,0.82,oil,minimalism,22,86,3.26,Pakistan,1,1,excellent,2005,81,0.99,0.85,0.49,0.72,0.83,0.90,0.93,0.96,5826.90
ART_01319,110,149,16390,0.74,digital,pop_art,18,26,5.19,Japan,1,1,good,2019,219,0.99,0.95,0.30,0.88,0.71,0.57,0.62,0.42,2897.00
ART_01320,152,67,10184,2.27,acrylic,realism,25,0,4.52,Japan,1,1,excellent,2000,58,0.92,0.75,0.88,0.65,0.71,0.73,0.63,0.48,3973.12
ART_01321,117,158,18486,0.74,pastel,expressionism,11,0,4.58,France,0,14,excellent,2011,50,0.85,0.68,0.41,0.53,0.95,0.86,0.31,0.97,3279.74
ART_01322,46,147,6762,0.31,pastel,conceptual,25,103,4.11,UK,0,9,new,2020,199,0.99,0.53,0.54,0.48,0.99,0.99,0.34,0.73,1921.22
ART_01323,121,139,16819,0.87,mixed_media,minimalism,12,310,4.72,UAE,1,1,new,1991,65,0.99,0.66,0.32,0.83,0.65,0.63,0.33,0.95,6691.04
ART_01324,28,21,588,1.33,gouache,abstract,19,234,5.63,Pakistan,0,29,good,2012,23,0.96,0.86,0.87,0.77,0.84,0.58,0.46,0.52,447.18
ART_01325,146,153,22338,0.95,charcoal,realism,14,331,5.06,Bangladesh,1,1,good,1993,185,0.93,0.58,0.64,0.50,0.99,0.69,0.97,0.64,6772.64
ART_01326,131,75,9825,1.75,gouache,pop_art,8,146,3.80,Italy,1,1,fair,2006,88,0.76,0.87,0.51,0.44,0.67,0.70,0.53,0.58,1676.51
ART_01327,88,23,2024,3.83,oil,impressionism,23,91,5.29,UAE,0,26,new,2022,234,0.99,0.58,0.70,0.68,0.63,0.51,0.86,0.59,1419.74
ART_01328,46,85,3910,0.54,pastel,pop_art,13,59,4.25,Germany,1,1,new,1993,16,0.83,0.78,0.51,0.93,0.91,0.72,0.96,0.55,1343.83
ART_01329,149,50,7450,2.98,mixed_media,portrait,5,17,2.75,Canada,1,1,excellent,2000,190,0.69,0.63,0.73,0.64,0.73,0.83,0.42,0.61,1733.08
ART_01330,153,69,10557,2.22,oil,portrait,19,28,4.02,Italy,1,1,excellent,2001,238,0.89,0.58,0.38,0.89,0.66,0.83,0.33,0.96,4690.31
ART_01331,107,60,6420,1.78,watercolor,pop_art,21,283,4.67,Turkey,0,58,fair,2014,15,0.99,0.84,0.62,0.31,0.67,0.52,0.95,0.83,1881.85
ART_01332,25,92,2300,0.27,gouache,conceptual,13,1,4.48,Turkey,1,1,excellent,1990,132,0.98,0.82,0.77,0.72,0.68,0.64,0.44,0.77,1054.20
ART_01333,79,119,9401,0.66,gouache,realism,19,387,4.00,Pakistan,1,1,good,2020,38,0.99,0.71,0.35,0.39,0.93,0.55,0.25,0.53,2473.80
ART_01334,106,154,16324,0.69,watercolor,minimalism,6,275,3.32,UK,0,44,good,1996,35,0.99,0.58,0.78,0.39,0.55,0.53,0.57,0.92,2034.56
ART_01335,44,62,2728,0.71,oil,landscape,21,402,4.33,Canada,1,1,fair,2022,186,0.99,0.61,0.63,0.46,0.99,0.92,0.85,0.62,2405.33
ART_01336,89,110,9790,0.81,digital,abstract,14,17,4.34,UK,1,1,fair,2021,203,0.75,0.63,0.42,0.82,0.56,0.62,0.96,0.76,2254.32
ART_01337,155,35,5425,4.43,oil,realism,8,222,3.34,France,1,1,fair,2007,81,0.99,0.85,0.70,0.48,0.85,0.50,0.88,0.75,2294.46
ART_01338,30,68,2040,0.44,digital,impressionism,1,194,4.50,Italy,1,1,excellent,1995,18,0.99,0.71,0.37,0.51,0.89,0.64,0.41,0.76,1142.66
ART_01339,34,49,1666,0.69,digital,impressionism,4,45,4.05,Germany,1,1,new,2002,149,0.68,0.62,0.61,0.64,0.62,0.69,0.83,0.88,778.99
ART_01340,70,146,10220,0.48,digital,surrealism,12,60,4.03,Japan,1,1,excellent,2012,14,0.74,0.94,0.38,0.47,0.83,0.63,0.42,0.98,3084.89
ART_01341,136,104,14144,1.31,ink,expressionism,17,349,3.51,Italy,1,1,excellent,2015,217,0.99,0.74,0.33,0.70,0.74,0.76,0.89,0.87,3816.19
ART_01342,107,71,7597,1.51,mixed_media,pop_art,25,76,5.20,Japan,1,1,good,2021,191,0.99,0.65,0.77,0.33,0.89,0.52,0.56,0.86,4249.14
ART_01343,113,30,3390,3.77,charcoal,surrealism,8,169,4.24,Pakistan,1,1,good,2011,101,0.79,0.84,0.70,0.91,0.65,0.62,0.84,0.62,1368.46
ART_01344,82,117,9594,0.70,charcoal,abstract,9,40,3.49,France,1,1,new,2024,151,0.91,0.68,0.47,0.91,0.58,0.82,0.53,0.53,2031.85
ART_01345,139,87,12093,1.60,watercolor,abstract,23,1,3.00,UK,1,1,good,2010,238,0.89,0.82,0.74,0.41,0.99,0.81,0.30,0.53,2619.73
ART_01346,61,122,7442,0.50,oil,impressionism,11,214,5.50,Bangladesh,1,1,new,2014,151,0.98,0.57,0.65,0.44,0.65,0.51,0.42,0.52,3893.55
ART_01347,96,123,11808,0.78,ink,minimalism,24,0,4.56,Pakistan,0,34,good,2005,235,0.90,0.52,0.31,0.49,0.91,0.84,0.73,0.64,2019.85
ART_01348,99,99,9801,1.00,ink,impressionism,20,129,5.40,UK,1,1,excellent,2017,167,0.99,0.59,0.44,0.32,0.67,0.87,0.86,0.57,2755.70
ART_01349,134,108,14472,1.24,digital,landscape,22,177,5.22,UAE,1,1,good,2008,134,0.91,0.85,0.59,0.74,0.59,0.76,0.72,0.75,5250.70
ART_01350,35,63,2205,0.56,watercolor,pop_art,12,258,4.91,France,1,1,excellent,1999,55,0.99,0.94,0.71,0.69,0.74,0.76,0.84,0.91,1967.85
ART_01351,54,94,5076,0.57,digital,realism,1,83,2.86,Italy,1,1,excellent,1990,195,0.99,0.64,0.80,0.78,0.89,0.91,0.80,0.63,1793.64
ART_01352,34,154,5236,0.22,gouache,minimalism,13,188,3.95,USA,1,1,good,2010,85,0.99,0.57,0.81,0.83,0.86,0.75,0.32,0.44,1434.72
ART_01353,23,119,2737,0.19,ink,conceptual,16,194,5.05,UAE,1,1,good,2014,39,0.99,0.92,0.41,0.58,0.99,0.72,0.76,0.65,1237.30
ART_01354,151,47,7097,3.21,pastel,surrealism,21,37,4.43,Bangladesh,0,18,fair,2008,103,0.93,0.51,0.90,0.72,0.99,0.87,0.53,0.67,1862.76
ART_01355,159,97,15423,1.64,mixed_media,abstract,20,118,4.69,UK,1,1,good,1996,108,0.98,0.58,0.61,0.79,0.99,0.77,0.57,0.83,8118.42
ART_01356,87,106,9222,0.82,acrylic,surrealism,3,216,4.05,Turkey,0,70,good,2011,200,0.99,0.71,0.36,0.42,0.72,0.68,0.41,0.53,1519.47
ART_01357,73,117,8541,0.62,charcoal,expressionism,25,199,5.71,Pakistan,1,1,good,2011,225,0.99,0.61,0.86,0.51,0.88,0.87,0.63,0.44,3439.52
ART_01358,144,60,8640,2.40,oil,expressionism,14,225,4.03,Bangladesh,0,65,good,1994,200,0.98,0.54,0.29,0.50,0.65,0.64,0.86,0.58,2346.47
ART_01359,151,89,13439,1.70,watercolor,expressionism,9,159,4.06,India,1,1,fair,2012,24,0.99,0.56,0.76,0.60,0.98,0.67,0.33,0.72,2404.17
ART_01360,22,149,3278,0.15,gouache,impressionism,8,396,4.01,Germany,0,9,excellent,2011,85,0.99,0.82,0.86,0.85,0.98,0.69,0.62,0.72,1700.86
ART_01361,95,104,9880,0.91,ink,expressionism,14,372,4.32,Japan,0,77,new,2023,223,0.99,0.66,0.86,0.62,0.92,0.60,0.86,0.64,1912.72
ART_01362,51,154,7854,0.33,mixed_media,conceptual,12,235,5.24,Canada,0,78,fair,1992,60,0.99,0.78,0.51,0.87,0.91,0.85,0.75,0.89,2841.94
ART_01363,150,155,23250,0.97,oil,expressionism,7,143,4.59,Bangladesh,1,1,excellent,2004,108,0.99,0.57,0.73,0.86,0.99,0.97,0.84,0.89,10233.39
ART_01364,32,20,640,1.60,digital,abstract,17,0,4.17,Turkey,0,38,fair,1994,106,0.64,0.61,0.48,0.80,0.62,0.83,0.35,0.65,241.19
ART_01365,56,85,4760,0.66,pastel,portrait,20,274,3.86,Italy,1,1,new,2021,54,0.99,0.86,0.73,0.62,0.81,0.79,0.86,0.86,2388.09
ART_01366,128,134,17152,0.96,mixed_media,expressionism,25,45,4.26,UK,1,1,fair,2018,138,0.88,0.85,0.65,0.47,0.74,0.69,0.75,0.54,3674.00
ART_01367,88,84,7392,1.05,ink,expressionism,24,266,4.79,France,0,36,excellent,2016,17,0.99,0.69,0.71,0.40,0.76,0.90,0.96,0.53,1872.79
ART_01368,109,153,16677,0.71,charcoal,minimalism,10,22,3.65,UK,1,1,fair,2013,149,0.99,0.74,0.77,0.40,0.99,0.72,0.38,0.76,2235.48
ART_01369,105,22,2310,4.77,watercolor,portrait,19,91,3.55,Germany,1,1,fair,2000,231,0.99,0.93,0.80,0.67,0.64,0.80,0.50,0.85,1309.97
ART_01370,158,143,22594,1.10,ink,pop_art,23,84,3.35,USA,1,1,fair,1996,62,0.92,0.76,0.35,0.37,0.86,0.77,0.49,0.95,3363.13
ART_01371,77,142,10934,0.54,acrylic,abstract,19,140,3.95,India,0,84,new,1998,167,0.95,0.62,0.87,0.57,0.82,0.92,0.66,0.88,2957.14
ART_01372,100,96,9600,1.04,mixed_media,pop_art,18,122,5.61,USA,1,1,new,1990,154,0.99,0.63,0.65,0.89,0.89,0.75,0.72,0.77,5576.12
ART_01373,123,75,9225,1.64,charcoal,surrealism,4,293,3.57,Italy,1,1,new,2017,141,0.76,0.73,0.89,0.68,0.68,0.77,0.91,0.86,2870.51
ART_01374,35,124,4340,0.28,gouache,minimalism,10,0,5.01,Germany,0,36,fair,1997,227,0.55,0.51,0.29,0.68,0.96,0.64,0.51,0.71,692.10
ART_01375,59,33,1947,1.79,oil,impressionism,12,414,4.21,Turkey,1,1,good,2021,135,0.81,0.59,0.40,0.34,0.65,0.50,0.55,0.44,1213.47
ART_01376,73,129,9417,0.57,charcoal,impressionism,23,242,5.81,Turkey,1,1,good,2007,12,0.99,0.76,0.34,0.81,0.77,0.67,0.40,0.71,3320.10
ART_01377,70,79,5530,0.89,watercolor,expressionism,21,46,4.33,Japan,1,1,excellent,2000,46,0.99,0.70,0.58,0.67,0.99,0.65,0.77,0.94,3297.10
ART_01378,141,23,3243,6.13,ink,abstract,14,304,4.80,USA,1,1,fair,1993,48,0.99,0.86,0.62,0.67,0.78,0.69,0.51,0.55,1486.50
ART_01379,74,130,9620,0.57,mixed_media,conceptual,25,5,4.66,Italy,1,1,new,2003,56,0.99,0.58,0.43,0.77,0.55,0.98,0.70,0.76,4864.93
ART_01380,117,60,7020,1.95,ink,realism,18,158,4.66,UAE,1,1,fair,2009,44,0.99,0.88,0.66,0.54,0.77,0.66,0.53,0.64,2025.44
ART_01381,121,84,10164,1.44,pastel,realism,16,9,4.92,Germany,0,38,excellent,2018,238,0.84,0.60,0.41,0.31,0.75,0.66,0.95,0.77,1961.55
ART_01382,65,26,1690,2.50,charcoal,landscape,0,31,3.65,USA,1,1,fair,2004,112,0.99,0.61,0.87,0.74,0.55,0.96,0.32,0.98,622.13
ART_01383,146,25,3650,5.84,acrylic,expressionism,10,396,4.49,Pakistan,1,1,fair,2012,77,0.99,0.65,0.52,0.39,0.62,0.53,0.27,0.75,1577.06
ART_01384,60,117,7020,0.51,oil,expressionism,21,39,4.39,Pakistan,1,1,excellent,2013,45,0.99,0.69,0.41,0.85,0.69,0.66,0.46,0.97,3394.22
ART_01385,63,28,1764,2.25,oil,minimalism,19,388,5.61,Pakistan,1,1,excellent,1996,14,0.99,0.83,0.40,0.56,0.63,0.75,0.54,0.76,2408.01
ART_01386,77,127,9779,0.61,digital,realism,19,408,4.41,Turkey,0,10,excellent,2003,127,0.99,0.75,0.75,0.94,0.70,0.84,0.78,0.44,3256.07
ART_01387,121,119,14399,1.02,charcoal,minimalism,5,134,4.63,Japan,1,1,new,2009,227,0.74,0.94,0.48,0.88,0.55,0.74,0.57,0.56,2789.63
ART_01388,24,93,2232,0.26,mixed_media,conceptual,7,28,5.18,Pakistan,1,1,new,2001,209,0.84,0.86,0.61,0.89,0.99,0.64,0.39,0.55,1252.67
ART_01389,98,87,8526,1.13,oil,pop_art,6,121,3.68,Japan,1,1,new,1994,24,0.95,0.88,0.52,0.83,0.98,0.90,0.49,0.53,3841.81
ART_01390,148,73,10804,2.03,acrylic,pop_art,12,17,3.69,Pakistan,1,1,new,2007,127,0.88,0.64,0.42,0.45,0.81,0.74,0.30,0.94,3230.56
ART_01391,135,32,4320,4.22,acrylic,impressionism,25,81,3.25,Bangladesh,1,1,fair,2007,162,0.95,0.93,0.56,0.60,0.68,0.86,0.63,0.46,1832.41
ART_01392,57,123,7011,0.46,watercolor,portrait,18,339,3.76,Pakistan,1,1,excellent,2014,230,0.99,0.95,0.77,0.79,0.93,0.86,0.47,0.43,3076.21
ART_01393,51,155,7905,0.33,acrylic,impressionism,5,37,4.40,Italy,1,1,good,2019,50,0.99,0.90,0.39,0.38,0.80,0.75,0.96,0.98,3818.47
ART_01394,80,106,8480,0.75,ink,impressionism,7,55,4.47,Italy,1,1,fair,1991,38,0.99,0.84,0.86,0.51,0.81,0.77,0.33,0.48,1406.05
ART_01395,109,134,14606,0.81,oil,realism,14,58,4.00,USA,1,1,new,2006,112,0.99,0.85,0.83,0.50,0.60,0.99,0.64,0.59,6005.86
ART_01396,105,75,7875,1.40,gouache,conceptual,8,378,4.39,UK,1,1,fair,1994,153,0.92,0.85,0.30,0.83,0.99,0.82,0.54,0.82,2537.13
ART_01397,79,133,10507,0.59,charcoal,expressionism,1,327,3.68,Japan,1,1,excellent,2022,236,0.90,0.85,0.68,0.45,0.57,0.91,0.43,0.83,3061.84
ART_01398,99,132,13068,0.75,oil,realism,0,175,4.12,UAE,1,1,good,2008,148,0.80,0.88,0.43,0.84,0.95,0.98,0.48,0.88,4714.53
ART_01399,24,133,3192,0.18,watercolor,portrait,2,385,5.08,Pakistan,0,76,new,1992,19,0.99,0.57,0.65,0.59,0.99,0.81,0.91,0.97,1395.08
ART_01400,56,83,4648,0.67,gouache,surrealism,8,28,3.33,Japan,1,1,new,2020,60,0.75,0.85,0.30,0.47,0.75,0.63,0.30,0.73,994.72
ART_01401,44,47,2068,0.94,gouache,realism,19,392,5.16,France,1,1,good,1990,154,0.89,0.83,0.86,0.50,0.86,0.69,0.64,0.99,2352.21
ART_01402,81,147,11907,0.55,pastel,portrait,2,222,4.01,USA,1,1,new,2016,103,0.90,0.62,0.56,0.49,0.78,0.66,0.83,0.77,3306.45
ART_01403,155,63,9765,2.46,mixed_media,conceptual,20,115,3.94,Pakistan,0,72,good,2011,196,0.99,0.78,0.57,0.88,0.87,0.64,0.52,0.45,2014.45
ART_01404,130,148,19240,0.88,ink,impressionism,12,409,4.03,India,1,1,new,2014,168,0.95,0.78,0.66,0.50,0.90,0.54,0.95,0.55,5417.55
ART_01405,58,26,1508,2.23,acrylic,realism,16,32,4.21,Italy,0,6,fair,2005,18,0.95,0.71,0.32,0.75,0.99,0.66,0.43,0.94,980.93
ART_01406,145,40,5800,3.63,charcoal,portrait,0,73,2.82,USA,1,1,new,1995,120,0.99,0.85,0.65,0.37,0.95,0.79,0.56,0.45,1184.43
ART_01407,146,37,5402,3.95,ink,impressionism,10,130,3.59,Italy,0,80,fair,2006,208,0.89,0.52,0.57,0.61,0.95,0.90,0.32,0.43,557.84
ART_01408,144,139,20016,1.04,oil,landscape,22,95,4.38,India,0,70,excellent,2020,230,0.99,0.66,0.46,0.37,0.86,0.63,0.60,0.97,4621.15
ART_01409,48,147,7056,0.33,acrylic,impressionism,15,337,4.42,UAE,1,1,fair,2005,129,0.99,0.78,0.71,0.88,0.82,0.52,0.26,0.54,2401.51
ART_01410,95,21,1995,4.52,watercolor,impressionism,11,1,2.89,Japan,1,1,new,2004,155,0.80,0.95,0.34,0.33,0.81,0.96,0.39,0.67,813.87
ART_01411,103,54,5562,1.91,oil,conceptual,6,1,4.33,Pakistan,1,1,fair,2009,248,0.90,0.70,0.86,0.87,0.92,0.98,0.44,0.43,1852.91
ART_01412,25,63,1575,0.40,acrylic,expressionism,16,43,4.48,Turkey,1,1,new,2004,166,0.97,0.63,0.40,0.59,0.77,0.83,0.55,0.84,1424.87
ART_01413,100,80,8000,1.25,ink,conceptual,0,76,3.87,Japan,1,1,fair,2024,91,0.71,0.96,0.47,0.80,0.82,0.83,0.91,0.83,1330.51
ART_01414,72,144,10368,0.50,ink,realism,11,308,3.92,Italy,1,1,fair,2021,48,0.86,0.94,0.42,0.78,0.76,0.78,0.40,0.77,1946.29
ART_01415,44,62,2728,0.71,oil,portrait,21,99,4.03,France,1,1,excellent,1993,72,0.99,0.60,0.43,0.55,0.64,0.65,0.34,0.58,1521.78
ART_01416,149,65,9685,2.29,pastel,minimalism,11,92,2.96,Japan,1,1,good,2017,16,0.81,0.71,0.61,0.63,0.84,0.71,0.49,0.54,1352.11
ART_01417,53,137,7261,0.39,pastel,landscape,20,106,5.14,Bangladesh,1,1,excellent,2004,242,0.99,0.95,0.89,0.68,0.86,0.59,0.90,0.61,3102.04
ART_01418,74,156,11544,0.47,gouache,impressionism,25,83,3.43,Turkey,0,63,good,2024,172,0.99,0.60,0.81,0.33,0.72,0.53,0.31,0.95,2083.68
ART_01419,143,127,18161,1.13,pastel,realism,20,185,4.55,Germany,1,1,excellent,2013,27,0.99,0.74,0.65,0.51,0.73,0.99,0.81,0.73,5883.02
ART_01420,102,95,9690,1.07,charcoal,realism,13,246,5.72,Japan,1,1,good,2013,180,0.96,0.61,0.67,0.41,0.69,0.71,0.93,0.55,3401.29
ART_01421,49,40,1960,1.23,digital,minimalism,6,228,3.99,Pakistan,1,1,excellent,2007,199,0.76,0.89,0.62,0.45,0.84,0.83,0.95,0.87,1388.58
ART_01422,70,52,3640,1.35,mixed_media,surrealism,7,208,3.28,UAE,1,1,good,2026,28,0.99,0.64,0.31,0.72,0.62,0.57,0.75,0.56,1127.59
ART_01423,99,130,12870,0.76,charcoal,landscape,10,88,2.97,Germany,0,72,excellent,2012,82,0.98,0.83,0.35,0.37,0.99,0.87,0.54,0.73,1506.47
ART_01424,38,100,3800,0.38,digital,impressionism,11,349,5.65,Bangladesh,1,1,good,2001,163,0.99,0.66,0.49,0.93,0.61,0.77,0.86,0.87,2230.62
ART_01425,83,70,5810,1.19,mixed_media,pop_art,16,412,3.75,UK,1,1,new,1992,164,0.99,0.80,0.79,0.71,0.99,0.54,0.30,0.74,3531.24
ART_01426,155,34,5270,4.56,ink,impressionism,13,33,4.72,USA,1,1,fair,2000,202,0.82,0.85,0.59,0.43,0.58,0.59,0.91,0.88,1459.80
ART_01427,59,114,6726,0.52,digital,realism,15,7,4.50,Italy,1,1,good,2000,138,0.83,0.88,0.42,0.72,0.74,0.96,0.50,0.77,2167.69
ART_01428,132,40,5280,3.30,digital,realism,7,308,3.54,Germany,1,1,fair,2016,153,0.99,0.91,0.56,0.31,0.91,0.84,0.61,0.84,2267.83
ART_01429,107,140,14980,0.76,digital,surrealism,1,106,3.76,Japan,0,65,new,1991,167,0.98,0.67,0.77,0.33,0.57,0.80,0.72,0.82,2502.30
ART_01430,110,104,11440,1.06,charcoal,realism,19,9,3.32,France,1,1,excellent,1992,90,0.99,0.96,0.84,0.45,0.75,0.62,0.25,0.82,3175.02
ART_01431,23,70,1610,0.33,watercolor,surrealism,8,196,4.21,Pakistan,0,21,excellent,2012,227,0.87,0.58,0.45,0.74,0.81,0.99,0.79,0.74,812.25
ART_01432,124,122,15128,1.02,pastel,landscape,24,254,4.87,Canada,1,1,excellent,2003,123,0.99,0.67,0.71,0.42,0.80,0.80,0.26,0.75,5718.37
ART_01433,39,158,6162,0.25,charcoal,minimalism,2,24,3.88,Turkey,1,1,good,1992,27,0.89,0.78,0.52,0.70,0.55,0.50,0.91,0.87,1194.47
ART_01434,151,125,18875,1.21,gouache,conceptual,6,19,4.78,Turkey,1,1,excellent,2000,32,0.99,0.80,0.46,0.65,0.84,0.64,0.83,0.98,4956.73
ART_01435,71,142,10082,0.50,ink,abstract,6,342,3.47,India,1,1,good,2007,18,0.99,0.96,0.63,0.92,0.97,0.70,0.96,0.48,2430.25
ART_01436,89,89,7921,1.00,gouache,impressionism,21,174,3.86,Germany,1,1,new,1993,141,0.99,0.76,0.86,0.85,0.98,0.98,0.44,0.78,4177.97
ART_01437,60,155,9300,0.39,gouache,landscape,12,393,5.59,Turkey,1,1,new,2022,141,0.99,0.63,0.88,0.49,0.56,0.55,0.94,0.53,3192.35
ART_01438,156,48,7488,3.25,watercolor,realism,21,341,3.63,Pakistan,0,15,excellent,2011,41,0.99,0.70,0.71,0.44,0.64,0.86,0.92,0.64,2610.35
ART_01439,43,128,5504,0.34,watercolor,portrait,8,4,4.61,UK,1,1,excellent,2001,73,0.88,0.73,0.89,0.78,0.88,0.78,0.56,0.48,1345.97
ART_01440,64,51,3264,1.25,watercolor,realism,15,12,3.66,Japan,1,1,good,2015,233,0.73,0.86,0.48,0.66,0.57,0.84,0.83,0.78,1142.09
ART_01441,102,130,13260,0.78,watercolor,conceptual,8,181,4.45,Canada,1,1,good,1990,228,0.93,0.74,0.64,0.52,0.99,0.70,0.56,0.61,3265.42
ART_01442,74,83,6142,0.89,pastel,surrealism,6,149,3.65,Pakistan,0,7,fair,2018,223,0.90,0.60,0.51,0.81,0.59,0.62,0.58,0.54,1011.24
ART_01443,59,133,7847,0.44,digital,impressionism,3,147,2.93,India,0,35,fair,2012,153,0.99,0.72,0.70,0.47,0.65,0.71,0.69,0.93,1411.63
ART_01444,132,35,4620,3.77,mixed_media,conceptual,11,337,3.43,Germany,1,1,new,2019,182,0.82,0.67,0.43,0.43,0.99,0.86,0.72,0.64,2527.80
ART_01445,148,146,21608,1.01,watercolor,surrealism,12,99,5.20,UK,0,61,good,1994,75,0.81,0.60,0.70,0.59,0.86,0.95,0.56,0.97,4287.45
ART_01446,111,131,14541,0.85,charcoal,landscape,6,13,4.95,India,1,1,good,2018,133,0.99,0.70,0.83,0.95,0.60,0.59,0.28,0.86,3030.79
ART_01447,65,159,10335,0.41,mixed_media,conceptual,16,405,4.34,Turkey,1,1,fair,2020,164,0.99,0.70,0.83,0.44,0.88,0.75,0.97,0.69,4117.23
ART_01448,135,69,9315,1.96,oil,landscape,21,10,3.82,UK,0,51,excellent,2007,66,0.84,0.81,0.37,0.33,0.54,0.49,0.48,0.44,1466.18
ART_01449,82,20,1640,4.10,ink,portrait,8,361,4.19,UK,0,58,fair,2016,179,0.99,0.69,0.88,0.86,0.95,0.64,0.37,0.95,588.03
ART_01450,121,144,17424,0.84,gouache,impressionism,16,222,3.71,France,1,1,fair,2026,115,0.94,0.78,0.41,0.62,0.77,0.77,0.48,0.55,2985.74
ART_01451,43,90,3870,0.48,acrylic,realism,18,168,3.37,UAE,1,1,new,1990,234,0.99,0.63,0.51,0.62,0.99,0.78,0.86,0.72,2620.06
ART_01452,151,154,23254,0.98,watercolor,realism,21,267,3.80,USA,1,1,fair,2011,44,0.91,0.95,0.61,0.67,0.65,0.96,0.64,0.87,5358.21
ART_01453,31,131,4061,0.24,watercolor,pop_art,18,298,5.07,Italy,1,1,fair,2010,119,0.99,0.72,0.60,0.68,0.99,0.93,0.83,0.85,2677.07
ART_01454,96,147,14112,0.65,watercolor,expressionism,0,263,3.06,USA,1,1,excellent,2011,211,0.71,0.79,0.59,0.77,0.76,0.75,0.28,0.87,3418.25
ART_01455,38,24,912,1.58,pastel,realism,0,25,3.05,UK,1,1,fair,1999,62,0.99,0.63,0.79,0.34,0.88,0.69,0.90,0.65,422.54
ART_01456,142,60,8520,2.37,oil,expressionism,20,337,3.88,Canada,1,1,excellent,2018,112,0.99,0.88,0.33,0.60,0.68,0.89,0.51,0.57,5104.80
ART_01457,78,122,9516,0.64,oil,portrait,18,111,5.62,Canada,1,1,fair,2011,68,0.99,0.82,0.75,0.61,0.66,0.62,0.61,0.67,4170.26
ART_01458,45,66,2970,0.68,watercolor,surrealism,8,112,4.55,UK,1,1,fair,2008,166,0.91,0.81,0.76,0.54,0.64,0.87,0.92,0.76,1366.16
ART_01459,30,113,3390,0.27,digital,conceptual,9,63,4.70,UK,1,1,new,2010,164,0.84,0.74,0.48,0.64,0.70,0.57,0.70,0.81,1583.39
ART_01460,80,57,4560,1.40,ink,impressionism,6,33,3.19,Germany,0,39,good,2000,148,0.99,0.69,0.76,0.81,0.57,0.73,0.69,0.49,622.39
ART_01461,68,126,8568,0.54,digital,surrealism,19,15,5.18,France,1,1,fair,1993,39,0.76,0.64,0.74,0.58,0.87,0.89,0.38,0.94,2336.55
ART_01462,34,135,4590,0.25,mixed_media,expressionism,9,176,4.73,Germany,0,43,excellent,2016,43,0.94,0.57,0.89,0.45,0.73,0.99,0.54,0.65,1430.87
ART_01463,78,33,2574,2.36,acrylic,surrealism,19,43,3.87,Italy,1,1,fair,1993,223,0.89,0.69,0.86,0.32,0.58,0.97,0.38,0.48,1125.20
ART_01464,139,157,21823,0.89,pastel,conceptual,15,155,3.24,UAE,1,1,new,2012,111,0.92,0.81,0.45,0.81,0.97,0.94,0.69,0.83,4791.48
ART_01465,152,154,23408,0.99,ink,landscape,9,55,4.61,UAE,1,1,fair,2017,99,0.74,0.63,0.28,0.35,0.85,0.51,0.69,0.48,1958.00
ART_01466,59,102,6018,0.58,mixed_media,impressionism,4,241,3.68,Bangladesh,1,1,excellent,2022,73,0.77,0.60,0.71,0.48,0.52,0.64,0.46,0.88,1793.42
ART_01467,50,135,6750,0.37,acrylic,surrealism,9,8,4.31,Pakistan,1,1,fair,1990,235,0.99,0.87,0.67,0.85,0.67,0.58,0.68,0.94,2831.58
ART_01468,160,47,7520,3.40,watercolor,surrealism,9,10,4.66,France,0,61,excellent,2023,167,0.92,0.53,0.67,0.42,0.97,0.53,0.77,0.84,1479.77
ART_01469,158,68,10744,2.32,mixed_media,surrealism,9,54,3.00,Germany,1,1,new,2001,215,0.86,0.82,0.63,0.86,0.74,0.80,0.41,0.64,3851.00
ART_01470,109,57,6213,1.91,gouache,minimalism,5,292,4.85,USA,1,1,fair,2026,25,0.79,0.70,0.58,0.33,0.80,0.88,0.78,0.63,1322.38
ART_01471,73,28,2044,2.61,digital,realism,1,28,4.13,USA,0,34,excellent,2025,99,0.98,0.69,0.28,0.51,0.63,0.83,0.37,0.64,547.35
ART_01472,105,137,14385,0.77,digital,surrealism,17,38,3.86,USA,1,1,fair,2002,62,0.99,0.68,0.43,0.33,0.99,0.54,0.55,0.55,2526.34
ART_01473,144,133,19152,1.08,watercolor,surrealism,16,38,4.20,USA,1,1,fair,2008,137,0.77,0.86,0.40,0.82,0.58,0.94,0.94,0.46,3435.14
ART_01474,65,55,3575,1.18,gouache,conceptual,10,0,3.74,India,1,1,fair,2004,166,0.87,0.85,0.90,0.67,0.79,0.86,0.88,0.43,843.42
ART_01475,96,102,9792,0.94,oil,minimalism,12,83,4.90,UK,1,1,new,1998,158,0.93,0.68,0.37,0.82,0.83,0.58,0.43,0.84,4545.66
ART_01476,107,129,13803,0.83,pastel,pop_art,15,104,4.72,India,1,1,new,2003,9,0.99,0.71,0.41,0.48,0.79,0.79,0.37,0.83,4151.72
ART_01477,53,36,1908,1.47,watercolor,realism,6,1,3.68,UAE,0,75,good,2026,61,0.79,0.72,0.49,0.94,0.59,0.81,0.45,0.96,450.20
ART_01478,112,73,8176,1.53,charcoal,pop_art,5,0,2.90,Japan,0,75,fair,2023,166,0.74,0.76,0.66,0.73,0.82,0.85,0.76,0.56,546.17
ART_01479,29,101,2929,0.29,pastel,conceptual,21,264,5.59,Bangladesh,1,1,excellent,1998,190,0.91,0.93,0.32,0.33,0.68,0.87,0.57,0.87,2473.16
ART_01480,113,107,12091,1.06,ink,minimalism,23,11,3.58,UK,1,1,excellent,1990,227,0.99,0.81,0.72,0.72,0.72,0.63,0.50,0.43,2213.03
ART_01481,41,113,4633,0.36,mixed_media,pop_art,21,314,5.34,UK,1,1,new,2015,123,0.95,0.57,0.66,0.91,0.94,0.99,0.81,0.81,4178.92
ART_01482,109,97,10573,1.12,charcoal,expressionism,20,91,3.38,Canada,1,1,fair,2002,163,0.99,0.83,0.78,0.63,0.69,0.52,0.39,0.87,2395.04
ART_01483,50,144,7200,0.35,mixed_media,pop_art,10,96,4.87,Japan,1,1,excellent,1994,127,0.91,0.59,0.55,0.86,0.55,0.53,0.56,0.65,2587.20
ART_01484,148,28,4144,5.29,gouache,minimalism,7,0,4.29,Canada,1,1,new,2015,118,0.76,0.67,0.51,0.78,0.69,0.70,0.26,0.73,1052.90
ART_01485,60,71,4260,0.85,ink,abstract,10,406,4.64,France,1,1,excellent,2010,101,0.99,0.57,0.69,0.75,0.93,0.82,0.67,0.76,2037.24
ART_01486,79,122,9638,0.65,watercolor,portrait,5,122,3.02,Germany,1,1,fair,2025,112,0.85,0.91,0.62,0.60,0.85,0.91,0.42,0.41,1259.48
ART_01487,111,156,17316,0.71,oil,pop_art,13,7,3.71,Germany,1,1,good,2024,90,0.72,0.74,0.66,0.59,0.81,0.86,0.93,0.41,2802.32
ART_01488,147,112,16464,1.31,pastel,conceptual,3,16,2.91,UK,1,1,new,2012,161,0.96,0.80,0.66,0.91,0.97,0.99,0.63,0.69,2564.77
ART_01489,51,148,7548,0.34,acrylic,minimalism,3,360,4.92,Canada,0,64,excellent,1991,220,0.80,0.77,0.82,0.86,0.99,0.93,0.35,0.78,2940.21
ART_01490,68,116,7888,0.59,pastel,landscape,23,368,5.43,USA,0,14,new,1994,110,0.99,0.77,0.55,0.85,0.99,0.93,0.80,0.42,3760.10
ART_01491,62,117,7254,0.53,gouache,expressionism,24,254,3.76,Japan,1,1,fair,1995,28,0.99,0.64,0.75,0.59,0.89,0.96,0.81,0.79,2610.75
ART_01492,43,33,1419,1.30,digital,landscape,0,61,2.88,UAE,1,1,excellent,2023,13,0.78,0.69,0.50,0.32,0.80,0.92,0.88,0.63,375.42
ART_01493,111,124,13764,0.90,charcoal,portrait,1,1,3.70,Canada,1,1,new,2013,87,0.74,0.78,0.42,0.39,0.69,0.73,0.95,0.88,2763.83
ART_01494,38,92,3496,0.41,ink,portrait,16,342,4.17,Japan,1,1,good,2019,214,0.99,0.90,0.42,0.32,0.95,0.85,0.86,0.61,1672.56
ART_01495,130,153,19890,0.85,watercolor,conceptual,10,362,3.50,Canada,1,1,new,2021,193,0.99,0.72,0.74,0.93,0.68,0.59,0.66,0.63,3988.11
ART_01496,92,123,11316,0.75,gouache,abstract,18,412,4.33,Italy,1,1,good,2007,82,0.99,0.82,0.34,0.43,0.80,0.99,0.76,0.74,5461.94
ART_01497,32,51,1632,0.63,pastel,minimalism,7,121,3.86,Pakistan,1,1,fair,1995,61,0.90,0.58,0.54,0.80,0.83,0.85,0.74,0.97,887.02
ART_01498,146,143,20878,1.02,watercolor,surrealism,3,70,3.33,Italy,1,1,new,2009,20,0.87,0.72,0.68,0.71,0.60,0.88,0.75,0.62,3881.27
ART_01499,118,90,10620,1.31,charcoal,minimalism,10,145,4.43,France,1,1,excellent,1994,89,0.99,0.88,0.31,0.43,0.68,0.54,0.70,0.84,3148.83
ART_01500,126,41,5166,3.07,watercolor,surrealism,5,155,4.44,USA,1,1,excellent,2002,154,0.99,0.95,0.32,0.71,0.81,0.52,0.43,0.65,2326.24
ART_01501,34,66,2244,0.52,watercolor,landscape,0,223,4.78,Canada,1,1,fair,2004,171,0.99,0.84,0.79,0.49,0.99,0.72,0.68,0.68,1011.45
ART_01502,151,50,7550,3.02,digital,abstract,6,63,3.43,Turkey,1,1,excellent,1994,43,0.76,0.83,0.90,0.66,0.67,0.66,0.85,0.96,2257.21
ART_01503,111,124,13764,0.90,oil,minimalism,4,372,5.46,France,1,1,good,1991,140,0.95,0.93,0.31,0.68,0.81,0.51,0.71,0.74,7852.99
ART_01504,143,37,5291,3.86,gouache,realism,19,69,3.99,UK,1,1,good,2021,178,0.99,0.70,0.64,0.30,0.76,0.88,0.68,0.42,1538.07
ART_01505,25,41,1025,0.61,pastel,impressionism,17,192,5.22,Bangladesh,1,1,excellent,2017,164,0.99,0.83,0.85,0.33,0.60,0.87,0.91,0.52,1026.16
ART_01506,90,35,3150,2.57,charcoal,abstract,3,56,5.14,UK,1,1,new,1996,142,0.69,0.72,0.34,0.76,0.76,0.98,0.32,0.43,1082.66
ART_01507,79,148,11692,0.53,gouache,realism,16,306,4.42,Germany,1,1,new,1990,143,0.87,0.91,0.50,0.41,0.99,0.85,0.68,0.55,5158.79
ART_01508,134,93,12462,1.44,pastel,expressionism,0,106,3.91,Italy,0,63,excellent,2001,67,0.92,0.49,0.71,0.55,0.92,0.84,0.82,0.74,1832.93
ART_01509,114,66,7524,1.73,gouache,realism,4,78,3.40,Japan,1,1,good,2014,175,0.99,0.68,0.81,0.42,0.83,0.56,0.43,0.49,1471.80
ART_01510,117,125,14625,0.94,oil,abstract,0,379,4.94,UK,0,38,new,2006,140,0.92,0.64,0.32,0.94,0.99,0.77,0.86,0.62,5691.92
ART_01511,53,43,2279,1.23,ink,portrait,19,251,4.31,Turkey,1,1,fair,2017,177,0.86,0.65,0.54,0.32,0.77,0.55,0.53,0.92,1041.31
ART_01512,151,124,18724,1.22,acrylic,impressionism,15,277,3.62,Italy,1,1,excellent,2008,53,0.99,0.96,0.58,0.79,0.99,0.80,0.70,0.44,5176.14
ART_01513,123,80,9840,1.54,digital,pop_art,17,24,4.69,Germany,0,76,fair,1993,125,0.79,0.51,0.74,0.85,0.74,0.55,0.79,0.75,1381.08
ART_01514,143,36,5148,3.97,pastel,realism,23,80,4.06,Canada,0,9,excellent,2020,214,0.99,0.76,0.49,0.56,0.78,0.63,0.72,0.43,1301.22
ART_01515,67,97,6499,0.69,gouache,minimalism,5,208,5.20,UAE,1,1,excellent,2010,102,0.78,0.65,0.73,0.88,0.78,0.60,0.57,0.94,1867.15
ART_01516,140,38,5320,3.68,watercolor,landscape,9,112,3.02,Italy,1,1,new,2011,77,0.99,0.75,0.77,0.58,0.80,0.91,0.45,0.77,1548.92
ART_01517,87,137,11919,0.64,oil,surrealism,2,139,5.23,Italy,1,1,good,2015,161,0.92,0.80,0.56,0.55,0.99,0.59,0.78,0.86,6529.16
ART_01518,23,104,2392,0.22,pastel,surrealism,12,268,4.22,Germany,1,1,good,2024,166,0.86,0.74,0.55,0.89,0.66,0.61,0.52,0.63,971.91
ART_01519,145,119,17255,1.22,charcoal,landscape,7,261,4.07,UK,1,1,excellent,2016,132,0.83,0.92,0.63,0.86,0.81,0.64,0.75,0.64,3377.27
ART_01520,29,86,2494,0.34,watercolor,surrealism,13,325,4.86,India,1,1,good,1998,120,0.99,0.81,0.60,0.73,0.82,0.77,0.28,0.44,1398.39
ART_01521,30,114,3420,0.26,charcoal,minimalism,22,2,5.01,Bangladesh,1,1,fair,1999,181,0.94,0.92,0.63,0.85,0.93,0.84,0.67,0.54,1360.15
ART_01522,75,113,8475,0.66,oil,pop_art,1,396,3.56,Japan,1,1,fair,2014,115,0.99,0.80,0.47,0.82,0.72,0.74,0.45,0.55,2936.88
ART_01523,26,60,1560,0.43,mixed_media,landscape,2,9,4.32,Turkey,0,19,excellent,2021,150,0.63,0.50,0.73,0.68,0.73,0.57,0.40,0.82,506.83
ART_01524,60,143,8580,0.42,ink,pop_art,25,121,3.39,Italy,1,1,good,1998,232,0.95,0.75,0.72,0.62,0.85,0.91,0.79,0.51,2004.45
ART_01525,48,32,1536,1.50,oil,realism,25,330,3.76,Germany,1,1,fair,1996,123,0.99,0.66,0.49,0.64,0.71,0.78,0.72,0.94,1947.39
ART_01526,82,88,7216,0.93,pastel,impressionism,0,115,3.12,Turkey,1,1,excellent,2009,226,0.91,0.72,0.79,0.44,0.93,0.61,0.52,0.47,1279.46
ART_01527,85,99,8415,0.86,watercolor,surrealism,20,140,5.59,France,1,1,excellent,2024,123,0.99,0.61,0.54,0.72,0.91,0.84,0.42,0.55,3489.05
ART_01528,27,47,1269,0.57,acrylic,minimalism,25,232,4.54,France,1,1,excellent,2012,65,0.99,0.95,0.86,0.84,0.72,0.72,0.26,0.44,973.58
ART_01529,99,23,2277,4.30,acrylic,landscape,2,240,3.17,France,1,1,fair,2011,224,0.73,0.61,0.29,0.92,0.72,0.69,0.40,0.48,784.78
ART_01530,76,146,11096,0.52,pastel,conceptual,21,355,3.97,Turkey,1,1,new,2014,191,0.99,0.76,0.47,0.51,0.92,0.91,0.84,0.66,4184.17
ART_01531,92,120,11040,0.77,ink,impressionism,21,209,5.60,India,1,1,excellent,1993,161,0.87,0.60,0.69,0.59,0.96,0.80,0.88,0.92,6150.51
ART_01532,148,47,6956,3.15,pastel,portrait,3,37,2.86,Bangladesh,1,1,fair,2003,11,0.66,0.84,0.57,0.78,0.82,0.53,0.55,0.63,1104.52
ART_01533,22,141,3102,0.16,watercolor,conceptual,1,97,5.13,Japan,0,84,excellent,2000,134,0.80,0.60,0.44,0.79,0.93,0.75,0.89,0.65,654.82
ART_01534,150,45,6750,3.33,mixed_media,pop_art,19,274,3.66,USA,0,62,excellent,2010,30,0.99,0.53,0.42,0.37,0.65,0.60,0.41,0.46,1198.17
ART_01535,57,34,1938,1.68,digital,abstract,14,339,3.92,India,1,1,excellent,2026,131,0.84,0.78,0.71,0.43,0.80,0.67,0.78,0.65,954.50
ART_01536,136,61,8296,2.23,gouache,landscape,12,190,4.51,India,1,1,fair,1990,81,0.82,0.57,0.33,0.55,0.72,0.82,0.53,0.51,2023.02
ART_01537,98,32,3136,3.06,mixed_media,landscape,9,413,4.10,Pakistan,1,1,good,2024,12,0.81,0.73,0.36,0.46,0.69,0.71,0.82,0.86,1894.39
ART_01538,128,42,5376,3.05,pastel,minimalism,7,11,4.21,UK,1,1,good,2018,216,0.94,0.66,0.71,0.48,0.76,0.76,0.67,0.77,1249.31
ART_01539,139,129,17931,1.08,pastel,conceptual,6,77,3.57,Canada,1,1,fair,2022,61,0.99,0.82,0.46,0.55,0.99,0.64,0.46,0.89,2614.68
ART_01540,41,100,4100,0.41,watercolor,portrait,14,142,3.70,Germany,1,1,good,1998,141,0.88,0.87,0.77,0.37,0.57,0.64,0.61,0.65,1439.02
ART_01541,141,147,20727,0.96,ink,conceptual,17,10,4.17,France,1,1,fair,2016,36,0.73,0.60,0.82,0.40,0.68,0.93,0.42,0.86,2151.46
ART_01542,68,116,7888,0.59,acrylic,conceptual,5,5,5.11,UAE,1,1,fair,2023,173,0.66,0.60,0.80,0.91,0.99,0.80,0.72,0.96,2028.74
ART_01543,132,134,17688,0.99,acrylic,pop_art,5,135,4.51,Germany,0,40,new,2016,80,0.87,0.61,0.33,0.72,0.64,0.49,0.70,0.78,2697.90
ART_01544,160,130,20800,1.23,digital,pop_art,10,151,5.01,Bangladesh,1,1,excellent,2008,13,0.99,0.77,0.40,0.40,0.99,0.73,0.50,0.99,5054.81
ART_01545,28,79,2212,0.35,charcoal,expressionism,23,49,4.78,France,0,37,excellent,2007,179,0.99,0.75,0.58,0.74,0.81,0.67,0.73,0.84,1074.75
ART_01546,42,119,4998,0.35,mixed_media,pop_art,7,36,4.84,UAE,0,66,fair,2016,229,0.79,0.86,0.55,0.80,0.67,0.80,0.43,0.52,946.92
ART_01547,31,96,2976,0.32,pastel,landscape,9,152,3.90,India,1,1,excellent,2001,121,0.80,0.92,0.49,0.61,0.73,0.54,0.59,0.52,1179.88
ART_01548,86,63,5418,1.37,ink,impressionism,14,118,4.26,UK,1,1,excellent,2024,171,0.95,0.91,0.47,0.94,0.71,0.78,0.44,0.57,1442.03
ART_01549,44,44,1936,1.00,charcoal,surrealism,23,277,3.60,Italy,1,1,excellent,2021,75,0.99,0.94,0.49,0.67,0.56,0.99,0.63,0.45,1048.17
ART_01550,96,114,10944,0.84,gouache,landscape,22,224,5.81,Germany,1,1,excellent,1995,164,0.94,0.70,0.36,0.78,0.73,0.57,0.53,0.49,3744.51
ART_01551,159,150,23850,1.06,mixed_media,impressionism,6,40,3.33,USA,1,1,good,2002,180,0.68,0.60,0.49,0.46,0.77,0.49,0.50,0.49,3142.26
ART_01552,118,53,6254,2.23,watercolor,expressionism,6,7,3.83,France,1,1,new,1999,139,0.78,0.95,0.36,0.75,0.62,0.54,0.71,0.57,1825.23
ART_01553,105,117,12285,0.90,digital,minimalism,15,418,3.83,Turkey,1,1,good,1992,22,0.99,0.77,0.54,0.30,0.60,0.84,0.67,0.42,2875.15
ART_01554,77,141,10857,0.55,acrylic,impressionism,0,346,5.03,India,0,37,good,2011,195,0.86,0.51,0.41,0.48,0.71,0.87,0.88,0.91,3278.64
ART_01555,137,104,14248,1.32,charcoal,realism,4,25,2.65,Bangladesh,1,1,new,1991,155,0.90,0.91,0.78,0.82,0.67,0.84,0.94,0.47,2418.18
ART_01556,81,69,5589,1.17,digital,pop_art,18,103,3.97,France,1,1,fair,2002,119,0.99,0.68,0.59,0.82,0.98,0.99,0.67,0.85,1791.46
ART_01557,118,137,16166,0.86,gouache,portrait,1,364,4.42,UK,1,1,fair,2026,242,0.99,0.83,0.77,0.64,0.64,0.69,0.68,0.57,3153.88
ART_01558,65,116,7540,0.56,pastel,portrait,13,124,4.13,Turkey,1,1,fair,1995,137,0.99,0.74,0.80,0.63,0.87,0.76,0.30,0.68,2391.92
ART_01559,60,66,3960,0.91,mixed_media,conceptual,25,262,4.17,India,1,1,good,2023,69,0.99,0.70,0.54,0.46,0.86,0.78,0.88,0.81,2520.46
ART_01560,55,62,3410,0.89,ink,impressionism,0,330,3.56,UK,1,1,excellent,2017,227,0.92,0.77,0.81,0.55,0.63,0.77,0.56,0.48,922.09
ART_01561,148,25,3700,5.92,ink,landscape,1,310,3.47,Bangladesh,1,1,excellent,2002,93,0.80,0.89,0.83,0.87,0.91,0.92,0.36,0.58,1072.17
ART_01562,152,139,21128,1.09,digital,minimalism,3,118,5.01,UK,0,42,new,1996,219,0.83,0.84,0.50,0.75,0.68,0.55,0.59,0.73,2807.94
ART_01563,26,141,3666,0.18,gouache,conceptual,21,148,3.50,Germany,1,1,fair,1999,188,0.99,0.61,0.79,0.60,0.56,0.90,0.64,0.82,1374.04
ART_01564,23,119,2737,0.19,watercolor,landscape,16,6,2.96,Germany,1,1,fair,2008,233,0.99,0.70,0.60,0.40,0.74,0.96,0.69,0.98,1179.78
ART_01565,146,72,10512,2.03,acrylic,pop_art,8,31,4.52,Italy,1,1,good,2013,43,0.81,0.60,0.48,0.31,0.65,0.54,0.58,0.78,2450.65
ART_01566,124,95,11780,1.31,digital,abstract,17,210,4.56,Canada,1,1,fair,1999,38,0.86,0.79,0.69,0.31,0.71,0.90,0.28,0.72,2812.43
ART_01567,102,95,9690,1.07,acrylic,expressionism,2,102,3.25,Italy,1,1,excellent,2017,122,0.99,0.89,0.81,0.35,0.99,0.64,0.41,0.87,3416.41
ART_01568,130,73,9490,1.78,watercolor,surrealism,0,14,4.45,Japan,0,21,good,2003,114,0.99,0.52,0.36,0.80,0.81,0.65,0.58,0.73,1590.64
ART_01569,153,47,7191,3.26,watercolor,landscape,10,3,5.04,Bangladesh,1,1,excellent,2018,137,0.93,0.65,0.40,0.87,0.83,0.79,0.69,0.86,2174.37
ART_01570,147,109,16023,1.35,charcoal,portrait,25,87,4.67,Japan,1,1,new,2004,73,0.99,0.91,0.37,0.60,0.71,0.99,0.61,0.44,4215.25
ART_01571,65,109,7085,0.60,digital,conceptual,25,11,3.65,Pakistan,1,1,good,2011,166,0.86,0.68,0.53,0.55,0.86,0.94,0.35,0.97,2730.12
ART_01572,125,151,18875,0.83,ink,surrealism,3,1,2.66,USA,1,1,excellent,2004,247,0.95,0.94,0.52,0.88,0.63,0.90,0.75,0.97,4061.81
ART_01573,138,76,10488,1.82,mixed_media,expressionism,24,94,4.43,India,1,1,good,2016,124,0.99,0.75,0.37,0.53,0.88,0.60,0.83,0.57,3531.60
ART_01574,102,68,6936,1.50,ink,expressionism,18,29,3.20,Germany,1,1,fair,1998,123,0.99,0.67,0.38,0.74,0.76,0.65,0.31,0.76,1393.63
ART_01575,89,145,12905,0.61,ink,surrealism,13,248,4.90,UAE,1,1,fair,2011,223,0.88,0.94,0.54,0.47,0.95,0.77,0.94,0.64,3950.85
ART_01576,93,138,12834,0.67,charcoal,conceptual,1,61,3.81,Germany,1,1,fair,2012,102,0.71,0.71,0.81,0.56,0.74,0.63,0.59,0.54,1483.70
ART_01577,46,95,4370,0.48,acrylic,realism,11,276,3.46,Canada,1,1,fair,2018,119,0.94,0.95,0.71,0.51,0.91,0.86,0.76,0.47,1610.04
ART_01578,54,49,2646,1.10,oil,impressionism,15,79,3.78,Bangladesh,1,1,good,2004,216,0.83,0.88,0.41,0.92,0.92,0.89,0.39,0.93,2100.73
ART_01579,117,104,12168,1.13,charcoal,minimalism,18,173,4.60,Italy,1,1,good,2012,137,0.99,0.67,0.40,0.59,0.78,0.98,0.68,0.73,3888.09
ART_01580,111,59,6549,1.88,digital,abstract,9,68,4.28,USA,0,53,fair,1993,200,0.85,0.83,0.57,0.86,0.53,0.58,0.70,0.76,1320.32
ART_01581,47,38,1786,1.24,watercolor,pop_art,16,377,5.70,France,0,34,excellent,1999,118,0.99,0.54,0.84,0.83,0.57,0.69,0.49,0.97,1227.20
ART_01582,71,84,5964,0.85,acrylic,conceptual,7,161,5.36,Turkey,1,1,good,1993,206,0.74,0.78,0.37,0.60,0.80,0.79,0.41,0.47,2193.21
ART_01583,155,141,21855,1.10,pastel,impressionism,2,210,3.82,Turkey,0,67,fair,1994,87,0.99,0.47,0.33,0.39,0.67,0.77,0.96,0.67,1897.98
ART_01584,31,126,3906,0.25,digital,realism,22,75,5.56,France,1,1,new,2018,55,0.99,0.61,0.61,0.54,0.99,0.57,0.52,0.93,2217.05
ART_01585,128,80,10240,1.60,digital,portrait,21,133,4.57,Canada,0,60,good,2002,82,0.96,0.83,0.48,0.44,0.54,0.63,0.74,0.98,2608.62
ART_01586,148,142,21016,1.04,acrylic,minimalism,1,127,3.61,Bangladesh,1,1,good,2011,52,0.99,0.78,0.84,0.53,0.64,0.90,0.40,0.84,4385.18
ART_01587,117,72,8424,1.63,mixed_media,impressionism,10,26,3.64,Pakistan,1,1,excellent,1992,157,0.69,0.58,0.87,0.74,0.99,0.64,0.71,0.44,2726.02
ART_01588,105,63,6615,1.67,oil,surrealism,4,15,3.31,Germany,1,1,excellent,2012,56,0.87,0.92,0.55,0.89,0.81,0.81,0.81,0.69,2734.41
ART_01589,98,103,10094,0.95,acrylic,expressionism,3,130,3.68,Turkey,1,1,good,2016,151,0.91,0.64,0.88,0.69,0.99,0.94,0.68,0.69,3074.62
ART_01590,44,114,5016,0.39,ink,surrealism,7,275,4.53,UK,1,1,good,2018,15,0.99,0.95,0.74,0.91,0.99,0.60,0.81,0.82,2263.39
ART_01591,153,97,14841,1.58,pastel,pop_art,20,69,5.36,India,1,1,excellent,2025,96,0.95,0.58,0.85,0.55,0.97,0.67,0.40,0.82,3950.04
ART_01592,139,35,4865,3.97,digital,abstract,15,406,5.14,USA,1,1,good,1998,189,0.99,0.86,0.64,0.45,0.63,0.96,0.62,0.97,3444.40
ART_01593,136,52,7072,2.62,digital,portrait,8,91,3.10,Bangladesh,1,1,fair,1995,59,0.86,0.88,0.40,0.83,0.91,0.71,0.95,0.83,1565.42
ART_01594,120,79,9480,1.52,ink,surrealism,1,54,4.50,Pakistan,1,1,new,1999,155,0.76,0.88,0.72,0.63,0.92,0.96,0.77,0.63,2750.49
ART_01595,82,48,3936,1.71,ink,landscape,7,359,5.38,Italy,1,1,excellent,1991,11,0.94,0.84,0.45,0.49,0.72,0.50,0.79,0.56,1730.44
ART_01596,85,138,11730,0.62,gouache,impressionism,14,144,4.98,Turkey,1,1,good,1999,198,0.99,0.93,0.62,0.80,0.99,0.81,0.46,0.92,5697.49
ART_01597,34,66,2244,0.52,charcoal,landscape,10,264,5.31,India,1,1,fair,2007,190,0.85,0.69,0.44,0.70,0.75,0.80,0.82,0.59,981.94
ART_01598,114,23,2622,4.96,ink,minimalism,15,0,5.08,Japan,1,1,excellent,1993,101,0.71,0.67,0.67,0.67,0.86,0.94,0.34,0.93,1338.83
ART_01599,91,158,14378,0.58,ink,pop_art,4,342,3.19,UAE,1,1,new,2012,194,0.99,0.93,0.87,0.63,0.81,0.65,0.79,0.83,3237.50
ART_01600,96,160,15360,0.60,digital,portrait,11,24,4.56,Japan,1,1,excellent,2002,117,0.77,0.63,0.70,0.91,0.97,0.87,0.79,0.66,3228.25
ART_01601,81,131,10611,0.62,charcoal,impressionism,22,27,4.86,India,1,1,good,2023,171,0.99,0.86,0.52,0.30,0.73,0.79,0.33,0.92,3726.89
ART_01602,43,103,4429,0.42,oil,surrealism,23,29,4.05,India,1,1,fair,2020,63,0.92,0.58,0.74,0.91,0.74,0.87,0.91,0.72,1982.74
ART_01603,73,54,3942,1.35,watercolor,conceptual,15,329,5.12,Pakistan,1,1,good,2011,81,0.99,0.87,0.59,0.56,0.99,0.70,0.64,0.75,2709.06
ART_01604,146,99,14454,1.47,oil,minimalism,24,222,3.60,UK,0,51,excellent,2024,209,0.99,0.81,0.72,0.51,0.97,0.66,0.32,0.56,3241.30
ART_01605,151,54,8154,2.80,acrylic,landscape,15,190,5.27,Pakistan,1,1,excellent,1991,243,0.99,0.67,0.34,0.64,0.70,0.59,0.35,0.46,3417.95
ART_01606,69,68,4692,1.01,digital,pop_art,7,64,3.60,Canada,0,25,good,2013,182,0.99,0.68,0.59,0.60,0.55,0.60,0.56,0.66,776.20
ART_01607,23,153,3519,0.15,gouache,realism,15,58,4.69,France,1,1,excellent,1999,227,0.99,0.94,0.73,0.80,0.57,0.73,0.72,0.93,2021.66
ART_01608,33,63,2079,0.52,digital,conceptual,17,2,3.12,Canada,1,1,excellent,2015,63,0.89,0.77,0.29,0.84,0.81,0.73,0.50,0.87,931.70
ART_01609,21,34,714,0.62,ink,expressionism,17,58,4.45,USA,1,1,good,2005,100,0.99,0.75,0.48,0.93,0.99,0.81,0.26,0.95,661.04
ART_01610,142,54,7668,2.63,watercolor,expressionism,14,319,4.38,Bangladesh,1,1,fair,2023,184,0.99,0.88,0.45,0.80,0.79,0.81,0.53,0.48,2224.28
ART_01611,28,137,3836,0.20,acrylic,expressionism,6,284,5.24,Turkey,1,1,good,2020,37,0.81,0.75,0.37,0.34,0.89,0.97,0.79,0.59,2014.31
ART_01612,84,45,3780,1.87,charcoal,landscape,7,54,3.02,Germany,1,1,fair,2017,125,0.72,0.58,0.65,0.90,0.90,0.79,0.93,0.87,738.07
ART_01613,95,158,15010,0.60,charcoal,expressionism,22,180,5.72,Japan,1,1,fair,2007,106,0.99,0.85,0.42,0.86,0.73,0.53,0.45,0.74,4075.94
ART_01614,42,47,1974,0.89,acrylic,minimalism,20,254,5.79,Canada,1,1,new,2001,137,0.99,0.64,0.58,0.50,0.97,0.92,0.81,0.42,2135.96
ART_01615,24,63,1512,0.38,gouache,minimalism,21,407,4.07,Turkey,1,1,good,1996,99,0.99,0.81,0.82,0.71,0.82,0.99,0.80,0.54,1226.73
ART_01616,53,39,2067,1.36,mixed_media,expressionism,22,21,4.05,Canada,1,1,new,2004,155,0.99,0.79,0.36,0.42,0.78,0.58,0.69,0.78,1748.32
ART_01617,69,62,4278,1.11,watercolor,conceptual,20,216,4.48,France,1,1,good,1993,215,0.99,0.70,0.60,0.38,0.99,0.56,0.50,0.45,1920.70
ART_01618,98,99,9702,0.99,gouache,minimalism,2,84,3.20,India,1,1,new,2021,36,0.86,0.69,0.59,0.56,0.68,0.86,0.84,0.66,1466.41
ART_01619,47,44,2068,1.07,oil,realism,18,332,3.54,France,1,1,new,2013,241,0.99,0.81,0.85,0.42,0.99,0.54,0.51,0.75,2161.09
ART_01620,124,96,11904,1.29,acrylic,pop_art,16,136,3.38,Pakistan,1,1,excellent,2022,221,0.99,0.75,0.51,0.78,0.97,0.93,0.39,0.82,4180.67
ART_01621,119,154,18326,0.77,digital,expressionism,15,265,3.61,India,0,12,fair,2003,79,0.84,0.50,0.63,0.52,0.63,0.49,0.65,0.98,2649.07
ART_01622,122,51,6222,2.39,digital,realism,2,1,4.49,Canada,1,1,new,2018,109,0.86,0.58,0.34,0.48,0.64,0.79,0.97,0.75,1855.02
ART_01623,31,118,3658,0.26,watercolor,expressionism,16,68,5.21,Turkey,0,19,excellent,1990,247,0.99,0.85,0.87,0.68,0.99,0.53,0.79,0.78,2219.48
ART_01624,107,63,6741,1.70,gouache,conceptual,2,121,4.77,France,1,1,new,2025,62,0.94,0.64,0.69,0.53,0.85,0.67,0.25,0.92,1992.47
ART_01625,39,111,4329,0.35,digital,portrait,18,330,4.54,UAE,0,42,fair,1996,89,0.99,0.82,0.73,0.69,0.70,0.76,0.83,0.81,1591.62
ART_01626,23,130,2990,0.18,digital,landscape,20,149,3.63,Bangladesh,1,1,excellent,2000,165,0.99,0.83,0.83,0.88,0.89,0.87,0.42,0.58,1355.72
ART_01627,26,113,2938,0.23,charcoal,realism,15,213,3.99,India,1,1,excellent,2005,81,0.99,0.70,0.58,0.62,0.55,0.87,0.26,0.57,1280.84
ART_01628,140,155,21700,0.90,oil,landscape,0,249,4.91,India,1,1,good,2006,208,0.86,0.90,0.67,0.55,0.99,0.96,0.94,0.58,7478.93
ART_01629,146,111,16206,1.32,oil,surrealism,2,110,3.07,UAE,0,45,good,1996,117,0.77,0.75,0.48,0.41,0.89,0.89,0.96,0.63,3179.51
ART_01630,33,73,2409,0.45,charcoal,realism,0,258,5.33,Bangladesh,0,72,excellent,2007,125,0.96,0.80,0.56,0.59,0.72,0.73,0.32,0.53,682.62
ART_01631,50,64,3200,0.78,mixed_media,expressionism,18,17,4.17,Bangladesh,0,49,good,2020,16,0.99,0.74,0.75,0.46,0.67,0.76,0.63,0.63,913.60
ART_01632,109,92,10028,1.18,digital,surrealism,23,366,4.90,Turkey,1,1,excellent,2000,35,0.99,0.85,0.66,0.38,0.88,0.67,0.96,0.87,6543.02
ART_01633,58,116,6728,0.50,ink,realism,14,407,4.02,Italy,0,41,excellent,2010,129,0.94,0.48,0.57,0.83,0.99,0.59,0.41,0.64,1676.77
ART_01634,69,119,8211,0.58,acrylic,portrait,23,43,4.29,USA,1,1,excellent,2023,182,0.93,0.81,0.72,0.36,0.99,0.77,0.31,0.85,4087.59
ART_01635,35,106,3710,0.33,oil,realism,11,372,5.40,USA,0,33,excellent,2017,32,0.84,0.78,0.59,0.84,0.54,0.70,0.83,0.62,1709.04
ART_01636,133,82,10906,1.62,mixed_media,portrait,1,190,3.67,Pakistan,1,1,fair,2001,24,0.74,0.85,0.38,0.75,0.99,0.57,0.41,0.68,2849.35
ART_01637,77,112,8624,0.69,pastel,portrait,4,94,3.99,France,0,40,new,1999,74,0.70,0.61,0.42,0.33,0.76,0.76,0.31,0.77,1422.48
ART_01638,57,125,7125,0.46,watercolor,portrait,11,16,3.29,UAE,1,1,fair,1991,132,0.94,0.73,0.65,0.82,0.96,0.60,0.37,0.56,1727.40
ART_01639,23,54,1242,0.43,charcoal,surrealism,24,103,4.39,UK,1,1,fair,2015,147,0.99,0.67,0.81,0.53,0.98,0.93,0.48,0.92,811.05
ART_01640,113,31,3503,3.65,pastel,minimalism,7,28,3.89,Canada,1,1,new,1995,92,0.93,0.62,0.36,0.72,0.75,0.90,0.79,0.86,1445.68
ART_01641,67,50,3350,1.34,acrylic,realism,5,70,4.88,Turkey,1,1,new,2012,51,0.70,0.82,0.64,0.37,0.84,0.92,0.93,0.92,1876.39
ART_01642,87,159,13833,0.55,charcoal,expressionism,1,115,3.89,India,0,53,fair,2020,62,0.84,0.64,0.70,0.45,0.69,0.58,0.62,0.85,1099.47
ART_01643,141,54,7614,2.61,oil,surrealism,22,114,3.99,Pakistan,1,1,excellent,2021,61,0.99,0.75,0.84,0.58,0.83,0.75,0.74,0.87,4667.80
ART_01644,146,39,5694,3.74,digital,surrealism,3,8,4.96,Canada,0,71,new,2023,58,0.65,0.79,0.55,0.65,0.82,0.96,0.59,0.52,945.73
ART_01645,95,57,5415,1.67,mixed_media,portrait,2,235,3.50,UK,1,1,fair,2005,241,0.99,0.78,0.49,0.64,0.90,0.62,0.94,0.63,2417.48
ART_01646,50,92,4600,0.54,pastel,impressionism,22,69,3.42,India,0,74,fair,2010,52,0.99,0.79,0.72,0.54,0.82,0.63,0.26,0.88,898.11
ART_01647,105,94,9870,1.12,digital,impressionism,0,20,4.67,Bangladesh,1,1,good,2008,43,0.73,0.68,0.68,0.63,0.60,0.86,0.75,0.55,1889.21
ART_01648,160,118,18880,1.36,ink,realism,22,3,5.17,UK,1,1,excellent,2021,23,0.99,0.91,0.89,0.43,0.70,0.75,0.52,0.79,5105.41
ART_01649,149,139,20711,1.07,pastel,surrealism,9,174,4.16,Turkey,1,1,good,2001,234,0.96,0.84,0.66,0.65,0.80,0.70,0.89,0.64,4478.89
ART_01650,87,26,2262,3.35,pastel,pop_art,7,5,4.69,Germany,1,1,excellent,2005,242,0.90,0.91,0.48,0.43,0.76,0.72,0.43,0.68,1143.62
ART_01651,56,91,5096,0.62,ink,pop_art,6,343,3.68,USA,1,1,new,2016,41,0.99,0.56,0.71,0.34,0.89,0.62,0.28,0.85,1646.05
ART_01652,41,21,861,1.95,oil,portrait,1,214,3.83,Japan,1,1,good,1990,51,0.85,0.79,0.65,0.42,0.75,0.51,0.27,0.44,544.16
ART_01653,92,146,13432,0.63,mixed_media,minimalism,8,145,3.42,Italy,1,1,fair,2020,43,0.86,0.88,0.81,0.40,0.95,0.98,0.73,0.78,3259.47
ART_01654,25,23,575,1.09,digital,abstract,11,6,4.99,Italy,1,1,good,2007,191,0.69,0.78,0.30,0.33,0.91,0.74,0.49,0.83,459.77
ART_01655,28,114,3192,0.25,charcoal,expressionism,5,14,4.25,UAE,1,1,good,2005,225,0.94,0.89,0.86,0.39,0.76,0.62,0.47,0.85,1020.12
ART_01656,147,95,13965,1.55,oil,abstract,7,33,4.70,UK,0,13,new,1990,217,0.78,0.80,0.40,0.64,0.72,0.89,0.69,0.95,6503.66
ART_01657,38,107,4066,0.36,watercolor,surrealism,2,319,4.33,Bangladesh,1,1,excellent,2017,226,0.84,0.79,0.69,0.40,0.76,0.62,0.75,0.61,2064.30
ART_01658,123,133,16359,0.92,mixed_media,pop_art,11,11,5.27,Turkey,1,1,good,1995,14,0.80,0.85,0.65,0.38,0.68,0.84,0.47,0.76,5109.90
ART_01659,70,68,4760,1.03,mixed_media,minimalism,4,66,4.73,France,1,1,good,1992,14,0.78,0.93,0.36,0.86,0.71,0.61,0.52,0.85,2017.68
ART_01660,87,60,5220,1.45,mixed_media,expressionism,12,0,5.09,France,1,1,new,2002,218,0.96,0.89,0.31,0.56,0.94,0.63,0.52,0.73,2754.13
ART_01661,69,75,5175,0.92,watercolor,abstract,16,13,5.10,UK,1,1,good,2013,62,0.82,0.81,0.40,0.93,0.62,0.58,0.55,0.55,1362.78
ART_01662,125,150,18750,0.83,acrylic,minimalism,14,235,4.72,Germany,1,1,good,2007,159,0.99,0.95,0.75,0.49,0.74,0.96,0.95,0.53,5715.37
ART_01663,97,45,4365,2.16,digital,abstract,8,10,4.09,Turkey,1,1,good,1999,131,0.63,0.67,0.64,0.51,0.64,0.50,0.33,0.61,1020.23
ART_01664,59,115,6785,0.51,oil,surrealism,21,0,4.39,France,1,1,good,2015,9,0.99,0.79,0.59,0.89,0.94,0.85,0.75,0.67,3806.34
ART_01665,97,134,12998,0.72,gouache,conceptual,4,393,5.43,Canada,1,1,good,1996,94,0.99,0.76,0.54,0.75,0.79,0.99,0.53,0.95,4489.85
ART_01666,43,111,4773,0.39,mixed_media,impressionism,24,261,4.05,Turkey,0,55,new,2016,56,0.99,0.74,0.47,0.80,0.99,0.97,0.52,0.63,2483.33
ART_01667,124,122,15128,1.02,acrylic,pop_art,23,247,4.97,Canada,1,1,fair,1992,55,0.99,0.92,0.53,0.75,0.81,0.87,0.31,0.85,6666.40
ART_01668,131,146,19126,0.90,oil,conceptual,20,320,3.61,India,1,1,new,2013,161,0.99,0.67,0.42,0.37,0.73,0.51,0.86,0.55,7282.20
ART_01669,158,104,16432,1.52,oil,impressionism,9,80,4.96,Canada,1,1,new,2004,166,0.85,0.90,0.57,0.61,0.58,0.83,0.45,0.74,6219.72
ART_01670,74,57,4218,1.30,ink,conceptual,12,283,3.71,UAE,1,1,good,2019,37,0.84,0.68,0.81,0.71,0.54,0.67,0.80,0.98,1328.77
ART_01671,63,132,8316,0.48,gouache,portrait,12,50,5.27,UAE,1,1,excellent,2025,207,0.99,0.85,0.75,0.66,0.63,0.56,0.50,0.63,2403.00
ART_01672,39,85,3315,0.46,digital,surrealism,0,94,4.59,Japan,1,1,good,2005,59,0.65,0.73,0.53,0.59,0.85,0.93,0.37,0.87,1255.87
ART_01673,152,76,11552,2.00,charcoal,pop_art,13,67,5.15,India,1,1,new,2013,146,0.77,0.92,0.60,0.56,0.99,0.90,0.70,0.93,4074.19
ART_01674,44,159,6996,0.28,ink,expressionism,21,6,5.24,Canada,1,1,fair,2011,219,0.97,0.95,0.33,0.72,0.77,0.83,0.51,0.42,1821.05
ART_01675,94,139,13066,0.68,digital,surrealism,7,187,5.31,India,1,1,fair,2016,177,0.78,0.68,0.64,0.75,0.83,0.58,0.63,0.48,2782.54
ART_01676,64,75,4800,0.85,pastel,minimalism,12,195,4.77,Italy,1,1,fair,1994,40,0.99,0.95,0.76,0.35,0.81,0.74,0.56,0.87,2020.24
ART_01677,76,51,3876,1.49,watercolor,conceptual,19,240,4.20,USA,0,38,good,2001,218,0.99,0.52,0.85,0.86,0.89,0.67,0.78,0.81,1423.34
ART_01678,49,44,2156,1.11,digital,conceptual,1,190,4.27,Pakistan,1,1,excellent,1992,61,0.97,0.69,0.44,0.37,0.69,0.91,0.62,0.88,1176.33
ART_01679,45,78,3510,0.58,acrylic,impressionism,7,12,4.72,India,1,1,excellent,2010,56,0.82,0.79,0.67,0.94,0.69,0.57,0.59,0.46,1394.05
ART_01680,124,24,2976,5.17,watercolor,minimalism,17,65,4.19,Italy,0,10,new,1991,224,0.99,0.53,0.40,0.92,0.78,0.71,0.53,0.95,1530.14
ART_01681,66,105,6930,0.63,ink,expressionism,15,46,3.91,Italy,1,1,fair,1995,169,0.84,0.95,0.53,0.45,0.99,0.97,0.36,0.75,2086.82
ART_01682,134,157,21038,0.85,acrylic,realism,16,2,3.59,France,1,1,fair,2025,42,0.65,0.83,0.50,0.82,0.59,0.75,0.94,0.77,3476.98
ART_01683,96,35,3360,2.74,ink,surrealism,8,40,3.85,Pakistan,1,1,excellent,2008,126,0.91,0.87,0.37,0.74,0.85,0.92,0.59,0.48,943.41
ART_01684,109,145,15805,0.75,digital,conceptual,23,351,4.43,UK,1,1,good,2020,90,0.99,0.95,0.45,0.84,0.91,0.95,0.72,0.55,4741.26
ART_01685,22,38,836,0.58,acrylic,impressionism,6,120,5.03,Japan,1,1,new,1993,68,0.85,0.91,0.51,0.92,0.95,0.66,0.96,0.57,923.20
ART_01686,113,127,14351,0.89,mixed_media,impressionism,25,52,3.61,France,0,83,excellent,2023,155,0.99,0.53,0.58,0.81,0.80,0.99,0.35,0.56,2427.47
ART_01687,139,127,17653,1.09,gouache,conceptual,25,328,3.58,Bangladesh,1,1,excellent,2026,81,0.99,0.70,0.55,0.44,0.65,0.80,0.85,0.99,5771.47
ART_01688,47,111,5217,0.42,gouache,impressionism,25,161,4.43,Italy,0,35,excellent,2014,10,0.99,0.49,0.53,0.48,0.73,0.88,0.84,0.78,1960.61
ART_01689,25,31,775,0.81,gouache,abstract,11,10,4.76,UAE,0,14,excellent,2014,64,0.75,0.63,0.67,0.37,0.62,0.80,0.80,0.46,355.03
ART_01690,73,125,9125,0.58,pastel,conceptual,17,26,4.81,Japan,0,39,fair,2013,163,0.99,0.48,0.53,0.46,0.89,0.95,0.28,0.75,1710.16
ART_01691,83,23,1909,3.61,acrylic,impressionism,2,304,3.67,Bangladesh,1,1,new,2015,186,0.73,0.61,0.63,0.75,0.78,0.75,0.30,0.79,1034.17
ART_01692,128,121,15488,1.06,charcoal,impressionism,11,402,5.47,USA,0,57,new,2015,131,0.91,0.56,0.88,0.34,0.63,0.99,0.66,0.86,3338.58
ART_01693,38,129,4902,0.29,gouache,impressionism,21,172,4.38,France,0,27,good,2024,217,0.93,0.60,0.41,0.35,0.98,0.73,0.84,0.65,1326.49
ART_01694,60,106,6360,0.57,ink,impressionism,24,33,5.20,India,1,1,new,2014,181,0.83,0.84,0.82,0.67,0.57,0.94,0.25,0.83,2153.53
ART_01695,107,39,4173,2.74,ink,abstract,0,90,4.54,France,1,1,good,2000,44,0.86,0.92,0.37,0.85,0.97,0.70,0.67,0.48,1226.45
ART_01696,102,125,12750,0.82,pastel,abstract,9,71,5.15,Japan,1,1,fair,1991,232,0.78,0.67,0.74,0.51,0.58,0.81,0.30,0.71,3203.28
ART_01697,95,23,2185,4.13,oil,surrealism,3,416,3.23,Canada,1,1,new,2023,62,0.95,0.83,0.52,0.55,0.75,0.78,0.32,0.74,1712.58
ART_01698,140,33,4620,4.24,watercolor,minimalism,13,28,3.80,UK,1,1,excellent,1994,96,0.88,0.86,0.66,0.69,0.56,0.54,0.80,0.46,1120.70
ART_01699,38,44,1672,0.86,gouache,portrait,6,21,2.88,France,1,1,excellent,1997,95,0.99,0.91,0.30,0.93,0.90,0.75,0.68,0.68,844.61
ART_01700,89,85,7565,1.05,gouache,surrealism,22,26,3.54,Japan,0,16,new,1991,78,0.78,0.68,0.63,0.42,0.92,0.81,0.62,0.94,2366.86
ART_01701,22,62,1364,0.35,acrylic,impressionism,0,303,4.25,Pakistan,1,1,new,1990,138,0.99,0.60,0.65,0.76,0.92,0.58,0.73,0.46,1201.74
ART_01702,98,142,13916,0.69,digital,impressionism,21,218,3.83,Germany,0,12,fair,2007,220,0.99,0.85,0.64,0.80,0.57,0.56,0.64,0.43,2152.66
ART_01703,104,86,8944,1.21,digital,realism,20,269,4.48,Japan,1,1,excellent,1996,155,0.90,0.90,0.78,0.58,0.71,0.93,0.68,0.62,4188.85
ART_01704,82,38,3116,2.16,charcoal,surrealism,18,5,4.57,France,1,1,excellent,2007,127,0.84,0.69,0.49,0.49,0.58,0.57,0.86,0.77,1170.51
ART_01705,101,40,4040,2.52,acrylic,conceptual,22,22,4.82,Turkey,1,1,new,1996,50,0.99,0.64,0.51,0.66,0.99,0.99,0.79,0.52,2631.77
ART_01706,91,33,3003,2.76,oil,pop_art,1,0,4.09,Canada,1,1,good,2011,57,0.65,0.58,0.40,0.89,0.52,0.68,0.56,0.53,849.91
ART_01707,131,79,10349,1.66,ink,conceptual,2,8,4.30,Italy,1,1,fair,2013,205,0.79,0.64,0.46,0.39,0.53,0.63,0.29,0.79,1369.45
ART_01708,37,78,2886,0.47,digital,expressionism,3,19,4.74,France,1,1,good,2001,239,0.89,0.61,0.70,0.82,0.97,0.99,0.54,0.95,1374.31
ART_01709,23,116,2668,0.20,oil,abstract,1,100,3.61,India,1,1,good,2000,92,0.93,0.58,0.51,0.89,0.84,0.58,0.55,0.71,1500.31
ART_01710,121,24,2904,5.04,digital,conceptual,10,30,3.29,India,1,1,excellent,2000,199,0.99,0.94,0.63,0.74,0.64,0.60,0.65,0.96,1389.93
ART_01711,92,150,13800,0.61,oil,realism,23,294,5.03,India,1,1,good,2018,12,0.99,0.91,0.32,0.48,0.99,0.86,0.72,0.45,7169.86
ART_01712,128,28,3584,4.57,oil,expressionism,19,52,4.55,Pakistan,1,1,good,2024,25,0.96,0.58,0.60,0.67,0.85,0.65,0.73,0.71,2107.22
ART_01713,152,71,10792,2.14,watercolor,realism,6,322,5.20,Germany,1,1,fair,2020,77,0.99,0.83,0.77,0.82,0.91,0.68,0.79,0.68,3704.79
ART_01714,83,68,5644,1.22,mixed_media,abstract,22,183,5.09,India,1,1,good,1995,144,0.90,0.69,0.42,0.63,0.77,0.52,0.64,0.66,3379.48
ART_01715,68,92,6256,0.74,watercolor,realism,23,189,3.79,India,0,6,new,2001,55,0.99,0.87,0.64,0.51,0.63,0.98,0.85,0.51,2015.45
ART_01716,79,22,1738,3.59,gouache,conceptual,14,62,3.26,Bangladesh,1,1,new,2010,202,0.99,0.62,0.78,0.30,0.91,0.69,0.90,0.68,829.56
ART_01717,28,119,3332,0.24,digital,portrait,9,402,5.48,Pakistan,1,1,fair,2009,45,0.99,0.84,0.77,0.47,0.56,0.77,0.75,0.83,1540.00
ART_01718,103,74,7622,1.39,gouache,realism,19,48,3.55,Pakistan,1,1,fair,2003,221,0.87,0.94,0.52,0.31,0.94,0.61,0.97,0.51,1912.17
ART_01719,73,61,4453,1.20,mixed_media,realism,24,278,4.81,France,0,36,new,2014,105,0.91,0.86,0.81,0.34,0.84,0.95,0.49,0.95,3459.53
ART_01720,60,130,7800,0.46,acrylic,expressionism,15,187,5.17,Canada,0,28,excellent,2022,56,0.99,0.62,0.71,0.48,0.92,0.68,0.92,0.46,2769.74
ART_01721,86,77,6622,1.12,acrylic,pop_art,1,54,4.54,Germany,1,1,fair,1994,45,0.72,0.93,0.78,0.83,0.63,0.82,0.71,0.75,1792.59
ART_01722,124,122,15128,1.02,oil,impressionism,6,401,3.59,USA,1,1,fair,2016,169,0.98,0.77,0.32,0.49,0.95,0.57,0.26,0.98,6334.17
ART_01723,141,159,22419,0.89,oil,impressionism,9,142,5.36,France,1,1,new,2018,124,0.96,0.74,0.61,0.73,0.89,0.53,0.80,0.95,10347.07
ART_01724,110,109,11990,1.01,mixed_media,realism,14,282,4.23,Bangladesh,1,1,excellent,2019,159,0.92,0.77,0.67,0.48,0.68,0.56,0.49,0.42,3568.11
ART_01725,81,53,4293,1.53,pastel,impressionism,12,360,4.88,USA,0,34,good,1996,55,0.88,0.58,0.55,0.71,0.80,0.81,0.88,0.56,1361.54
ART_01726,151,28,4228,5.39,gouache,abstract,7,287,5.37,UAE,1,1,excellent,2021,61,0.99,0.81,0.33,0.58,0.61,0.64,0.60,0.83,2153.54
ART_01727,72,145,10440,0.50,mixed_media,landscape,23,45,3.64,France,0,29,new,2026,231,0.89,0.65,0.32,0.52,0.60,0.74,0.62,0.58,2731.61
ART_01728,63,114,7182,0.55,mixed_media,surrealism,12,226,3.23,France,1,1,new,1991,158,0.80,0.91,0.86,0.30,0.81,0.65,0.83,0.92,4837.40
ART_01729,24,131,3144,0.18,acrylic,landscape,13,319,5.66,UK,1,1,fair,2018,200,0.88,0.65,0.61,0.32,0.91,0.83,0.59,0.62,1597.33
ART_01730,131,138,18078,0.95,pastel,realism,8,228,3.86,India,1,1,good,2005,109,0.99,0.73,0.82,0.85,0.81,0.78,0.81,0.74,4608.57
ART_01731,125,68,8500,1.84,gouache,conceptual,18,226,5.11,Turkey,1,1,new,2016,245,0.93,0.91,0.67,0.93,0.86,0.73,0.29,0.66,3064.99
ART_01732,129,89,11481,1.45,digital,portrait,25,7,3.15,Japan,1,1,new,2013,14,0.87,0.71,0.40,0.66,0.67,0.86,0.87,0.53,2195.97
ART_01733,51,155,7905,0.33,acrylic,abstract,19,85,5.45,Canada,1,1,new,2001,12,0.99,0.83,0.83,0.39,0.76,0.60,0.55,0.92,4493.80
ART_01734,123,122,15006,1.01,pastel,conceptual,24,33,4.95,Germany,1,1,new,1990,121,0.99,0.86,0.84,0.94,0.99,0.93,0.86,0.96,6906.55
ART_01735,128,137,17536,0.93,ink,minimalism,19,278,5.92,France,0,50,good,2023,219,0.99,0.53,0.38,0.95,0.72,0.77,0.58,0.78,2674.13
ART_01736,39,82,3198,0.48,pastel,surrealism,5,197,3.49,Canada,0,50,excellent,2002,157,0.99,0.74,0.74,0.87,0.79,0.63,0.86,0.58,1032.28
ART_01737,138,159,21942,0.87,digital,expressionism,6,10,3.05,Pakistan,1,1,new,1990,78,0.99,0.90,0.84,0.58,0.89,0.96,0.35,0.42,2693.21
ART_01738,70,39,2730,1.79,digital,pop_art,0,15,3.18,UAE,0,22,good,2018,164,0.69,0.62,0.43,0.65,0.60,0.52,0.76,0.63,397.68
ART_01739,59,35,2065,1.69,oil,abstract,8,15,3.92,Italy,1,1,new,2022,171,0.74,0.80,0.78,0.51,0.99,0.66,0.31,0.61,1349.19
ART_01740,89,72,6408,1.24,charcoal,conceptual,0,337,5.10,Turkey,1,1,new,1998,74,0.87,0.74,0.82,0.95,0.84,0.50,0.75,0.81,2512.87
ART_01741,144,103,14832,1.40,digital,conceptual,11,71,3.84,India,0,20,excellent,2012,132,0.99,0.68,0.69,0.65,0.98,0.90,0.28,0.88,2897.60
ART_01742,154,98,15092,1.57,mixed_media,abstract,10,124,5.39,Japan,0,73,good,2011,130,0.78,0.59,0.29,0.30,0.88,0.56,0.37,0.55,2051.61
ART_01743,41,116,4756,0.35,pastel,expressionism,10,249,3.48,France,0,41,fair,1995,75,0.87,0.71,0.41,0.75,0.91,0.70,0.47,0.91,1182.84
ART_01744,24,128,3072,0.19,pastel,landscape,6,43,3.73,USA,0,62,excellent,2016,106,0.99,0.72,0.82,0.43,0.99,0.68,0.39,0.82,767.42
ART_01745,42,28,1176,1.50,digital,impressionism,22,251,4.76,Pakistan,1,1,fair,2001,39,0.99,0.75,0.45,0.81,0.70,0.86,0.56,0.83,841.46
ART_01746,153,60,9180,2.55,pastel,realism,0,174,4.97,France,1,1,good,1994,244,0.99,0.78,0.59,0.37,0.57,0.73,0.93,0.73,3462.58
ART_01747,122,114,13908,1.07,pastel,realism,14,71,5.19,Italy,1,1,fair,2019,168,0.79,0.89,0.66,0.81,0.58,0.91,0.35,0.53,2426.13
ART_01748,127,148,18796,0.86,ink,conceptual,21,207,4.75,USA,0,53,new,2001,193,0.99,0.69,0.59,0.35,0.91,0.83,0.70,0.81,4664.06
ART_01749,144,86,12384,1.67,oil,expressionism,22,122,5.49,Germany,1,1,fair,2015,170,0.94,0.91,0.52,0.52,0.60,0.90,0.66,0.66,4584.75
ART_01750,69,79,5451,0.87,mixed_media,surrealism,7,178,3.11,Italy,0,13,good,1994,246,0.94,0.87,0.76,0.40,0.73,0.65,0.27,0.58,1699.17
ART_01751,141,104,14664,1.36,watercolor,conceptual,0,112,2.84,USA,0,64,new,2009,143,0.72,0.72,0.73,0.78,0.69,0.66,0.50,0.91,1470.45
ART_01752,57,72,4104,0.79,watercolor,conceptual,9,48,3.31,France,1,1,new,2013,159,0.99,0.88,0.70,0.48,0.76,0.71,0.26,0.45,1211.30
ART_01753,34,129,4386,0.26,charcoal,landscape,13,362,4.42,UK,0,48,excellent,2022,126,0.99,0.56,0.49,0.31,0.77,0.86,0.51,0.48,1105.07
ART_01754,32,28,896,1.14,pastel,landscape,1,400,5.11,India,1,1,new,1997,88,0.82,0.94,0.37,0.50,0.77,0.61,0.74,0.81,965.36
ART_01755,138,24,3312,5.75,acrylic,surrealism,14,114,3.92,India,0,40,fair,1994,206,0.99,0.61,0.43,0.68,0.93,0.99,0.84,0.45,1161.19
ART_01756,108,123,13284,0.88,gouache,minimalism,23,419,4.51,Turkey,1,1,excellent,2025,39,0.99,0.75,0.34,0.45,0.98,0.92,0.47,0.88,4305.45
ART_01757,129,160,20640,0.81,watercolor,impressionism,21,27,4.38,Turkey,1,1,good,2017,158,0.99,0.69,0.63,0.46,0.68,0.88,0.41,0.72,3994.61
ART_01758,113,101,11413,1.12,watercolor,landscape,1,260,4.44,France,1,1,fair,2005,198,0.88,0.77,0.68,0.33,0.67,0.95,0.33,0.98,2630.68
ART_01759,99,145,14355,0.68,digital,pop_art,20,91,4.63,Pakistan,1,1,new,2001,91,0.89,0.83,0.69,0.59,0.62,0.53,0.81,0.97,5030.77
ART_01760,118,139,16402,0.85,charcoal,expressionism,4,24,4.98,Italy,0,37,fair,2025,28,0.66,0.55,0.29,0.39,0.75,0.56,0.77,0.93,1667.32
ART_01761,137,156,21372,0.88,mixed_media,surrealism,11,351,4.37,Canada,0,15,excellent,2012,93,0.99,0.77,0.37,0.58,0.99,0.76,0.42,0.51,6259.65
ART_01762,83,147,12201,0.56,gouache,surrealism,3,0,3.71,France,1,1,new,2012,155,0.90,0.63,0.77,0.51,0.77,0.66,0.58,0.62,2046.91
ART_01763,112,127,14224,0.88,gouache,pop_art,19,56,3.26,India,1,1,excellent,1994,168,0.81,0.79,0.41,0.46,0.57,0.63,0.60,0.95,3598.58
ART_01764,31,84,2604,0.37,digital,landscape,16,219,4.01,USA,1,1,excellent,2025,129,0.99,0.94,0.29,0.40,0.57,0.65,0.93,0.66,1493.51
ART_01765,36,49,1764,0.73,digital,realism,0,110,4.95,Bangladesh,1,1,excellent,2007,123,0.74,0.90,0.88,0.56,0.55,0.52,0.41,0.98,819.83
ART_01766,113,84,9492,1.35,oil,minimalism,6,371,4.25,France,0,60,fair,2022,82,0.99,0.67,0.77,0.30,0.93,0.90,0.78,0.53,1981.62
ART_01767,112,39,4368,2.87,oil,abstract,16,308,4.19,India,1,1,new,2023,70,0.91,0.69,0.47,0.50,0.78,0.80,0.82,0.61,3380.02
ART_01768,156,147,22932,1.06,mixed_media,abstract,23,178,5.66,Japan,1,1,good,1994,122,0.99,0.68,0.36,0.43,0.75,0.59,0.83,0.46,8617.11
ART_01769,55,63,3465,0.87,charcoal,conceptual,18,65,4.02,UAE,0,73,excellent,2014,242,0.93,0.70,0.82,0.58,0.89,0.85,0.30,0.71,901.28
ART_01770,124,80,9920,1.55,watercolor,portrait,21,35,3.54,Germany,1,1,new,2016,158,0.99,0.84,0.41,0.78,0.84,0.60,0.86,0.43,3044.02
ART_01771,107,74,7918,1.45,acrylic,portrait,22,313,5.25,Pakistan,1,1,fair,1994,33,0.99,0.62,0.83,0.90,0.92,0.55,0.75,0.55,3573.49
ART_01772,52,76,3952,0.68,oil,impressionism,2,389,4.31,Pakistan,1,1,excellent,2015,150,0.87,0.71,0.55,0.83,0.98,0.93,0.52,0.91,3349.24
ART_01773,29,116,3364,0.25,acrylic,realism,11,229,5.11,Canada,1,1,fair,2011,56,0.93,0.75,0.64,0.66,0.75,0.68,0.60,0.86,1675.37
ART_01774,115,30,3450,3.83,pastel,abstract,16,332,5.37,USA,0,70,excellent,2010,187,0.98,0.55,0.70,0.74,0.62,0.63,0.62,0.51,1070.95
ART_01775,31,104,3224,0.30,watercolor,realism,10,125,4.83,Canada,1,1,fair,2007,198,0.99,0.78,0.65,0.68,0.96,0.90,0.88,0.92,1949.38
ART_01776,128,33,4224,3.88,ink,landscape,13,95,5.38,Bangladesh,1,1,new,2022,144,0.78,0.61,0.30,0.44,0.99,0.49,0.74,0.74,1632.89
ART_01777,127,121,15367,1.05,gouache,surrealism,20,349,4.39,Bangladesh,1,1,good,2024,104,0.99,0.64,0.43,0.53,0.88,0.68,0.31,0.58,4193.60
ART_01778,127,141,17907,0.90,charcoal,expressionism,3,198,4.81,UK,0,27,good,2024,107,0.83,0.49,0.35,0.74,0.96,0.63,0.59,0.56,2284.97
ART_01779,136,57,7752,2.39,watercolor,portrait,21,239,3.77,India,1,1,fair,2017,124,0.99,0.89,0.45,0.36,0.84,0.62,0.78,0.85,3254.90
ART_01780,73,102,7446,0.72,oil,abstract,16,133,3.23,Japan,1,1,good,1997,196,0.99,0.63,0.59,0.48,0.94,0.99,0.54,0.92,5256.63
ART_01781,136,126,17136,1.08,gouache,conceptual,4,0,4.38,Italy,1,1,new,2001,115,0.67,0.70,0.30,0.35,0.90,0.82,0.87,0.42,2264.37
ART_01782,30,71,2130,0.42,pastel,impressionism,24,185,4.76,France,1,1,excellent,1991,160,0.99,0.77,0.51,0.35,0.71,0.91,0.73,0.94,2370.32
ART_01783,82,72,5904,1.14,ink,impressionism,3,319,5.23,India,0,36,good,2011,187,0.99,0.52,0.76,0.35,0.70,0.76,0.65,0.52,1380.31
ART_01784,120,122,14640,0.98,charcoal,realism,10,311,5.07,Italy,1,1,excellent,2011,219,0.99,0.79,0.85,0.82,0.65,0.85,0.39,0.87,5886.40
ART_01785,155,89,13795,1.74,oil,impressionism,5,419,4.79,France,1,1,good,2003,35,0.99,0.61,0.43,0.56,0.94,0.62,0.78,0.43,4943.14
ART_01786,38,121,4598,0.31,digital,realism,9,120,5.20,France,1,1,excellent,2002,229,0.80,0.67,0.79,0.90,0.68,0.88,0.34,0.42,1643.26
ART_01787,61,135,8235,0.45,pastel,minimalism,14,14,3.77,France,1,1,new,2005,56,0.98,0.85,0.47,0.57,0.58,0.74,0.91,0.53,2291.01
ART_01788,44,44,1936,1.00,watercolor,minimalism,12,366,3.42,Germany,1,1,new,1996,30,0.99,0.94,0.38,0.80,0.92,0.90,0.72,0.87,1700.07
ART_01789,70,70,4900,1.00,charcoal,landscape,11,96,3.58,UAE,0,82,new,2019,148,0.97,0.68,0.70,0.71,0.68,0.97,0.38,0.74,863.27
ART_01790,33,44,1452,0.75,gouache,conceptual,19,256,5.09,USA,1,1,fair,1996,192,0.99,0.58,0.58,0.37,0.95,0.91,0.86,0.58,946.45
ART_01791,59,52,3068,1.13,ink,pop_art,18,72,3.22,France,1,1,excellent,2022,173,0.92,0.79,0.30,0.92,0.99,0.58,0.57,0.45,1000.34
ART_01792,138,60,8280,2.30,gouache,landscape,2,2,3.37,Japan,1,1,fair,2014,185,0.74,0.95,0.87,0.30,0.65,0.76,0.58,0.77,1244.76
ART_01793,34,56,1904,0.61,mixed_media,surrealism,20,2,4.13,UAE,0,20,fair,2015,119,0.97,0.58,0.49,0.81,0.89,0.95,0.78,0.76,840.56
ART_01794,71,132,9372,0.54,ink,conceptual,24,65,4.25,Japan,1,1,excellent,1996,237,0.99,0.72,0.65,0.47,0.58,0.55,0.63,0.72,2638.21
ART_01795,133,154,20482,0.86,pastel,surrealism,3,80,4.23,Pakistan,1,1,fair,2014,100,0.99,0.77,0.36,0.46,0.95,0.54,0.34,0.88,3441.27
ART_01796,121,142,17182,0.85,ink,abstract,1,419,4.20,Japan,1,1,new,1999,94,0.75,0.84,0.34,0.49,0.67,0.83,0.60,0.67,4758.16
ART_01797,96,50,4800,1.92,ink,conceptual,7,54,2.98,Turkey,0,67,good,2000,126,0.99,0.83,0.74,0.46,0.81,0.85,0.42,0.93,784.71
ART_01798,86,87,7482,0.99,digital,surrealism,11,148,3.49,USA,1,1,good,2012,33,0.99,0.81,0.63,0.84,0.61,0.94,0.64,0.96,2807.64
ART_01799,49,48,2352,1.02,mixed_media,pop_art,24,324,5.80,France,1,1,excellent,2019,99,0.99,0.58,0.90,0.35,0.78,0.87,0.48,0.88,2701.12
ART_01800,86,54,4644,1.59,acrylic,expressionism,2,325,3.07,Pakistan,0,53,excellent,2012,90,0.86,0.59,0.36,0.50,0.67,0.80,0.40,0.79,1154.85
ART_01801,74,30,2220,2.47,charcoal,surrealism,10,197,4.95,Canada,1,1,new,2011,56,0.99,0.96,0.84,0.50,0.99,0.53,0.51,0.77,1492.20
ART_01802,55,22,1210,2.50,ink,landscape,5,132,4.63,Canada,1,1,new,1997,84,0.99,0.59,0.54,0.42,0.71,0.69,0.63,0.89,672.31
ART_01803,69,29,2001,2.38,oil,minimalism,0,351,5.25,France,1,1,new,1999,206,0.99,0.78,0.30,0.87,0.59,0.93,0.95,0.71,2087.15
ART_01804,36,158,5688,0.23,mixed_media,realism,21,129,3.60,France,1,1,new,2004,55,0.99,0.60,0.56,0.50,0.77,0.57,0.29,0.57,2588.85
ART_01805,74,117,8658,0.63,acrylic,surrealism,2,139,3.90,Italy,1,1,good,1998,112,0.79,0.62,0.46,0.61,0.83,0.88,0.55,0.94,2725.46
ART_01806,87,157,13659,0.55,acrylic,abstract,15,150,4.62,UAE,0,26,excellent,1996,186,0.87,0.87,0.52,0.89,0.72,0.97,0.84,0.48,4785.02
ART_01807,136,62,8432,2.19,oil,impressionism,15,145,5.33,India,0,60,good,1990,210,0.97,0.78,0.71,0.86,0.58,0.50,0.86,0.52,2578.08
ART_01808,102,131,13362,0.78,watercolor,abstract,24,41,4.01,Germany,0,12,new,2001,197,0.99,0.79,0.75,0.86,0.90,0.60,0.95,0.64,3645.44
ART_01809,100,29,2900,3.45,mixed_media,portrait,1,114,4.38,India,0,18,fair,2012,49,0.99,0.65,0.72,0.34,0.98,0.54,0.76,0.89,955.06
ART_01810,150,25,3750,6.00,charcoal,surrealism,22,106,4.60,UK,0,76,excellent,2017,83,0.99,0.87,0.67,0.91,0.61,0.78,0.58,0.42,795.20
ART_01811,117,73,8541,1.60,oil,abstract,1,146,3.33,Pakistan,1,1,good,2018,52,0.72,0.84,0.84,0.71,0.67,0.70,0.75,0.82,3025.91
ART_01812,134,78,10452,1.72,mixed_media,impressionism,14,3,3.06,Pakistan,0,23,excellent,1990,199,0.84,0.72,0.82,0.79,0.70,0.87,0.43,0.78,2481.48
ART_01813,147,29,4263,5.07,digital,landscape,15,3,4.15,UK,0,26,new,1997,220,0.79,0.70,0.89,0.31,0.71,0.79,0.73,0.79,1155.95
ART_01814,81,85,6885,0.95,pastel,pop_art,12,79,4.34,Pakistan,1,1,good,2009,73,0.91,0.67,0.37,0.76,0.97,0.57,0.59,0.65,1777.69
ART_01815,41,83,3403,0.49,oil,expressionism,11,14,5.05,Turkey,1,1,new,2006,206,0.74,0.89,0.51,0.51,0.81,0.65,0.55,0.87,2700.34
ART_01816,80,131,10480,0.61,acrylic,realism,13,53,3.20,USA,1,1,excellent,2001,140,0.75,0.75,0.68,0.50,0.62,0.91,0.72,0.57,2406.88
ART_01817,152,42,6384,3.62,digital,impressionism,24,46,3.83,UAE,0,74,excellent,2023,96,0.99,0.56,0.60,0.43,0.63,0.99,0.93,0.83,1292.26
ART_01818,112,67,7504,1.67,watercolor,conceptual,10,30,2.98,Italy,0,47,new,1990,66,0.95,0.78,0.32,0.46,0.99,0.75,0.69,0.83,1812.88
ART_01819,48,99,4752,0.48,oil,portrait,15,234,5.27,Canada,1,1,new,2018,51,0.99,0.92,0.60,0.54,0.99,0.88,0.75,0.62,3626.83
ART_01820,159,46,7314,3.46,digital,minimalism,2,31,3.67,Germany,1,1,fair,2021,232,0.79,0.73,0.77,0.80,0.83,0.91,0.93,0.41,1117.69
ART_01821,130,63,8190,2.06,mixed_media,surrealism,0,176,4.11,Japan,0,29,new,2007,132,0.99,0.80,0.59,0.36,0.61,0.79,0.65,0.87,2561.73
ART_01822,91,74,6734,1.23,acrylic,conceptual,25,251,5.53,Pakistan,1,1,excellent,2025,59,0.97,0.56,0.41,0.58,0.67,0.72,0.27,0.92,3764.94
ART_01823,137,131,17947,1.05,digital,landscape,21,31,4.88,Turkey,1,1,good,2002,163,0.99,0.76,0.62,0.41,0.99,0.71,0.39,0.46,3784.62
ART_01824,146,157,22922,0.93,pastel,realism,18,244,3.63,USA,1,1,excellent,2004,90,0.99,0.88,0.73,0.83,0.71,0.82,0.35,0.84,5671.44
ART_01825,113,94,10622,1.20,charcoal,abstract,20,255,5.06,India,1,1,good,2018,84,0.99,0.85,0.38,0.69,0.60,0.74,0.79,0.51,3438.48
ART_01826,128,42,5376,3.05,pastel,abstract,6,284,3.59,India,1,1,good,2004,60,0.83,0.93,0.48,0.60,0.72,0.59,0.94,0.79,2060.04
ART_01827,95,103,9785,0.92,mixed_media,realism,11,79,3.51,Canada,1,1,fair,2001,238,0.99,0.88,0.57,0.71,0.78,0.61,0.92,0.96,3910.51
ART_01828,128,31,3968,4.13,digital,conceptual,0,8,2.62,Japan,1,1,excellent,2007,117,0.81,0.58,0.58,0.45,0.53,0.99,0.33,0.88,766.27
ART_01829,28,156,4368,0.18,gouache,conceptual,6,208,4.69,Turkey,0,74,good,2008,232,0.99,0.82,0.67,0.32,0.72,0.55,0.97,0.44,872.17
ART_01830,60,79,4740,0.76,charcoal,realism,4,2,2.98,UAE,1,1,excellent,2011,148,0.90,0.77,0.57,0.93,0.60,0.89,0.56,0.48,856.55
ART_01831,140,27,3780,5.19,charcoal,pop_art,14,102,3.78,Germany,1,1,excellent,2005,95,0.93,0.60,0.51,0.43,0.74,0.69,0.37,0.97,1428.88
ART_01832,20,140,2800,0.14,pastel,expressionism,11,62,4.97,UK,1,1,excellent,2000,120,0.84,0.93,0.58,0.31,0.90,0.50,0.38,0.54,1126.11
ART_01833,87,20,1740,4.35,ink,pop_art,24,227,4.96,Bangladesh,1,1,excellent,2006,122,0.99,0.74,0.29,0.88,0.71,0.89,0.61,0.54,1180.87
ART_01834,116,75,8700,1.55,oil,abstract,23,50,5.14,USA,1,1,new,1995,106,0.99,0.88,0.88,0.64,0.67,0.69,0.42,0.86,5677.26
ART_01835,69,154,10626,0.45,mixed_media,minimalism,18,224,5.00,Pakistan,1,1,excellent,2000,228,0.99,0.87,0.62,0.41,0.55,0.90,0.25,0.83,5415.28
ART_01836,73,148,10804,0.49,charcoal,landscape,20,43,3.53,UAE,1,1,good,2013,153,0.99,0.61,0.54,0.54,0.79,0.80,0.69,0.66,2609.62
ART_01837,76,94,7144,0.81,ink,pop_art,10,13,4.91,Turkey,1,1,good,2006,153,0.76,0.79,0.31,0.41,0.89,0.51,0.72,0.91,1795.15
ART_01838,86,115,9890,0.75,digital,surrealism,3,266,5.51,Germany,1,1,good,2005,156,0.87,0.78,0.32,0.78,0.99,0.74,0.90,0.45,3275.95
ART_01839,23,47,1081,0.49,mixed_media,pop_art,10,30,3.84,France,1,1,fair,2010,221,0.78,0.89,0.58,0.71,0.70,0.69,0.36,0.67,552.49
ART_01840,26,40,1040,0.65,watercolor,abstract,13,225,3.50,Turkey,0,51,excellent,1993,110,0.99,0.75,0.80,0.67,0.84,0.51,0.92,0.94,827.43
ART_01841,72,41,2952,1.76,watercolor,minimalism,15,32,4.43,Canada,1,1,excellent,2007,208,0.99,0.66,0.68,0.92,0.68,0.99,0.74,0.54,1440.22
ART_01842,95,57,5415,1.67,gouache,expressionism,13,130,5.52,Turkey,0,38,new,2005,27,0.99,0.72,0.69,0.38,0.72,0.57,0.26,0.56,1497.35
ART_01843,59,96,5664,0.61,acrylic,pop_art,14,383,4.01,Germany,1,1,new,2019,194,0.99,0.66,0.77,0.91,0.77,0.74,0.84,0.94,3646.20
ART_01844,45,93,4185,0.48,mixed_media,realism,16,351,3.49,Canada,1,1,good,1997,135,0.87,0.59,0.45,0.72,0.60,0.63,0.82,0.72,2199.02
ART_01845,124,41,5084,3.02,oil,portrait,8,240,3.22,Germany,1,1,fair,2003,14,0.99,0.65,0.90,0.80,0.85,0.72,0.77,0.72,2246.50
ART_01846,101,38,3838,2.66,digital,realism,19,406,4.45,Canada,1,1,fair,2020,53,0.99,0.70,0.82,0.84,0.82,0.82,0.55,0.42,1468.03
ART_01847,102,78,7956,1.31,oil,realism,3,105,4.39,Turkey,1,1,good,1996,28,0.99,0.58,0.72,0.41,0.86,0.94,0.61,0.65,2716.90
ART_01848,75,145,10875,0.52,oil,landscape,8,91,3.25,Japan,1,1,fair,2018,26,0.96,0.72,0.39,0.85,0.63,0.84,0.28,0.78,2661.00
ART_01849,114,152,17328,0.75,charcoal,conceptual,23,296,4.87,Bangladesh,1,1,fair,2009,126,0.97,0.87,0.29,0.34,0.81,0.76,0.50,0.73,5186.83
ART_01850,60,22,1320,2.73,ink,surrealism,23,5,4.28,Pakistan,1,1,new,2024,174,0.88,0.74,0.59,0.43,0.67,0.72,0.72,0.89,838.17
ART_01851,56,89,4984,0.63,mixed_media,conceptual,1,333,5.24,Canada,1,1,excellent,1995,109,0.86,0.80,0.79,0.62,0.84,0.73,0.92,0.58,2657.19
ART_01852,85,123,10455,0.69,mixed_media,realism,22,59,4.65,Pakistan,1,1,fair,2011,199,0.96,0.68,0.87,0.52,0.61,0.82,0.55,0.82,3402.18
ART_01853,106,102,10812,1.04,watercolor,conceptual,18,116,3.75,Bangladesh,1,1,good,2017,209,0.99,0.59,0.61,0.36,0.64,0.54,0.64,0.48,2075.17
ART_01854,30,154,4620,0.19,acrylic,surrealism,5,417,3.19,Japan,1,1,excellent,2022,39,0.99,0.91,0.58,0.57,0.91,0.99,0.79,0.59,2708.63
ART_01855,24,153,3672,0.16,ink,portrait,16,210,4.44,Turkey,1,1,good,2022,140,0.93,0.69,0.32,0.86,0.99,0.74,0.62,0.47,1285.79
ART_01856,80,75,6000,1.07,acrylic,minimalism,8,238,4.20,UK,1,1,new,2004,20,0.99,0.63,0.52,0.49,0.66,0.99,0.36,0.53,2151.04
ART_01857,104,34,3536,3.06,digital,abstract,23,0,3.76,USA,0,13,excellent,2022,139,0.99,0.71,0.49,0.50,0.80,0.73,0.87,0.41,1157.39
ART_01858,22,42,924,0.52,oil,portrait,14,315,4.34,UAE,1,1,new,2007,235,0.98,0.90,0.71,0.83,0.57,0.78,0.46,0.63,1309.27
ART_01859,100,105,10500,0.95,acrylic,portrait,8,89,5.03,India,0,9,fair,2019,177,0.83,0.57,0.44,0.53,0.81,0.83,0.87,0.69,2102.35
ART_01860,93,22,2046,4.23,digital,minimalism,20,110,3.98,Italy,0,47,new,2026,196,0.99,0.76,0.51,0.60,0.74,0.90,0.76,0.66,867.26
ART_01861,36,81,2916,0.44,watercolor,surrealism,8,382,3.33,Germany,1,1,good,2022,130,0.88,0.60,0.68,0.57,0.92,0.84,0.65,0.53,1326.10
ART_01862,74,54,3996,1.37,acrylic,realism,0,243,3.33,Bangladesh,0,21,excellent,2022,20,0.90,0.73,0.66,0.72,0.83,0.78,0.92,0.76,1552.84
ART_01863,35,77,2695,0.45,watercolor,abstract,4,63,5.13,Italy,1,1,good,2017,210,0.66,0.63,0.75,0.61,0.83,0.56,0.66,0.95,1288.07
ART_01864,57,97,5529,0.59,mixed_media,expressionism,2,387,5.47,Italy,1,1,new,2012,10,0.99,0.79,0.56,0.63,0.88,0.56,0.93,0.77,4118.23
ART_01865,153,84,12852,1.82,mixed_media,portrait,14,283,5.44,Bangladesh,0,82,good,2006,200,0.99,0.52,0.40,0.54,0.86,0.70,0.63,0.84,3669.05
ART_01866,97,139,13483,0.70,charcoal,surrealism,1,243,4.77,Italy,1,1,fair,2023,145,0.72,0.84,0.71,0.45,0.86,0.80,0.64,0.63,2199.86
ART_01867,143,55,7865,2.60,charcoal,pop_art,13,89,4.52,Canada,0,57,good,1998,192,0.99,0.50,0.83,0.58,0.99,0.86,0.44,0.94,1544.87
ART_01868,51,88,4488,0.58,acrylic,pop_art,7,406,3.88,UK,1,1,good,2021,10,0.93,0.70,0.47,0.36,0.86,0.98,0.45,0.58,1887.89
ART_01869,89,33,2937,2.70,gouache,surrealism,10,25,3.08,UAE,1,1,excellent,2004,105,0.95,0.83,0.58,0.80,0.65,0.96,0.90,0.92,1344.58
ART_01870,144,65,9360,2.22,gouache,expressionism,15,21,4.38,Germany,1,1,fair,2021,155,0.81,0.70,0.84,0.35,0.53,0.62,0.39,0.67,1467.35
ART_01871,101,129,13029,0.78,charcoal,impressionism,11,15,3.85,Turkey,1,1,excellent,2014,35,0.79,0.87,0.45,0.39,0.61,0.74,0.59,0.99,2989.25
ART_01872,104,56,5824,1.86,watercolor,minimalism,15,72,4.79,Turkey,0,68,good,1995,21,0.99,0.77,0.41,0.42,0.99,0.92,0.90,0.47,1243.39
ART_01873,69,123,8487,0.56,pastel,portrait,23,34,4.81,France,1,1,fair,1997,241,0.96,0.73,0.65,0.36,0.78,0.89,0.94,0.63,2631.61
ART_01874,36,109,3924,0.33,ink,portrait,13,263,4.34,UAE,1,1,excellent,2026,59,0.86,0.60,0.77,0.31,0.98,0.78,0.62,0.44,1149.26
ART_01875,85,23,1955,3.70,watercolor,conceptual,8,133,4.48,UK,1,1,good,2014,24,0.82,0.66,0.67,0.68,0.87,0.84,0.66,0.74,798.03
ART_01876,61,45,2745,1.36,digital,surrealism,7,149,5.35,France,1,1,fair,1999,224,0.84,0.61,0.73,0.60,0.64,0.87,0.69,0.43,1078.83
ART_01877,119,48,5712,2.48,oil,pop_art,7,118,4.82,UAE,1,1,excellent,2002,31,0.99,0.63,0.56,0.52,0.99,0.68,0.90,0.49,2773.16
ART_01878,104,143,14872,0.73,acrylic,abstract,22,66,3.60,Canada,1,1,good,1993,172,0.99,0.58,0.67,0.84,0.97,0.85,0.66,0.69,4663.50
ART_01879,36,30,1080,1.20,gouache,abstract,3,92,3.70,Bangladesh,1,1,new,2021,160,0.69,0.58,0.45,0.53,0.99,0.73,0.62,0.69,475.22
ART_01880,48,146,7008,0.33,pastel,landscape,19,51,5.04,Canada,1,1,good,2022,225,0.82,0.80,0.57,0.42,0.69,0.93,0.33,0.59,1766.38
ART_01881,158,66,10428,2.39,pastel,realism,18,168,4.47,France,1,1,excellent,2024,10,0.99,0.77,0.81,0.77,0.95,0.55,0.79,0.64,2691.62
ART_01882,52,50,2600,1.04,ink,minimalism,16,111,5.15,Bangladesh,1,1,new,2008,20,0.99,0.81,0.59,0.70,0.57,0.63,0.94,0.71,1047.00
ART_01883,65,158,10270,0.41,gouache,expressionism,10,96,3.91,Pakistan,0,32,good,2022,153,0.99,0.61,0.54,0.39,0.59,0.70,0.76,0.45,1506.58
ART_01884,131,108,14148,1.21,pastel,expressionism,13,283,3.45,Germany,1,1,good,1996,46,0.95,0.72,0.45,0.72,0.92,0.74,0.29,0.42,2464.13
ART_01885,132,117,15444,1.13,pastel,realism,4,129,4.43,UK,1,1,excellent,1993,172,0.72,0.66,0.64,0.65,0.98,0.47,0.80,0.51,2666.15
ART_01886,157,106,16642,1.48,charcoal,surrealism,11,258,5.50,France,1,1,excellent,1992,238,0.99,0.82,0.66,0.37,0.58,0.99,0.26,0.94,6966.85
ART_01887,85,62,5270,1.37,oil,surrealism,10,0,5.06,Germany,1,1,good,2000,219,0.58,0.96,0.48,0.37,0.55,0.62,0.41,0.95,2928.35
ART_01888,22,62,1364,0.35,charcoal,abstract,1,69,4.41,Japan,1,1,new,2016,184,0.72,0.89,0.39,0.78,0.99,0.65,0.41,0.92,661.53
ART_01889,86,123,10578,0.70,pastel,abstract,7,248,3.14,Italy,1,1,excellent,1997,118,0.99,0.79,0.82,0.46,0.79,0.90,0.39,0.59,2891.69
ART_01890,118,47,5546,2.51,pastel,abstract,20,19,3.49,Japan,1,1,fair,1992,92,0.99,0.64,0.62,0.64,0.66,0.99,0.88,0.88,1865.42
ART_01891,157,77,12089,2.04,pastel,impressionism,17,30,5.47,India,1,1,excellent,1990,43,0.96,0.61,0.85,0.72,0.58,0.92,0.71,0.76,3781.98
ART_01892,102,122,12444,0.84,digital,realism,5,125,4.82,Japan,1,1,good,2008,141,0.77,0.92,0.78,0.83,0.54,0.89,0.97,0.41,2838.79
ART_01893,35,31,1085,1.13,pastel,conceptual,14,328,4.58,Italy,0,45,excellent,2022,218,0.89,0.47,0.36,0.71,0.93,0.72,0.39,0.65,492.22
ART_01894,158,112,17696,1.41,ink,conceptual,13,58,3.82,UAE,1,1,excellent,2001,243,0.91,0.69,0.32,0.53,0.75,0.54,0.83,0.53,2874.69
ART_01895,120,42,5040,2.86,oil,pop_art,13,128,4.13,Italy,0,9,new,1995,123,0.99,0.73,0.67,0.64,0.99,0.58,0.52,0.54,1963.43
ART_01896,152,116,17632,1.31,charcoal,minimalism,13,127,3.56,Canada,0,8,fair,1991,158,0.96,0.56,0.62,0.44,0.71,0.87,0.29,0.67,2090.72
ART_01897,153,56,8568,2.73,oil,pop_art,17,60,4.84,Germany,1,1,fair,2004,118,0.99,0.82,0.65,0.78,0.56,0.87,0.42,0.74,3237.76
ART_01898,158,43,6794,3.67,charcoal,expressionism,3,3,3.64,Japan,1,1,good,2003,22,0.59,0.78,0.88,0.89,0.65,0.67,0.66,0.93,1294.82
ART_01899,106,47,4982,2.26,mixed_media,pop_art,24,201,4.00,Japan,0,82,fair,2019,8,0.99,0.61,0.80,0.93,0.61,0.75,0.66,0.44,748.47
ART_01900,107,136,14552,0.79,charcoal,portrait,14,93,3.92,France,1,1,good,1992,23,0.81,0.92,0.29,0.94,0.87,0.81,0.71,0.74,3554.32
ART_01901,28,80,2240,0.35,gouache,minimalism,20,385,3.55,Italy,1,1,good,1998,144,0.99,0.90,0.73,0.48,0.83,0.78,0.57,0.94,1663.72
ART_01902,91,139,12649,0.65,charcoal,realism,6,221,3.10,Bangladesh,1,1,good,2007,40,0.78,0.80,0.84,0.90,0.74,0.49,0.69,0.54,2285.41
ART_01903,21,24,504,0.88,acrylic,minimalism,24,5,4.50,Turkey,1,1,fair,2015,225,0.82,0.71,0.69,0.49,0.82,0.88,0.76,0.85,559.61
ART_01904,88,44,3872,2.00,ink,portrait,13,382,4.56,UAE,1,1,excellent,1999,228,0.85,0.66,0.78,0.90,0.81,0.76,0.79,0.47,1714.53
ART_01905,138,52,7176,2.65,charcoal,impressionism,11,62,3.16,Bangladesh,1,1,good,1993,242,0.87,0.73,0.44,0.85,0.78,0.86,0.96,0.83,2673.25
ART_01906,56,90,5040,0.62,charcoal,abstract,4,323,3.27,Japan,1,1,excellent,2007,37,0.77,0.96,0.54,0.47,0.95,0.69,0.57,0.81,2060.83
ART_01907,103,39,4017,2.64,oil,impressionism,5,9,3.61,UAE,0,70,good,2023,39,0.99,0.63,0.66,0.50,0.57,0.80,0.45,0.74,748.38
ART_01908,67,30,2010,2.23,gouache,surrealism,16,63,4.54,Turkey,1,1,new,2013,140,0.79,0.80,0.89,0.34,0.99,0.98,0.41,0.69,1401.85
ART_01909,52,51,2652,1.02,pastel,pop_art,12,31,4.44,Bangladesh,1,1,good,2014,159,0.70,0.91,0.29,0.80,0.97,0.50,0.81,0.42,927.27
ART_01910,65,42,2730,1.55,mixed_media,landscape,5,192,3.14,UK,0,16,excellent,2017,173,0.84,0.85,0.59,0.85,0.91,0.80,0.34,0.91,1091.10
ART_01911,81,77,6237,1.05,oil,conceptual,20,174,4.57,USA,1,1,excellent,2018,153,0.98,0.89,0.31,0.58,0.86,0.81,0.77,0.72,3768.85
ART_01912,140,143,20020,0.98,acrylic,pop_art,3,225,4.70,USA,0,23,fair,2005,135,0.99,0.56,0.79,0.82,0.99,0.59,0.93,0.88,4175.08
ART_01913,61,147,8967,0.41,charcoal,impressionism,24,255,3.54,Turkey,1,1,new,2000,61,0.95,0.82,0.47,0.64,0.71,0.87,0.44,0.55,2862.93
ART_01914,104,149,15496,0.70,watercolor,expressionism,23,404,5.59,India,1,1,good,2011,172,0.99,0.59,0.56,0.45,0.62,0.76,0.84,0.98,6486.04
ART_01915,86,35,3010,2.46,acrylic,impressionism,22,77,4.09,France,1,1,new,2019,124,0.99,0.80,0.84,0.85,0.67,0.97,0.59,0.72,2091.58
ART_01916,20,144,2880,0.14,digital,abstract,14,30,3.36,Canada,0,62,excellent,2018,10,0.78,0.52,0.73,0.88,0.92,0.48,0.61,0.96,666.33
ART_01917,144,77,11088,1.87,digital,expressionism,24,226,4.68,Germany,1,1,good,1997,186,0.99,0.74,0.45,0.83,0.63,0.67,0.92,0.54,3569.01
ART_01918,156,92,14352,1.70,acrylic,realism,19,11,5.30,India,1,1,new,2013,108,0.99,0.78,0.53,0.89,0.61,0.69,0.68,0.94,6084.70
ART_01919,97,67,6499,1.45,acrylic,landscape,11,277,3.76,Turkey,0,47,new,1992,236,0.99,0.72,0.59,0.56,0.99,0.85,0.74,0.56,2067.70
ART_01920,33,149,4917,0.22,mixed_media,impressionism,15,188,3.33,France,0,68,new,2011,151,0.86,0.67,0.45,0.73,0.64,0.49,0.71,0.58,1298.06
ART_01921,50,64,3200,0.78,gouache,abstract,9,5,3.57,UAE,0,41,good,2013,86,0.63,0.63,0.82,0.38,0.88,0.85,0.36,0.52,460.71
ART_01922,63,44,2772,1.43,gouache,impressionism,25,413,4.12,USA,1,1,excellent,2011,147,0.99,0.64,0.49,0.75,0.71,0.76,0.33,0.92,2035.82
ART_01923,136,101,13736,1.35,ink,expressionism,23,10,3.28,Italy,0,59,fair,2000,101,0.95,0.67,0.48,0.59,0.61,0.92,0.45,0.43,1346.29
ART_01924,47,78,3666,0.60,watercolor,minimalism,25,293,5.65,USA,1,1,excellent,2009,132,0.99,0.68,0.65,0.35,0.71,0.90,0.31,0.94,2350.31
ART_01925,144,106,15264,1.36,watercolor,portrait,19,91,4.68,Bangladesh,1,1,excellent,2009,85,0.99,0.85,0.87,0.69,0.99,0.91,0.59,0.93,5179.15
ART_01926,140,99,13860,1.41,mixed_media,expressionism,16,59,5.30,Italy,1,1,excellent,2024,58,0.90,0.69,0.29,0.52,0.77,0.69,0.29,0.75,3764.85
ART_01927,95,37,3515,2.57,digital,conceptual,0,41,3.21,Japan,1,1,fair,2013,38,0.71,0.71,0.79,0.79,0.99,0.80,0.73,0.55,527.95
ART_01928,34,118,4012,0.29,watercolor,portrait,21,168,5.50,UAE,1,1,good,1995,38,0.99,0.87,0.56,0.87,0.68,0.79,0.45,0.82,2203.51
ART_01929,86,136,11696,0.63,gouache,surrealism,4,158,2.89,Bangladesh,0,72,new,2014,186,0.99,0.69,0.69,0.31,0.98,0.67,0.43,0.48,1238.77
ART_01930,95,24,2280,3.96,charcoal,minimalism,9,11,3.53,UAE,1,1,new,2011,58,0.79,0.86,0.49,0.55,0.89,0.88,0.33,0.64,623.60
ART_01931,116,58,6728,2.00,acrylic,realism,20,17,5.04,USA,1,1,new,1993,11,0.99,0.72,0.60,0.41,0.94,0.53,0.40,0.56,3498.04
ART_01932,43,25,1075,1.72,watercolor,realism,4,153,3.71,Turkey,1,1,fair,2001,130,0.90,0.94,0.34,0.51,0.75,0.72,0.57,0.68,498.82
ART_01933,84,50,4200,1.68,ink,abstract,7,397,4.18,Turkey,1,1,excellent,1993,163,0.93,0.95,0.46,0.87,0.97,0.95,0.87,0.46,2194.92
ART_01934,103,24,2472,4.29,acrylic,surrealism,5,107,4.69,Pakistan,1,1,excellent,1992,156,0.99,0.93,0.31,0.66,0.78,0.70,0.92,0.85,2140.31
ART_01935,56,142,7952,0.39,oil,landscape,23,332,4.87,Japan,0,53,good,2024,187,0.94,0.59,0.40,0.82,0.89,0.72,0.79,0.48,2306.73
ART_01936,149,98,14602,1.52,acrylic,surrealism,23,18,5.47,France,1,1,excellent,1996,204,0.78,0.81,0.89,0.69,0.98,0.63,0.69,0.83,6279.19
ART_01937,55,129,7095,0.43,digital,portrait,16,68,5.46,France,0,19,good,2003,210,0.99,0.61,0.79,0.55,0.66,0.61,0.45,0.71,1964.84
ART_01938,158,36,5688,4.39,mixed_media,impressionism,5,66,5.10,UAE,1,1,good,2020,70,0.76,0.75,0.58,0.74,0.64,0.53,0.28,0.82,2049.67
ART_01939,108,160,17280,0.68,pastel,pop_art,8,375,5.35,Germany,1,1,fair,2024,185,0.82,0.56,0.36,0.63,0.55,0.79,0.40,0.55,3290.51
ART_01940,41,35,1435,1.17,charcoal,landscape,20,126,5.36,Japan,0,32,fair,2025,187,0.99,0.66,0.86,0.45,0.88,0.61,0.80,0.58,551.60
ART_01941,141,132,18612,1.07,charcoal,abstract,14,80,3.51,Bangladesh,0,13,fair,2001,221,0.89,0.76,0.51,0.53,0.75,0.78,0.65,0.52,2619.05
ART_01942,32,21,672,1.52,acrylic,minimalism,15,355,5.06,UAE,1,1,excellent,1990,166,0.99,0.74,0.80,0.59,0.99,0.83,0.95,0.92,1467.73
ART_01943,117,149,17433,0.79,pastel,surrealism,25,259,5.15,Bangladesh,1,1,excellent,2013,43,0.99,0.64,0.42,0.34,0.91,0.55,0.84,0.57,4865.01
ART_01944,82,104,8528,0.79,ink,realism,22,29,3.77,France,1,1,good,2016,214,0.79,0.66,0.79,0.44,0.92,0.74,0.86,0.55,1998.72
ART_01945,108,53,5724,2.04,gouache,expressionism,22,6,5.02,Italy,0,59,excellent,1997,70,0.99,0.60,0.69,0.47,0.58,0.53,0.52,0.48,1001.95
ART_01946,145,70,10150,2.07,oil,impressionism,7,160,3.70,UK,1,1,fair,1997,212,0.74,0.76,0.71,0.87,0.68,0.53,0.45,0.95,3701.97
ART_01947,61,94,5734,0.65,acrylic,conceptual,17,330,4.14,UAE,0,21,fair,1995,47,0.94,0.65,0.85,0.85,0.79,0.53,0.72,0.44,1717.48
ART_01948,141,134,18894,1.05,digital,abstract,11,106,3.79,Canada,1,1,excellent,2016,72,0.82,0.72,0.40,0.31,0.92,0.66,0.50,0.88,3925.30
ART_01949,96,134,12864,0.72,ink,portrait,13,163,5.11,Pakistan,1,1,good,1993,9,0.81,0.94,0.60,0.73,0.73,0.76,0.41,0.62,3099.17
ART_01950,116,75,8700,1.55,ink,pop_art,24,70,4.22,Bangladesh,1,1,new,2024,67,0.99,0.57,0.86,0.46,0.60,0.89,0.26,0.63,1887.75
ART_01951,71,106,7526,0.67,gouache,realism,11,102,3.33,India,1,1,fair,1991,63,0.99,0.94,0.90,0.68,0.97,0.59,0.75,0.47,1720.60
ART_01952,128,63,8064,2.03,watercolor,impressionism,21,28,3.72,Japan,1,1,good,1993,101,0.99,0.95,0.53,0.51,0.71,0.51,0.96,0.76,3293.86
ART_01953,148,132,19536,1.12,oil,impressionism,11,6,4.99,USA,1,1,excellent,2016,71,0.69,0.58,0.29,0.74,0.66,0.53,0.80,0.96,5445.46
ART_01954,72,31,2232,2.32,acrylic,realism,15,275,5.74,Canada,1,1,new,2000,194,0.85,0.60,0.65,0.35,0.64,0.56,0.60,0.68,1896.28
ART_01955,27,57,1539,0.47,acrylic,conceptual,23,116,4.94,UAE,0,17,excellent,1997,104,0.99,0.54,0.46,0.57,0.81,0.67,0.89,0.78,1026.91
ART_01956,99,49,4851,2.02,gouache,realism,4,0,3.34,Italy,1,1,good,2016,178,0.60,0.94,0.87,0.67,0.97,0.53,0.48,0.88,1109.71
ART_01957,152,119,18088,1.28,digital,conceptual,2,91,4.87,USA,1,1,good,2012,173,0.80,0.59,0.45,0.56,0.86,0.80,0.74,0.65,2947.93
ART_01958,98,122,11956,0.80,gouache,landscape,1,117,5.19,Japan,1,1,new,2015,63,0.68,0.63,0.36,0.79,0.62,0.56,0.45,0.77,2556.79
ART_01959,68,138,9384,0.49,gouache,landscape,1,331,3.60,India,1,1,good,1997,193,0.79,0.94,0.35,0.49,0.99,0.70,0.63,0.86,2665.80
ART_01960,59,50,2950,1.18,mixed_media,portrait,12,17,4.95,Turkey,1,1,excellent,1991,56,0.99,0.77,0.87,0.54,0.94,0.67,0.90,0.92,2786.89
ART_01961,30,33,990,0.91,watercolor,minimalism,23,331,5.26,Germany,1,1,new,1998,60,0.99,0.63,0.56,0.33,0.98,0.99,0.51,0.51,898.07
ART_01962,113,32,3616,3.53,mixed_media,surrealism,6,212,4.76,Germany,1,1,fair,2002,119,0.87,0.78,0.87,0.32,0.55,0.90,0.44,0.81,2014.04
ART_01963,46,71,3266,0.65,watercolor,conceptual,14,4,4.87,Turkey,1,1,good,2023,37,0.99,0.75,0.66,0.87,0.99,0.99,0.96,0.63,1206.80
ART_01964,89,89,7921,1.00,acrylic,landscape,6,248,3.46,Bangladesh,1,1,good,1995,19,0.94,0.73,0.63,0.43,0.69,0.83,0.36,0.53,2632.09
ART_01965,131,123,16113,1.07,gouache,expressionism,18,42,4.04,Japan,1,1,fair,2016,193,0.79,0.70,0.80,0.76,0.97,0.78,0.63,0.42,2266.62
ART_01966,129,104,13416,1.24,oil,minimalism,6,334,3.31,Pakistan,1,1,good,2013,146,0.89,0.75,0.41,0.65,0.54,0.59,0.75,0.95,4453.86
ART_01967,42,133,5586,0.32,acrylic,surrealism,0,48,4.97,Bangladesh,1,1,new,2004,235,0.90,0.91,0.69,0.50,0.99,0.83,0.39,0.47,2675.68
ART_01968,156,63,9828,2.48,gouache,realism,8,68,2.82,USA,0,82,excellent,2009,143,0.81,0.48,0.32,0.83,0.73,0.75,0.83,0.85,1074.22
ART_01969,72,37,2664,1.95,charcoal,portrait,20,158,5.63,UK,1,1,new,2018,129,0.89,0.68,0.77,0.44,0.79,0.65,0.58,0.89,1927.06
ART_01970,98,69,6762,1.42,oil,pop_art,7,310,4.28,France,1,1,good,2017,203,0.93,0.96,0.41,0.90,0.79,0.80,0.68,0.66,4013.76
ART_01971,31,28,868,1.11,acrylic,landscape,10,23,3.90,Canada,0,11,excellent,2003,190,0.77,0.60,0.76,0.81,0.65,0.64,0.47,0.85,542.32
ART_01972,106,145,15370,0.73,acrylic,portrait,14,247,3.50,Turkey,0,33,new,1999,178,0.99,0.58,0.29,0.89,0.96,0.91,0.52,0.62,3618.67
ART_01973,159,52,8268,3.06,acrylic,portrait,25,0,5.07,UK,1,1,new,2023,80,0.73,0.71,0.54,0.72,0.81,0.53,0.88,0.74,3117.37
ART_01974,51,141,7191,0.36,mixed_media,landscape,23,131,3.74,Germany,1,1,excellent,2022,90,0.99,0.79,0.52,0.61,0.85,0.74,0.36,0.65,3328.34
ART_01975,144,28,4032,5.14,digital,conceptual,7,299,3.69,UAE,0,30,good,2023,194,0.99,0.49,0.67,0.39,0.98,0.80,0.69,0.64,1187.10
ART_01976,48,149,7152,0.32,oil,surrealism,5,2,3.49,Pakistan,1,1,good,2010,200,0.57,0.74,0.75,0.68,0.96,0.73,0.35,0.89,2580.55
ART_01977,63,94,5922,0.67,watercolor,impressionism,17,98,5.55,USA,1,1,new,1999,39,0.97,0.73,0.69,0.78,0.63,0.99,0.42,0.58,2395.75
ART_01978,69,160,11040,0.43,pastel,landscape,10,37,3.99,France,1,1,good,1994,160,0.89,0.73,0.56,0.69,0.78,0.61,0.86,0.55,2685.67
ART_01979,134,144,19296,0.93,digital,surrealism,0,3,3.84,Bangladesh,1,1,good,2006,181,0.96,0.77,0.79,0.48,0.79,0.61,0.90,0.51,3271.99
ART_01980,154,49,7546,3.14,watercolor,portrait,6,143,4.98,Japan,1,1,excellent,2024,204,0.99,0.79,0.71,0.32,0.69,0.99,0.34,0.43,2113.66
ART_01981,111,121,13431,0.92,mixed_media,realism,21,1,4.85,Italy,1,1,fair,2007,10,0.79,0.82,0.60,0.92,0.58,0.65,0.47,0.88,3332.19
ART_01982,77,95,7315,0.81,mixed_media,landscape,7,2,4.69,Turkey,0,17,excellent,1998,216,0.77,0.71,0.77,0.56,0.97,0.69,0.37,0.69,2119.39
ART_01983,88,91,8008,0.97,oil,abstract,7,0,4.55,Bangladesh,1,1,fair,2025,56,0.74,0.63,0.78,0.62,0.65,0.58,0.69,0.75,2054.92
ART_01984,84,66,5544,1.27,gouache,impressionism,18,281,5.74,Bangladesh,0,60,excellent,2012,146,0.93,0.60,0.45,0.57,0.99,0.55,0.79,0.42,1477.08
ART_01985,81,53,4293,1.53,gouache,minimalism,13,265,3.98,Canada,1,1,excellent,1990,24,0.96,0.56,0.32,0.36,0.99,0.88,0.25,0.43,1227.27
ART_01986,55,97,5335,0.57,charcoal,landscape,14,7,5.10,Canada,1,1,good,2003,43,0.96,0.60,0.30,0.65,0.89,0.54,0.52,0.72,1538.05
ART_01987,46,20,920,2.30,charcoal,landscape,11,199,3.71,Pakistan,1,1,excellent,1996,185,0.91,0.73,0.87,0.37,0.69,0.86,0.60,0.92,650.41
ART_01988,80,88,7040,0.91,oil,landscape,1,114,4.22,Bangladesh,1,1,fair,2024,114,0.99,0.73,0.70,0.92,0.66,0.86,0.57,0.92,2317.97
ART_01989,142,153,21726,0.93,ink,expressionism,17,33,3.45,France,1,1,excellent,2015,73,0.99,0.82,0.78,0.76,0.65,0.55,0.71,0.93,4102.30
ART_01990,145,76,11020,1.91,acrylic,expressionism,19,170,3.78,Turkey,1,1,excellent,2010,91,0.92,0.80,0.42,0.58,0.99,0.95,0.64,0.51,4032.00
ART_01991,29,147,4263,0.20,mixed_media,surrealism,25,247,3.96,UAE,1,1,new,2022,81,0.99,0.69,0.63,0.81,0.58,0.57,0.83,0.62,2858.15
ART_01992,38,94,3572,0.40,pastel,abstract,7,74,4.46,USA,0,59,new,2011,175,0.99,0.51,0.72,0.65,0.99,0.85,0.74,0.98,1340.70
ART_01993,106,64,6784,1.66,ink,landscape,5,289,3.17,USA,0,13,excellent,2020,122,0.84,0.56,0.51,0.73,0.79,0.80,0.76,0.88,1554.24
ART_01994,153,147,22491,1.04,watercolor,pop_art,25,224,4.77,Pakistan,0,64,good,2023,122,0.99,0.67,0.31,0.35,0.79,0.67,0.28,0.55,3055.06
ART_01995,109,147,16023,0.74,watercolor,expressionism,13,110,3.62,USA,0,34,excellent,2017,15,0.99,0.74,0.52,0.79,0.72,0.90,0.43,0.88,2368.77
ART_01996,21,40,840,0.53,ink,minimalism,11,79,4.84,UAE,0,79,excellent,2003,42,0.75,0.56,0.44,0.33,0.75,0.70,0.85,0.65,215.49
ART_01997,74,87,6438,0.85,acrylic,minimalism,11,146,5.29,UAE,1,1,good,2009,54,0.80,0.78,0.38,0.56,0.99,0.79,0.67,0.89,3250.11
ART_01998,44,129,5676,0.34,mixed_media,surrealism,4,182,4.55,USA,1,1,good,1998,171,0.99,0.57,0.51,0.38,0.63,0.82,0.44,0.52,2024.45
ART_01999,26,47,1222,0.55,gouache,landscape,18,71,3.64,Turkey,1,1,new,2002,31,0.99,0.70,0.62,0.75,0.99,0.66,0.79,0.92,929.66
ART_02000,110,71,7810,1.55,pastel,surrealism,23,33,4.78,UAE,1,1,fair,1994,99,0.93,0.79,0.56,0.92,0.85,0.90,0.37,0.44,1984.59
ART_02001,93,34,3162,2.74,ink,conceptual,21,0,5.35,Canada,1,1,excellent,2014,185,0.99,0.86,0.84,0.57,0.75,0.98,0.82,0.94,1944.02
ART_02002,101,65,6565,1.55,ink,pop_art,17,125,4.26,UK,1,1,new,2024,238,0.93,0.63,0.79,0.30,0.71,0.59,0.84,0.85,1980.25
ART_02003,109,105,11445,1.04,watercolor,expressionism,6,34,4.75,India,1,1,good,1993,148,0.68,0.79,0.53,0.34,0.80,0.58,0.89,0.42,2213.52
ART_02004,133,130,17290,1.02,mixed_media,realism,24,89,3.29,Germany,0,60,excellent,1999,129,0.85,0.52,0.71,0.33,0.74,0.69,0.29,0.94,3258.06
ART_02005,79,21,1659,3.76,charcoal,surrealism,15,0,3.74,UK,1,1,excellent,2013,118,0.94,0.82,0.49,0.91,0.90,0.99,0.91,0.88,1128.34
ART_02006,80,143,11440,0.56,pastel,expressionism,19,173,4.60,UK,1,1,new,2014,204,0.99,0.66,0.59,0.32,0.64,0.82,0.63,0.52,3245.03
ART_02007,129,48,6192,2.69,ink,portrait,12,311,4.36,Italy,0,61,excellent,2004,121,0.88,0.64,0.33,0.55,0.64,0.89,0.37,0.63,1247.86
ART_02008,101,147,14847,0.69,mixed_media,portrait,2,22,3.21,Pakistan,0,28,excellent,2003,235,0.99,0.78,0.65,0.56,0.71,0.84,0.64,0.76,2728.94
ART_02009,37,56,2072,0.66,watercolor,surrealism,7,51,4.42,Pakistan,1,1,excellent,2016,47,0.81,0.95,0.70,0.34,0.69,0.53,0.29,0.65,872.98
ART_02010,71,51,3621,1.39,mixed_media,surrealism,7,107,4.59,USA,1,1,good,2019,203,0.96,0.77,0.46,0.34,0.96,0.89,0.57,0.77,2603.73
ART_02011,106,79,8374,1.34,charcoal,surrealism,13,283,3.85,Japan,1,1,good,1994,181,0.99,0.96,0.86,0.72,0.89,0.90,0.46,0.57,3344.90
ART_02012,112,70,7840,1.60,mixed_media,minimalism,6,85,3.48,Canada,0,80,good,2014,119,0.82,0.59,0.54,0.56,0.72,0.52,0.86,0.49,927.82
ART_02013,108,58,6264,1.86,oil,minimalism,16,339,4.11,France,1,1,fair,2004,20,0.99,0.91,0.89,0.80,0.93,0.89,0.61,0.98,3995.47
ART_02014,134,117,15678,1.15,ink,pop_art,22,410,3.81,Turkey,0,61,new,2000,223,0.99,0.86,0.89,0.73,0.80,0.86,0.53,0.44,2863.77
ART_02015,71,110,7810,0.65,pastel,surrealism,4,48,3.93,UAE,1,1,excellent,1993,37,0.87,0.75,0.46,0.32,0.63,0.67,0.96,0.78,2567.12
ART_02016,64,128,8192,0.50,ink,portrait,13,0,4.12,Turkey,1,1,fair,1993,177,0.56,0.64,0.77,0.58,0.52,0.54,0.68,0.53,1008.58
ART_02017,142,56,7952,2.54,mixed_media,pop_art,18,154,4.76,Pakistan,1,1,new,2015,15,0.99,0.75,0.48,0.41,0.85,0.64,0.52,0.42,3079.43
ART_02018,154,152,23408,1.01,acrylic,surrealism,16,263,4.86,India,1,1,new,1998,26,0.99,0.76,0.83,0.81,0.95,0.54,0.59,0.83,11086.51
ART_02019,76,24,1824,3.17,gouache,minimalism,14,15,3.02,France,1,1,fair,2026,244,0.69,0.57,0.41,0.54,0.78,0.68,0.28,0.94,533.53
ART_02020,90,125,11250,0.72,oil,minimalism,14,189,3.38,Italy,1,1,new,2013,37,0.99,0.71,0.70,0.44,0.98,0.89,0.35,0.63,4058.08
ART_02021,122,108,13176,1.13,gouache,impressionism,10,43,4.87,Pakistan,0,75,new,2025,85,0.99,0.74,0.64,0.69,0.82,0.79,0.84,0.68,2238.91
ART_02022,131,135,17685,0.97,watercolor,conceptual,22,215,3.39,France,1,1,fair,2020,219,0.99,0.69,0.53,0.58,0.99,0.56,0.32,0.73,3532.81
ART_02023,52,140,7280,0.37,charcoal,conceptual,12,4,3.45,Japan,1,1,good,2018,61,0.72,0.70,0.42,0.90,0.81,0.63,0.65,0.86,1385.04
ART_02024,36,119,4284,0.30,acrylic,impressionism,0,175,4.86,Bangladesh,1,1,new,2024,148,0.95,0.60,0.64,0.68,0.74,0.62,0.51,0.66,1922.82
ART_02025,103,121,12463,0.85,digital,minimalism,10,177,3.71,Italy,1,1,fair,2017,38,0.99,0.89,0.32,0.94,0.76,0.66,0.39,0.42,1563.46
ART_02026,41,70,2870,0.59,watercolor,pop_art,8,289,4.50,Canada,1,1,new,2025,148,0.99,0.75,0.70,0.39,0.97,0.74,0.59,0.79,1632.32
ART_02027,38,65,2470,0.58,oil,surrealism,3,171,4.54,France,0,68,fair,1991,79,0.73,0.55,0.47,0.55,0.53,0.93,0.47,0.83,894.42
ART_02028,31,144,4464,0.22,acrylic,impressionism,24,97,3.67,Bangladesh,1,1,excellent,2026,56,0.99,0.58,0.54,0.88,0.74,0.70,0.54,0.87,2519.90
ART_02029,97,34,3298,2.85,ink,impressionism,3,34,3.52,UAE,1,1,good,2025,150,0.99,0.70,0.57,0.40,0.63,0.91,0.59,0.95,860.35
ART_02030,148,50,7400,2.96,mixed_media,expressionism,10,11,4.77,France,1,1,excellent,2026,52,0.92,0.65,0.54,0.67,0.90,0.89,0.93,0.95,3365.62
ART_02031,54,106,5724,0.51,watercolor,expressionism,3,11,4.92,Canada,0,43,good,2009,207,0.97,0.81,0.68,0.71,0.67,0.86,0.26,0.56,1164.93
ART_02032,137,130,17810,1.05,charcoal,minimalism,8,106,3.62,Italy,1,1,new,2003,128,0.78,0.92,0.69,0.54,0.72,0.67,0.57,0.67,3534.61
ART_02033,100,71,7100,1.41,ink,surrealism,5,303,5.50,Canada,1,1,excellent,2004,117,0.77,0.89,0.86,0.76,0.61,0.85,0.63,0.96,2924.88
ART_02034,103,49,5047,2.10,pastel,pop_art,8,216,3.84,Italy,1,1,good,2024,102,0.99,0.67,0.46,0.65,0.99,0.89,0.39,0.47,1565.68
ART_02035,72,141,10152,0.51,charcoal,landscape,23,254,5.33,Bangladesh,1,1,good,1993,243,0.99,0.82,0.78,0.80,0.88,0.74,0.83,0.56,3684.35
ART_02036,30,89,2670,0.34,gouache,abstract,2,13,4.43,Italy,1,1,excellent,2024,211,0.92,0.82,0.43,0.37,0.77,0.69,0.28,0.63,808.50
ART_02037,113,117,13221,0.97,gouache,portrait,9,282,4.71,USA,1,1,new,2016,238,0.98,0.83,0.85,0.94,0.76,0.79,0.96,0.75,5011.31
ART_02038,75,80,6000,0.94,charcoal,pop_art,1,94,2.91,Japan,0,70,excellent,1995,137,0.99,0.67,0.62,0.59,0.88,0.52,0.41,0.95,1059.37
ART_02039,98,65,6370,1.51,ink,minimalism,17,296,4.27,Pakistan,1,1,fair,1994,96,0.91,0.61,0.49,0.71,0.96,0.80,0.29,0.76,2164.38
ART_02040,63,91,5733,0.69,gouache,expressionism,21,245,4.66,Japan,1,1,good,2020,148,0.99,0.62,0.63,0.67,0.80,0.96,0.68,0.93,2625.21
ART_02041,133,64,8512,2.08,pastel,expressionism,2,330,3.21,France,0,28,fair,1990,163,0.80,0.65,0.32,0.88,0.74,0.85,0.83,0.74,1706.68
ART_02042,120,149,17880,0.81,digital,impressionism,13,263,4.80,France,1,1,good,2008,145,0.99,0.76,0.85,0.38,0.78,0.57,0.38,0.89,5893.60
ART_02043,52,111,5772,0.47,digital,abstract,0,19,3.27,Japan,0,36,excellent,2011,229,0.65,0.77,0.50,0.45,0.69,0.48,0.64,0.78,770.23
ART_02044,138,56,7728,2.46,ink,impressionism,10,409,4.09,USA,0,58,new,2006,79,0.99,0.49,0.45,0.83,0.67,0.97,0.72,0.76,2186.83
ART_02045,113,76,8588,1.49,gouache,surrealism,1,275,5.15,India,1,1,fair,2018,226,0.99,0.63,0.69,0.72,0.57,0.55,0.49,0.57,2104.06
ART_02046,128,54,6912,2.37,ink,realism,15,410,4.96,UK,1,1,fair,2011,108,0.99,0.76,0.62,0.68,0.77,0.66,0.96,0.57,2379.84
ART_02047,58,35,2030,1.66,pastel,surrealism,10,270,5.43,Canada,1,1,fair,2025,124,0.99,0.95,0.36,0.60,0.92,0.65,0.61,0.82,1271.93
ART_02048,80,40,3200,2.00,digital,conceptual,19,65,3.46,USA,0,18,good,2026,174,0.92,0.67,0.86,0.93,0.93,0.98,0.61,0.54,751.53
ART_02049,27,80,2160,0.34,acrylic,impressionism,0,161,4.89,Pakistan,1,1,fair,1999,233,0.99,0.71,0.90,0.42,0.73,0.68,0.52,0.68,1109.02
ART_02050,133,104,13832,1.28,gouache,abstract,20,19,4.38,Pakistan,1,1,new,1997,133,0.82,0.83,0.58,0.85,0.87,0.80,0.35,0.94,4213.53
ART_02051,39,155,6045,0.25,pastel,surrealism,8,100,5.20,Bangladesh,1,1,fair,2007,56,0.98,0.74,0.39,0.47,0.99,0.95,0.53,0.53,2061.85
ART_02052,71,56,3976,1.27,mixed_media,landscape,19,16,3.40,Italy,1,1,good,2010,91,0.80,0.81,0.84,0.38,0.85,0.83,0.85,0.82,1667.32
ART_02053,53,94,4982,0.56,oil,realism,3,46,4.78,UK,0,16,fair,2005,39,0.99,0.78,0.50,0.61,0.68,0.89,0.26,0.85,1565.05
ART_02054,138,92,12696,1.50,ink,minimalism,10,409,5.53,India,1,1,good,2004,75,0.91,0.76,0.37,0.63,0.95,0.82,0.74,0.46,2930.48
ART_02055,151,153,23103,0.99,acrylic,surrealism,13,383,3.41,India,1,1,new,2010,145,0.99,0.69,0.34,0.50,0.85,0.99,0.35,0.92,7807.12
ART_02056,108,151,16308,0.72,digital,abstract,21,61,5.57,Pakistan,1,1,excellent,2002,191,0.99,0.69,0.81,0.36,0.85,0.85,0.69,0.92,6810.66
ART_02057,153,61,9333,2.51,digital,landscape,25,158,3.77,Italy,1,1,excellent,2017,42,0.99,0.58,0.50,0.63,0.58,0.56,0.72,0.94,2467.50
ART_02058,80,115,9200,0.70,digital,pop_art,5,23,3.20,Germany,1,1,excellent,1999,130,0.67,0.91,0.74,0.39,0.66,0.65,0.72,0.66,1700.19
ART_02059,41,140,5740,0.29,oil,pop_art,6,302,4.23,Turkey,1,1,fair,1995,235,0.83,0.76,0.84,0.42,0.95,0.93,0.72,0.83,3075.26
ART_02060,135,138,18630,0.98,watercolor,impressionism,15,17,3.06,Canada,1,1,fair,2002,169,0.94,0.67,0.49,0.72,0.99,0.51,0.90,0.87,3370.42
ART_02061,34,73,2482,0.47,acrylic,conceptual,4,10,3.03,Canada,1,1,good,2001,104,0.88,0.84,0.51,0.46,0.74,0.64,0.38,0.69,876.07
ART_02062,153,135,20655,1.13,charcoal,realism,21,149,3.35,USA,1,1,fair,2026,99,0.92,0.90,0.89,0.86,0.75,0.60,0.67,0.44,2585.55
ART_02063,85,129,10965,0.66,watercolor,abstract,5,302,4.42,UK,1,1,new,2002,168,0.80,0.93,0.57,0.90,0.93,0.54,0.34,0.95,4180.90
ART_02064,73,20,1460,3.65,watercolor,abstract,15,218,4.40,UAE,1,1,fair,1991,9,0.97,0.76,0.79,0.92,0.96,0.98,0.42,0.75,938.52
ART_02065,61,136,8296,0.45,digital,abstract,16,27,3.33,Turkey,1,1,excellent,2023,128,0.75,0.83,0.63,0.37,0.61,0.72,0.28,0.53,1442.51
ART_02066,105,155,16275,0.68,ink,abstract,17,398,4.78,Germany,0,53,excellent,2012,38,0.88,0.65,0.59,0.77,0.57,0.87,0.58,0.64,2893.27
ART_02067,56,23,1288,2.43,charcoal,expressionism,10,37,5.04,Italy,1,1,good,2000,149,0.99,0.64,0.34,0.73,0.89,0.99,0.43,0.82,784.76
ART_02068,57,150,8550,0.38,oil,realism,11,45,3.28,Italy,1,1,excellent,2003,106,0.99,0.83,0.70,0.39,0.76,0.92,0.85,0.87,4877.31
ART_02069,62,20,1240,3.10,ink,conceptual,0,225,3.61,Germany,1,1,excellent,1997,98,0.85,0.57,0.57,0.42,0.78,0.97,0.56,0.73,662.27
ART_02070,156,33,5148,4.73,oil,expressionism,20,12,4.42,USA,1,1,good,1994,62,0.95,0.65,0.86,0.94,0.99,0.52,0.66,0.96,3636.81
ART_02071,41,45,1845,0.91,digital,expressionism,1,343,3.51,UAE,1,1,good,2022,192,0.95,0.64,0.32,0.51,0.56,0.83,0.50,0.62,744.99
ART_02072,79,85,6715,0.93,watercolor,minimalism,4,32,4.18,Turkey,1,1,excellent,2009,186,0.99,0.76,0.35,0.50,0.67,0.99,0.35,0.44,1288.18
ART_02073,136,26,3536,5.23,charcoal,minimalism,19,341,4.37,Bangladesh,1,1,new,2020,37,0.99,0.71,0.41,0.75,0.94,0.52,0.77,0.98,1754.52
ART_02074,27,142,3834,0.19,digital,surrealism,2,244,5.10,Pakistan,1,1,good,1991,233,0.99,0.72,0.62,0.92,0.62,0.70,0.31,0.77,2231.08
ART_02075,78,159,12402,0.49,gouache,abstract,9,307,5.50,Germany,1,1,fair,2006,136,0.90,0.88,0.88,0.68,0.54,0.77,0.46,0.63,3565.51
ART_02076,36,92,3312,0.39,ink,landscape,6,189,3.80,Bangladesh,1,1,fair,1993,50,0.95,0.71,0.74,0.71,0.80,0.96,0.93,0.92,1137.17
ART_02077,120,128,15360,0.94,mixed_media,conceptual,1,258,3.25,UAE,1,1,excellent,2022,215,0.86,0.94,0.69,0.51,0.63,0.82,0.47,0.87,4425.49
ART_02078,111,35,3885,3.17,digital,abstract,7,0,2.94,Turkey,1,1,excellent,1998,12,0.52,0.78,0.48,0.61,0.68,0.89,0.32,0.89,876.62
ART_02079,116,118,13688,0.98,pastel,conceptual,6,24,4.18,Pakistan,1,1,good,2002,29,0.94,0.91,0.37,0.32,0.65,0.58,0.63,0.88,3059.52
ART_02080,38,91,3458,0.42,gouache,impressionism,20,122,4.13,Germany,1,1,good,2016,244,0.99,0.59,0.65,0.68,0.99,0.95,0.59,0.84,1918.11
ART_02081,66,114,7524,0.58,watercolor,surrealism,9,79,4.37,Turkey,1,1,fair,1993,73,0.99,0.72,0.76,0.87,0.89,0.79,0.72,0.78,2883.58
ART_02082,97,79,7663,1.23,oil,abstract,20,236,3.45,Canada,1,1,new,2026,58,0.86,0.61,0.83,0.47,0.81,0.57,0.35,0.66,3252.27
ART_02083,123,29,3567,4.24,gouache,abstract,12,300,4.41,UK,1,1,fair,1999,182,0.99,0.73,0.66,0.45,0.72,0.99,0.67,0.84,1752.82
ART_02084,148,149,22052,0.99,charcoal,abstract,17,198,5.14,UAE,1,1,excellent,2003,30,0.99,0.73,0.50,0.73,0.55,0.63,0.46,0.52,5226.52
ART_02085,113,154,17402,0.73,digital,realism,18,102,3.61,Italy,1,1,excellent,2018,40,0.95,0.61,0.71,0.37,0.90,0.96,0.77,0.82,3792.20
ART_02086,72,145,10440,0.50,pastel,abstract,12,30,3.09,India,1,1,good,1999,120,0.99,0.65,0.41,0.50,0.55,0.57,0.96,0.65,2396.42
ART_02087,116,76,8816,1.53,pastel,minimalism,1,345,3.69,Germany,1,1,good,2008,168,0.99,0.57,0.36,0.84,0.67,0.88,0.46,0.75,2116.73
ART_02088,87,108,9396,0.81,pastel,expressionism,16,382,5.90,UAE,1,1,excellent,1999,212,0.99,0.80,0.45,0.75,0.69,0.55,0.81,0.74,4815.09
ART_02089,127,102,12954,1.25,charcoal,impressionism,21,63,4.35,Bangladesh,1,1,new,2001,118,0.90,0.95,0.65,0.80,0.82,0.77,0.65,0.52,4011.90
ART_02090,67,49,3283,1.37,ink,realism,25,318,5.39,Japan,1,1,new,2018,195,0.99,0.65,0.49,0.76,0.74,0.56,0.37,0.83,1742.10
ART_02091,25,39,975,0.64,digital,expressionism,21,9,5.04,Bangladesh,1,1,fair,2005,227,0.99,0.79,0.49,0.82,0.99,0.83,0.38,0.47,640.37
ART_02092,99,67,6633,1.48,charcoal,conceptual,12,115,4.17,Canada,1,1,good,2015,96,0.99,0.83,0.29,0.82,0.97,0.97,0.46,0.78,1918.12
ART_02093,141,147,20727,0.96,gouache,pop_art,19,375,4.96,India,1,1,excellent,2000,164,0.99,0.83,0.78,0.66,0.73,0.60,0.38,0.54,6257.57
ART_02094,71,139,9869,0.51,digital,minimalism,17,110,4.00,USA,1,1,good,1991,131,0.90,0.72,0.73,0.37,0.80,0.81,0.56,0.88,3530.85
ART_02095,99,157,15543,0.63,mixed_media,minimalism,19,113,4.14,Bangladesh,1,1,new,2000,59,0.99,0.88,0.54,0.78,0.58,0.84,0.48,0.46,4161.51
ART_02096,41,24,984,1.71,oil,realism,2,398,4.29,UAE,1,1,good,2013,108,0.81,0.58,0.38,0.87,0.55,0.72,0.43,0.56,705.37
ART_02097,83,134,11122,0.62,charcoal,realism,2,283,4.37,UAE,1,1,good,2008,179,0.99,0.89,0.46,0.43,0.99,0.91,0.79,0.67,4129.08
ART_02098,87,69,6003,1.26,ink,impressionism,13,7,5.23,UK,1,1,fair,1993,93,0.89,0.89,0.57,0.84,0.89,0.96,0.87,0.87,2477.27
ART_02099,155,108,16740,1.44,acrylic,pop_art,6,135,4.91,Canada,1,1,fair,2006,23,0.99,0.63,0.81,0.44,0.99,0.84,0.51,0.78,4056.70
ART_02100,57,90,5130,0.63,charcoal,landscape,2,3,3.33,France,0,63,new,2022,149,0.56,0.73,0.67,0.34,0.93,0.96,0.90,0.58,531.06
ART_02101,94,133,12502,0.71,oil,conceptual,2,31,4.65,Turkey,1,1,good,2010,191,0.79,0.74,0.65,0.83,0.89,0.51,0.34,0.96,3866.17
ART_02102,104,119,12376,0.87,watercolor,landscape,15,387,4.90,Italy,1,1,new,2019,209,0.91,0.72,0.47,0.49,0.91,0.99,0.30,0.49,3945.80
ART_02103,23,149,3427,0.15,watercolor,conceptual,6,183,4.78,Canada,1,1,fair,2018,235,0.99,0.86,0.38,0.66,0.62,0.99,0.79,0.59,1136.59
ART_02104,20,24,480,0.83,pastel,pop_art,22,312,5.38,Italy,1,1,excellent,2018,41,0.99,0.94,0.44,0.89,0.76,0.72,0.69,0.55,480.44
ART_02105,136,86,11696,1.58,pastel,expressionism,22,148,4.79,Canada,1,1,excellent,2000,125,0.99,0.64,0.89,0.39,0.83,0.69,0.50,0.98,4360.49
ART_02106,54,26,1404,2.08,watercolor,landscape,6,116,4.85,Turkey,1,1,good,1997,247,0.98,0.93,0.52,0.67,0.60,0.76,0.79,0.78,1034.75
ART_02107,46,31,1426,1.48,digital,landscape,12,220,4.49,USA,1,1,good,2010,19,0.93,0.64,0.50,0.70,0.72,0.79,0.41,0.78,801.91
ART_02108,138,33,4554,4.18,charcoal,expressionism,8,45,4.98,Canada,0,46,fair,1996,195,0.72,0.67,0.76,0.69,0.76,0.55,0.54,0.96,805.76
ART_02109,54,27,1458,2.00,charcoal,realism,21,0,4.77,Bangladesh,1,1,fair,2018,128,0.78,0.66,0.65,0.36,0.77,0.54,0.94,0.54,499.14
ART_02110,157,106,16642,1.48,pastel,conceptual,17,22,2.97,UK,1,1,excellent,1993,199,0.99,0.91,0.29,0.93,0.55,0.67,0.95,0.49,3309.01
ART_02111,92,131,12052,0.70,mixed_media,portrait,1,13,4.99,Canada,1,1,fair,2018,209,0.66,0.95,0.83,0.37,0.65,0.53,0.34,0.95,2446.43
ART_02112,74,147,10878,0.50,mixed_media,portrait,12,173,3.90,USA,1,1,good,2022,185,0.97,0.78,0.65,0.48,0.84,0.99,0.54,0.87,4021.03
ART_02113,101,111,11211,0.91,digital,minimalism,16,14,3.54,Japan,1,1,fair,2024,109,0.85,0.62,0.42,0.50,0.68,0.88,0.85,0.67,1893.33
ART_02114,55,91,5005,0.60,acrylic,abstract,16,48,4.97,Bangladesh,1,1,fair,2019,239,0.99,0.96,0.81,0.49,0.74,0.95,0.83,0.93,2958.80
ART_02115,88,64,5632,1.38,charcoal,conceptual,2,261,3.41,UAE,0,38,new,2024,173,0.79,0.78,0.31,0.56,0.82,0.55,0.67,0.87,1066.51
ART_02116,143,43,6149,3.33,watercolor,abstract,24,227,3.58,India,1,1,good,2006,101,0.97,0.58,0.80,0.60,0.82,0.83,0.36,0.85,2702.48
ART_02117,87,89,7743,0.98,ink,landscape,0,113,4.56,Japan,1,1,fair,2006,78,0.99,0.76,0.73,0.54,0.89,0.68,0.39,0.99,1742.24
ART_02118,25,129,3225,0.19,gouache,surrealism,0,157,3.60,UAE,1,1,fair,2024,37,0.68,0.88,0.80,0.36,0.67,0.77,0.85,0.93,892.01
ART_02119,80,65,5200,1.23,digital,abstract,25,46,5.05,Japan,1,1,fair,2012,23,0.99,0.95,0.70,0.86,0.64,0.68,0.29,0.86,2232.42
ART_02120,54,130,7020,0.42,pastel,pop_art,12,65,2.93,Germany,1,1,new,2009,212,0.99,0.87,0.52,0.50,0.68,0.94,0.92,0.54,2199.33
ART_02121,105,94,9870,1.12,mixed_media,abstract,21,74,5.45,Turkey,0,46,fair,2001,38,0.99,0.59,0.35,0.41,0.85,0.80,0.59,0.69,3134.48
ART_02122,55,87,4785,0.63,charcoal,surrealism,24,22,3.86,Canada,1,1,excellent,2016,212,0.93,0.67,0.43,0.71,0.98,0.99,0.30,0.58,1696.69
ART_02123,149,150,22350,0.99,gouache,surrealism,21,164,3.33,UK,1,1,excellent,2021,245,0.99,0.83,0.54,0.63,0.81,0.80,0.32,0.75,5778.61
ART_02124,25,84,2100,0.30,digital,surrealism,12,144,3.28,Italy,0,29,excellent,2009,235,0.79,0.64,0.28,0.77,0.75,0.57,0.78,0.87,771.58
ART_02125,86,78,6708,1.10,watercolor,pop_art,25,114,4.09,UAE,1,1,new,1995,14,0.99,0.62,0.43,0.34,0.63,0.88,0.59,0.63,2743.18
ART_02126,117,105,12285,1.11,mixed_media,abstract,17,393,4.69,Turkey,1,1,new,2020,14,0.95,0.76,0.35,0.56,0.90,0.83,0.40,0.51,5515.69
ART_02127,83,65,5395,1.28,pastel,impressionism,4,234,4.25,Bangladesh,1,1,fair,1994,236,0.74,0.87,0.82,0.66,0.99,0.56,0.39,0.56,1481.47
ART_02128,100,158,15800,0.63,digital,landscape,2,146,4.75,Germany,1,1,excellent,2018,30,0.84,0.86,0.46,0.40,0.79,0.88,0.26,0.58,2685.81
ART_02129,67,67,4489,1.00,pastel,conceptual,24,120,3.89,Turkey,1,1,excellent,2022,20,0.99,0.96,0.63,0.51,0.99,0.80,0.74,0.62,1727.29
ART_02130,138,99,13662,1.39,mixed_media,impressionism,1,87,3.70,Germany,1,1,fair,2004,123,0.80,0.87,0.72,0.65,0.74,0.69,0.60,0.91,3620.76
ART_02131,91,62,5642,1.47,gouache,expressionism,22,3,3.61,France,1,1,excellent,2010,112,0.95,0.66,0.88,0.63,0.95,0.54,0.93,0.63,1806.68
ART_02132,128,110,14080,1.16,oil,portrait,6,167,3.22,India,1,1,new,1998,93,0.98,0.68,0.81,0.65,0.88,0.67,0.88,0.88,6732.49
ART_02133,85,50,4250,1.70,ink,minimalism,12,47,4.17,Turkey,1,1,fair,2015,205,0.83,0.95,0.54,0.91,0.60,0.87,0.89,0.72,1299.25
ART_02134,98,127,12446,0.77,ink,pop_art,2,343,3.83,India,1,1,good,1990,79,0.95,0.82,0.67,0.42,0.57,0.81,0.55,0.44,2189.83
ART_02135,48,125,6000,0.38,mixed_media,abstract,6,184,3.89,India,1,1,new,2010,143,0.75,0.80,0.64,0.60,0.56,0.62,0.61,0.75,2527.10
ART_02136,143,129,18447,1.11,ink,pop_art,8,0,3.12,Canada,1,1,fair,1998,238,0.63,0.66,0.80,0.66,0.73,0.60,0.49,0.58,1734.76
ART_02137,70,141,9870,0.50,oil,conceptual,1,122,3.42,Japan,0,77,new,2005,174,0.98,0.76,0.72,0.53,0.67,0.98,0.82,0.51,1565.12
ART_02138,146,35,5110,4.17,watercolor,abstract,11,292,4.48,Turkey,1,1,fair,2009,64,0.99,0.80,0.79,0.68,0.92,0.63,0.54,0.44,1514.20
ART_02139,112,62,6944,1.81,pastel,impressionism,20,352,5.17,Canada,1,1,excellent,1992,17,0.99,0.74,0.36,0.71,0.86,0.60,0.34,0.72,4099.12
ART_02140,147,105,15435,1.40,oil,minimalism,15,390,5.62,Pakistan,1,1,excellent,2026,178,0.99,0.80,0.36,0.91,0.99,0.52,0.32,0.76,7427.61
ART_02141,96,67,6432,1.43,gouache,surrealism,11,390,3.33,UAE,1,1,good,1994,121,0.99,0.64,0.36,0.59,0.69,0.82,0.36,0.84,2413.05
ART_02142,130,35,4550,3.71,ink,conceptual,17,21,4.11,UK,1,1,good,2004,195,0.93,0.80,0.90,0.82,0.67,0.57,0.92,0.45,1047.78
ART_02143,75,35,2625,2.14,mixed_media,landscape,8,273,5.44,Canada,1,1,fair,2013,244,0.87,0.63,0.48,0.89,0.77,0.61,0.75,0.85,1633.67
ART_02144,94,20,1880,4.70,charcoal,impressionism,11,293,4.50,UAE,1,1,fair,2012,176,0.99,0.57,0.82,0.94,0.84,0.59,0.37,0.68,913.82
ART_02145,49,110,5390,0.45,oil,pop_art,2,14,3.02,UAE,1,1,good,2024,49,0.79,0.73,0.55,0.32,0.71,0.90,0.92,0.46,1310.06
ART_02146,137,113,15481,1.21,ink,abstract,7,0,4.90,Italy,1,1,good,2001,164,0.70,0.70,0.29,0.31,0.99,0.81,0.34,0.46,2562.06
ART_02147,82,48,3936,1.71,charcoal,landscape,9,195,4.98,France,0,57,excellent,1996,36,0.79,0.55,0.59,0.59,0.54,0.77,0.95,0.85,1201.58
ART_02148,86,94,8084,0.91,gouache,realism,14,153,3.95,USA,1,1,excellent,1990,60,0.99,0.80,0.84,0.69,0.56,0.53,0.78,0.87,2599.68
ART_02149,125,107,13375,1.17,oil,expressionism,16,132,5.25,UAE,1,1,new,1991,184,0.86,0.76,0.44,0.90,0.72,0.78,0.91,0.58,6793.66
ART_02150,111,131,14541,0.85,charcoal,surrealism,11,0,5.07,Turkey,1,1,new,1990,214,0.57,0.57,0.77,0.44,0.84,0.46,0.93,0.85,3578.65
ART_02151,29,137,3973,0.21,pastel,minimalism,16,8,5.03,Bangladesh,1,1,excellent,1994,11,0.81,0.71,0.28,0.35,0.73,0.65,0.71,0.93,1635.75
ART_02152,27,31,837,0.87,watercolor,conceptual,6,118,4.29,Turkey,1,1,fair,1997,159,0.81,0.75,0.86,0.48,0.99,0.97,0.77,0.89,681.14
ART_02153,157,136,21352,1.15,watercolor,surrealism,14,8,3.27,Turkey,1,1,good,2006,240,0.91,0.83,0.60,0.80,0.75,0.70,0.94,0.73,4260.29
ART_02154,154,43,6622,3.58,charcoal,surrealism,25,399,5.96,UAE,1,1,excellent,1996,79,0.99,0.75,0.81,0.93,0.63,0.97,0.86,0.57,3740.29
ART_02155,114,116,13224,0.98,mixed_media,surrealism,7,27,3.88,UAE,0,76,excellent,2015,195,0.98,0.74,0.40,0.39,0.65,0.87,0.80,0.69,2343.11
ART_02156,29,151,4379,0.19,mixed_media,pop_art,2,399,5.06,USA,1,1,excellent,2025,97,0.77,0.92,0.79,0.35,0.74,0.61,0.66,0.82,2896.54
ART_02157,137,131,17947,1.05,ink,minimalism,1,10,3.23,Japan,1,1,fair,1999,139,0.62,0.71,0.59,0.57,0.56,0.53,0.83,0.48,1165.84
ART_02158,93,131,12183,0.71,charcoal,portrait,11,58,3.19,Pakistan,1,1,new,1997,31,0.99,0.95,0.70,0.32,0.63,0.63,0.76,0.68,2799.93
ART_02159,106,149,15794,0.71,charcoal,minimalism,0,36,3.07,France,1,1,excellent,2005,122,0.71,0.77,0.44,0.54,0.62,0.84,0.46,0.64,1737.39
ART_02160,108,45,4860,2.40,watercolor,landscape,5,77,2.85,Germany,1,1,new,2010,150,0.79,0.91,0.50,0.55,0.53,0.48,0.53,0.52,966.91
ART_02161,76,30,2280,2.53,ink,conceptual,10,64,5.10,Italy,1,1,excellent,2000,81,0.91,0.68,0.76,0.60,0.62,0.52,0.76,0.62,867.77
ART_02162,24,121,2904,0.20,oil,abstract,21,17,4.11,UK,1,1,good,1994,45,0.99,0.94,0.85,0.39,0.79,0.87,0.44,0.45,1698.43
ART_02163,149,67,9983,2.22,charcoal,surrealism,5,2,2.97,France,1,1,excellent,2025,125,0.68,0.94,0.46,0.41,0.63,0.68,0.42,0.69,1719.93
ART_02164,149,109,16241,1.37,gouache,abstract,23,28,4.26,UAE,1,1,excellent,2024,55,0.99,0.58,0.78,0.63,0.85,0.76,0.85,0.93,3973.81
ART_02165,34,97,3298,0.35,digital,expressionism,24,200,4.81,Italy,1,1,new,2022,156,0.99,0.90,0.30,0.71,0.93,0.88,0.28,0.41,1562.27
ART_02166,142,42,5964,3.38,watercolor,expressionism,12,74,4.16,Canada,1,1,good,2016,132,0.84,0.79,0.86,0.59,0.76,0.85,0.70,0.82,2253.62
ART_02167,93,23,2139,4.04,ink,pop_art,2,63,3.09,Germany,0,55,new,2002,81,0.99,0.84,0.36,0.76,0.72,0.85,0.30,0.65,392.90
ART_02168,28,153,4284,0.18,digital,minimalism,25,147,4.83,Italy,1,1,excellent,2021,116,0.99,0.78,0.30,0.56,0.71,0.97,0.96,0.42,1728.00
ART_02169,146,120,17520,1.22,ink,conceptual,4,357,3.70,Canada,1,1,fair,2007,26,0.94,0.76,0.50,0.92,0.99,0.95,0.46,0.84,2925.30
ART_02170,62,63,3906,0.98,mixed_media,pop_art,12,76,4.81,Italy,0,50,new,2002,228,0.99,0.78,0.53,0.71,0.81,0.99,0.77,0.97,2447.13
ART_02171,42,73,3066,0.58,digital,minimalism,24,11,5.22,UK,1,1,excellent,2010,52,0.99,0.56,0.41,0.61,0.82,0.51,0.47,0.71,1218.66
ART_02172,137,99,13563,1.38,oil,abstract,24,282,3.52,UK,1,1,fair,2002,144,0.99,0.70,0.49,0.52,0.97,0.73,0.96,0.86,7087.99
ART_02173,104,59,6136,1.76,charcoal,portrait,7,176,4.94,USA,1,1,good,2011,186,0.99,0.90,0.49,0.50,0.95,0.99,0.82,0.54,2145.42
ART_02174,29,77,2233,0.38,oil,expressionism,16,365,3.90,Bangladesh,0,51,new,1999,194,0.99,0.65,0.76,0.76,0.95,0.99,0.94,0.83,2308.39
ART_02175,89,80,7120,1.11,acrylic,minimalism,24,202,3.67,Bangladesh,0,31,fair,2018,126,0.89,0.83,0.69,0.80,0.95,0.68,0.49,0.77,2230.87
ART_02176,130,87,11310,1.49,digital,surrealism,3,148,4.37,Germany,1,1,new,2024,34,0.90,0.94,0.87,0.70,0.99,0.69,0.59,0.79,2859.49
ART_02177,108,58,6264,1.86,pastel,landscape,25,328,3.51,Canada,1,1,excellent,2011,148,0.99,0.76,0.44,0.45,0.86,0.56,0.74,0.97,3617.48
ART_02178,109,58,6322,1.88,mixed_media,impressionism,13,389,5.52,Italy,1,1,good,2022,160,0.85,0.72,0.86,0.34,0.67,0.99,0.93,0.75,4644.82
ART_02179,26,157,4082,0.17,oil,landscape,20,22,4.16,Germany,1,1,new,2024,233,0.86,0.86,0.28,0.64,0.80,0.67,0.95,0.92,2906.87
ART_02180,137,95,13015,1.44,digital,portrait,13,113,3.84,France,0,75,good,1995,218,0.95,0.50,0.38,0.70,0.58,0.87,0.87,0.75,1874.03
ART_02181,50,32,1600,1.56,gouache,abstract,15,8,3.97,UAE,1,1,excellent,2024,58,0.92,0.63,0.42,0.92,0.57,0.52,0.44,0.88,826.33
ART_02182,38,55,2090,0.69,pastel,conceptual,2,0,4.17,Italy,1,1,fair,2023,214,0.85,0.77,0.48,0.58,0.92,0.68,0.66,0.46,453.73
ART_02183,150,22,3300,6.82,oil,impressionism,11,60,3.83,France,1,1,new,1999,217,0.99,0.68,0.87,0.75,0.72,0.66,0.45,0.64,2356.44
ART_02184,153,121,18513,1.26,gouache,landscape,13,21,4.36,Japan,0,19,new,2025,107,0.71,0.77,0.39,0.67,0.74,0.89,0.85,0.54,2138.96
ART_02185,131,149,19519,0.88,gouache,conceptual,21,299,4.99,Canada,1,1,good,2023,95,0.90,0.72,0.45,0.48,0.76,0.85,0.47,0.52,3981.80
ART_02186,70,52,3640,1.35,ink,abstract,5,57,3.74,France,0,33,good,2018,21,0.99,0.60,0.40,0.51,0.77,0.55,0.68,0.48,549.60
ART_02187,64,22,1408,2.91,pastel,expressionism,3,175,3.65,Germany,0,57,excellent,2024,210,0.99,0.83,0.76,0.51,0.93,0.52,0.29,0.74,421.90
ART_02188,21,49,1029,0.43,gouache,minimalism,18,304,4.56,Canada,0,30,good,2000,82,0.99,0.58,0.58,0.74,0.56,0.86,0.84,0.51,576.43
ART_02189,152,98,14896,1.55,gouache,pop_art,23,127,3.30,Canada,0,24,excellent,1999,43,0.97,0.72,0.45,0.77,0.60,0.80,0.46,0.68,2629.26
ART_02190,95,141,13395,0.67,digital,abstract,14,221,4.80,UK,1,1,excellent,1994,163,0.95,0.67,0.42,0.87,0.98,0.86,0.72,0.72,5415.92
ART_02191,109,23,2507,4.74,oil,surrealism,20,90,5.11,Canada,1,1,fair,2016,149,0.99,0.77,0.68,0.46,0.59,0.90,0.41,0.85,2037.59
ART_02192,74,72,5328,1.03,digital,minimalism,2,159,5.29,Germany,0,53,new,1990,36,0.99,0.86,0.48,0.85,0.66,0.56,0.72,0.57,1078.20
ART_02193,136,117,15912,1.16,oil,conceptual,20,59,5.25,Canada,0,20,new,2000,120,0.99,0.63,0.45,0.57,0.73,0.99,0.48,0.62,4747.12
ART_02194,91,145,13195,0.63,oil,surrealism,18,253,4.66,France,1,1,fair,2018,202,0.99,0.57,0.68,0.51,0.85,0.51,0.94,0.48,5627.34
ART_02195,148,33,4884,4.48,mixed_media,surrealism,8,17,4.07,Pakistan,1,1,fair,2025,213,0.98,0.91,0.74,0.83,0.63,0.70,0.36,0.53,1579.46
ART_02196,52,142,7384,0.37,charcoal,abstract,23,214,5.19,Japan,1,1,good,1995,152,0.99,0.65,0.39,0.47,0.73,0.73,0.96,0.46,2591.30
ART_02197,41,58,2378,0.71,oil,conceptual,21,12,3.41,Bangladesh,0,6,good,2015,245,0.99,0.57,0.60,0.54,0.90,0.89,0.90,0.68,1458.86
ART_02198,84,94,7896,0.89,digital,landscape,4,48,2.97,USA,1,1,excellent,2023,85,0.99,0.63,0.37,0.74,0.88,0.94,0.52,0.97,1917.72
ART_02199,39,59,2301,0.66,digital,expressionism,12,417,4.30,Germany,0,72,fair,2003,51,0.99,0.75,0.56,0.36,0.59,0.87,0.28,0.94,856.46
ART_02200,23,108,2484,0.21,pastel,abstract,7,199,4.29,Japan,1,1,fair,1998,44,0.99,0.94,0.32,0.72,0.80,0.82,0.88,0.59,1063.40
ART_02201,95,55,5225,1.73,acrylic,expressionism,24,148,3.42,Bangladesh,1,1,fair,1998,209,0.93,0.79,0.31,0.94,0.70,0.79,0.25,0.52,1637.22
ART_02202,106,111,11766,0.95,pastel,pop_art,10,4,2.98,Turkey,0,57,new,1992,131,0.86,0.49,0.68,0.89,0.73,0.58,0.45,0.81,1215.34
ART_02203,23,39,897,0.59,mixed_media,conceptual,9,349,4.81,Canada,1,1,fair,2022,44,0.99,0.92,0.46,0.89,0.99,0.66,0.75,0.53,750.42
ART_02204,121,55,6655,2.20,charcoal,landscape,23,23,3.15,Turkey,1,1,excellent,2020,226,0.99,0.88,0.34,0.86,0.60,0.98,0.65,0.96,2647.88
ART_02205,57,60,3420,0.95,watercolor,portrait,18,41,5.32,UK,1,1,excellent,1994,245,0.76,0.64,0.84,0.51,0.72,0.97,0.60,0.91,1874.07
ART_02206,109,118,12862,0.92,charcoal,surrealism,8,77,2.90,USA,0,53,fair,2024,31,0.71,0.49,0.57,0.39,0.57,0.65,0.43,0.65,931.37
ART_02207,134,69,9246,1.94,oil,abstract,23,62,3.15,UK,1,1,fair,1999,28,0.96,0.71,0.71,0.66,0.55,0.99,0.38,0.54,3043.40
ART_02208,42,128,5376,0.33,pastel,minimalism,22,391,4.96,Turkey,1,1,new,2011,237,0.99,0.92,0.74,0.55,0.58,0.65,0.92,0.86,3344.12
ART_02209,74,151,11174,0.49,watercolor,portrait,6,76,3.37,USA,1,1,excellent,2012,78,0.96,0.62,0.43,0.41,0.82,0.76,0.88,0.42,1873.36
ART_02210,142,95,13490,1.49,pastel,portrait,15,217,4.90,Bangladesh,1,1,good,2017,44,0.99,0.63,0.52,0.44,0.73,0.96,0.72,0.57,3703.06
ART_02211,75,148,11100,0.51,charcoal,expressionism,21,22,4.78,Japan,1,1,excellent,2017,178,0.99,0.71,0.55,0.45,0.97,0.99,0.52,0.42,3027.16
ART_02212,30,70,2100,0.43,ink,surrealism,3,52,4.92,India,1,1,good,1994,151,0.71,0.72,0.73,0.53,0.53,0.48,0.62,0.56,701.38
ART_02213,68,26,1768,2.62,charcoal,impressionism,20,136,4.16,Japan,0,63,good,2017,242,0.99,0.49,0.83,0.67,0.74,0.54,0.67,0.44,451.32
ART_02214,49,36,1764,1.36,acrylic,expressionism,0,241,5.28,Italy,0,76,excellent,1991,135,0.75,0.59,0.72,0.43,0.94,0.98,0.71,0.82,986.10
ART_02215,104,43,4472,2.42,charcoal,abstract,2,85,4.41,Canada,1,1,new,2005,99,0.99,0.81,0.70,0.82,0.76,0.84,0.83,0.74,1961.65
ART_02216,148,35,5180,4.23,gouache,conceptual,14,196,5.48,Germany,0,54,new,1992,169,0.95,0.71,0.78,0.30,0.99,0.90,0.39,0.82,2109.17
ART_02217,116,37,4292,3.14,acrylic,pop_art,2,286,4.09,UAE,1,1,excellent,2026,219,0.88,0.60,0.58,0.47,0.94,0.79,0.92,0.59,1658.14
ART_02218,78,28,2184,2.79,oil,impressionism,9,97,4.12,USA,1,1,new,1997,178,0.76,0.83,0.33,0.76,0.54,0.65,0.54,0.53,1168.66
ART_02219,128,31,3968,4.13,mixed_media,abstract,10,131,3.93,Pakistan,1,1,fair,2006,34,0.75,0.91,0.37,0.58,0.95,0.48,0.30,0.73,1747.74
ART_02220,76,80,6080,0.95,mixed_media,surrealism,0,211,3.22,Canada,1,1,excellent,2009,177,0.75,0.73,0.62,0.85,0.74,0.91,0.93,0.46,2145.13
ART_02221,58,140,8120,0.41,mixed_media,abstract,2,1,3.03,USA,1,1,fair,2017,243,0.82,0.89,0.75,0.61,0.75,0.71,0.79,0.92,2399.21
ART_02222,21,49,1029,0.43,digital,expressionism,9,391,4.87,Japan,1,1,good,1990,103,0.99,0.61,0.80,0.86,0.99,0.73,0.60,0.95,1052.41
ART_02223,144,26,3744,5.54,mixed_media,realism,2,171,5.07,Canada,0,60,new,2023,40,0.81,0.52,0.61,0.68,0.56,0.75,0.55,0.41,747.55
ART_02224,144,114,16416,1.26,digital,realism,6,146,5.25,France,1,1,good,1996,137,0.83,0.74,0.29,0.56,0.84,0.53,0.52,0.87,3926.59
ART_02225,119,91,10829,1.31,mixed_media,abstract,16,194,4.35,Japan,1,1,good,1990,12,0.91,0.64,0.41,0.41,0.83,0.64,0.80,0.74,4860.89
ART_02226,117,105,12285,1.11,gouache,portrait,18,331,4.37,Italy,1,1,new,2000,14,0.99,0.80,0.40,0.91,0.74,0.91,0.54,0.56,3693.13
ART_02227,60,137,8220,0.44,digital,realism,13,0,4.38,Pakistan,1,1,excellent,2006,62,0.57,0.71,0.84,0.48,0.87,0.75,0.49,0.63,2121.79
ART_02228,52,84,4368,0.62,watercolor,pop_art,2,41,4.76,Pakistan,1,1,good,2001,110,0.82,0.76,0.38,0.43,0.83,0.68,0.51,0.77,1479.82
ART_02229,45,152,6840,0.30,pastel,impressionism,7,365,3.21,Japan,1,1,excellent,2012,248,0.99,0.60,0.68,0.84,0.98,0.99,0.48,0.45,2461.27
ART_02230,137,66,9042,2.08,mixed_media,realism,12,150,5.26,Turkey,0,69,good,1993,118,0.99,0.54,0.42,0.81,0.95,0.79,0.43,0.82,3128.30
ART_02231,106,67,7102,1.58,charcoal,pop_art,11,357,5.08,Turkey,1,1,good,2022,98,0.99,0.91,0.81,0.35,0.61,0.92,0.50,0.45,1986.86
ART_02232,135,56,7560,2.41,digital,surrealism,23,141,5.65,USA,0,64,excellent,2013,236,0.99,0.49,0.37,0.65,0.60,0.60,0.96,0.79,2415.58
ART_02233,85,155,13175,0.55,charcoal,pop_art,1,127,3.91,Bangladesh,1,1,fair,2025,191,0.78,0.78,0.42,0.93,0.82,0.62,0.43,0.43,1426.78
ART_02234,115,106,12190,1.08,digital,impressionism,23,99,3.46,Japan,1,1,excellent,2019,234,0.99,0.92,0.77,0.42,0.99,0.71,0.92,0.94,4618.28
ART_02235,96,27,2592,3.56,oil,surrealism,2,0,3.34,Italy,0,16,new,2000,150,0.73,0.68,0.37,0.54,0.86,0.82,0.53,0.63,857.75
ART_02236,74,48,3552,1.54,gouache,realism,16,342,4.76,Germany,1,1,new,2024,41,0.89,0.81,0.67,0.92,0.99,0.99,0.57,0.45,1964.52
ART_02237,27,37,999,0.73,mixed_media,conceptual,16,271,4.60,Germany,0,52,fair,2017,206,0.99,0.73,0.61,0.91,0.94,0.60,0.61,0.96,793.45
ART_02238,152,142,21584,1.07,watercolor,portrait,14,202,5.07,Italy,1,1,new,2003,47,0.99,0.84,0.74,0.67,0.85,0.91,0.67,0.82,8249.59
ART_02239,98,93,9114,1.05,ink,impressionism,20,372,5.92,Turkey,1,1,fair,2016,240,0.99,0.67,0.41,0.74,0.62,0.63,0.27,0.55,3043.38
ART_02240,160,23,3680,6.96,ink,realism,24,317,5.85,Japan,1,1,new,2013,138,0.99,0.79,0.40,0.74,0.79,0.52,0.38,0.65,2156.54
ART_02241,142,55,7810,2.58,ink,abstract,19,398,4.87,USA,1,1,fair,2002,213,0.98,0.77,0.45,0.33,0.92,0.51,0.74,0.51,2544.82
ART_02242,59,134,7906,0.44,gouache,portrait,18,51,4.19,Turkey,1,1,excellent,2017,93,0.99,0.88,0.51,0.58,0.61,0.54,0.73,0.96,2817.92
ART_02243,70,134,9380,0.52,gouache,conceptual,3,233,3.59,USA,1,1,good,2014,198,0.87,0.83,0.90,0.68,0.85,0.99,0.79,0.45,1700.29
ART_02244,83,145,12035,0.57,acrylic,surrealism,7,3,2.77,Turkey,1,1,good,2007,217,0.63,0.89,0.45,0.78,0.60,0.68,0.30,0.79,2236.60
ART_02245,107,88,9416,1.22,digital,impressionism,23,6,3.32,UAE,1,1,fair,2001,179,0.97,0.84,0.34,0.53,0.65,0.87,0.64,0.99,2719.86
ART_02246,36,83,2988,0.43,charcoal,conceptual,5,6,2.92,Turkey,1,1,fair,2001,99,0.93,0.83,0.43,0.42,0.85,0.60,0.93,0.47,584.95
ART_02247,72,127,9144,0.57,oil,conceptual,8,36,3.34,Pakistan,1,1,good,1991,57,0.77,0.82,0.37,0.36,0.68,0.63,0.95,0.96,3756.35
ART_02248,97,104,10088,0.93,ink,impressionism,15,45,5.00,UK,1,1,good,2016,21,0.79,0.91,0.37,0.82,0.99,0.96,0.70,0.71,2345.11
ART_02249,132,27,3564,4.89,oil,conceptual,7,164,3.06,Japan,1,1,new,2022,194,0.97,0.60,0.56,0.63,0.59,0.65,0.60,0.72,1535.97
ART_02250,109,79,8611,1.38,gouache,minimalism,24,273,5.12,Canada,1,1,excellent,2020,195,0.98,0.95,0.79,0.71,0.96,0.65,0.90,0.86,3885.08
ART_02251,112,55,6160,2.04,charcoal,realism,15,40,4.88,Canada,1,1,good,2007,202,0.99,0.85,0.42,0.82,0.94,0.99,0.57,0.48,2199.57
ART_02252,26,68,1768,0.38,acrylic,landscape,4,1,2.92,Italy,1,1,good,1999,18,0.90,0.96,0.40,0.88,0.90,0.55,0.37,0.69,713.47
ART_02253,146,136,19856,1.07,charcoal,surrealism,13,68,5.10,Pakistan,1,1,excellent,2001,31,0.99,0.94,0.48,0.49,0.83,0.95,0.70,0.75,5995.54
ART_02254,142,30,4260,4.73,pastel,conceptual,22,121,4.34,India,0,46,excellent,2003,37,0.99,0.53,0.84,0.53,0.57,0.92,0.91,0.82,1348.34
ART_02255,147,27,3969,5.44,gouache,surrealism,3,5,2.90,UK,1,1,good,2022,170,0.71,0.92,0.70,0.83,0.82,0.62,0.43,0.45,654.27
ART_02256,43,139,5977,0.31,ink,conceptual,23,61,3.13,France,0,50,fair,2009,243,0.84,0.56,0.64,0.91,0.92,0.90,0.47,0.67,842.24
ART_02257,131,46,6026,2.85,watercolor,abstract,0,188,3.12,Italy,1,1,fair,2013,44,0.69,0.95,0.34,0.66,0.63,0.66,0.59,0.74,1430.77
ART_02258,22,68,1496,0.32,charcoal,expressionism,6,148,5.16,France,1,1,excellent,2014,69,0.91,0.86,0.36,0.72,0.61,0.80,0.70,0.43,595.81
ART_02259,137,155,21235,0.88,oil,surrealism,23,174,3.38,USA,1,1,good,1991,46,0.99,0.85,0.48,0.94,0.78,0.80,0.64,0.98,10757.98
ART_02260,138,75,10350,1.84,acrylic,abstract,15,108,4.72,France,1,1,good,2026,247,0.93,0.73,0.51,0.90,0.75,0.90,0.28,0.65,4102.97
ART_02261,108,68,7344,1.59,watercolor,abstract,24,4,5.32,Germany,0,13,good,2023,44,0.99,0.66,0.69,0.67,0.55,0.80,0.26,0.45,1328.53
ART_02262,98,97,9506,1.01,digital,realism,19,78,5.32,USA,1,1,new,2006,77,0.92,0.67,0.67,0.86,0.89,0.80,0.62,0.54,3318.68
ART_02263,148,50,7400,2.96,gouache,portrait,10,0,4.82,Japan,1,1,excellent,2015,138,0.82,0.94,0.86,0.44,0.61,0.69,0.52,0.83,2009.73
ART_02264,54,69,3726,0.78,oil,landscape,2,298,4.85,USA,1,1,excellent,2006,242,0.91,0.60,0.49,0.85,0.89,0.52,0.40,0.87,2889.55
ART_02265,35,24,840,1.46,acrylic,minimalism,13,117,3.41,UK,0,8,new,2025,157,0.99,0.80,0.76,0.39,0.64,0.82,0.90,0.74,681.10
ART_02266,25,84,2100,0.30,oil,abstract,25,35,4.29,France,1,1,good,2022,131,0.97,0.95,0.56,0.82,0.78,0.55,0.40,0.98,2267.69
ART_02267,91,91,8281,1.00,pastel,landscape,23,376,3.54,Turkey,0,74,good,2009,101,0.99,0.58,0.73,0.33,0.83,0.71,0.35,0.54,1551.23
ART_02268,101,98,9898,1.03,oil,minimalism,7,28,3.13,Japan,0,52,fair,2005,127,0.80,0.73,0.90,0.76,0.99,0.92,0.90,0.65,1408.62
ART_02269,69,29,2001,2.38,gouache,impressionism,17,163,3.99,UAE,1,1,new,2016,77,0.99,0.67,0.50,0.69,0.94,0.50,0.68,0.85,1238.27
ART_02270,88,58,5104,1.52,ink,portrait,7,27,3.64,UK,1,1,new,2013,38,0.99,0.83,0.45,0.31,0.80,0.62,0.87,0.64,1230.08
ART_02271,153,141,21573,1.09,mixed_media,surrealism,0,1,3.60,Italy,0,59,fair,2010,235,0.55,0.80,0.79,0.77,0.69,0.71,0.85,0.72,2068.25
ART_02272,157,97,15229,1.62,gouache,pop_art,8,55,3.00,USA,1,1,good,1994,59,0.96,0.65,0.37,0.36,0.97,0.86,0.83,0.95,3627.71
ART_02273,63,33,2079,1.91,gouache,minimalism,24,288,3.56,UAE,1,1,good,1995,248,0.99,0.87,0.88,0.37,0.86,0.89,0.42,0.63,1361.81
ART_02274,157,160,25120,0.98,gouache,pop_art,16,113,3.28,Italy,1,1,new,1992,70,0.99,0.93,0.52,0.68,0.91,0.65,0.88,0.93,6224.42
ART_02275,113,75,8475,1.51,pastel,impressionism,12,59,4.03,UAE,1,1,good,1994,207,0.86,0.63,0.88,0.77,0.73,0.94,0.26,0.72,2015.06
ART_02276,139,152,21128,0.91,digital,expressionism,16,209,3.32,Canada,1,1,good,2018,71,0.99,0.70,0.90,0.95,0.96,0.86,0.38,0.64,3495.33
ART_02277,109,158,17222,0.69,ink,impressionism,7,321,5.54,India,0,64,fair,1997,195,0.93,0.55,0.69,0.92,0.77,0.64,0.72,0.95,2965.19
ART_02278,67,67,4489,1.00,oil,conceptual,24,5,3.84,Italy,1,1,good,2002,141,0.99,0.94,0.74,0.54,0.67,0.89,0.43,0.91,2838.85
ART_02279,75,109,8175,0.69,digital,landscape,18,98,3.29,Pakistan,1,1,fair,2013,154,0.99,0.59,0.87,0.86,0.82,0.62,0.93,0.76,1975.36
ART_02280,23,48,1104,0.48,pastel,pop_art,21,7,3.08,Italy,1,1,excellent,2021,241,0.99,0.68,0.56,0.84,0.70,0.66,0.94,0.92,803.57
ART_02281,120,57,6840,2.11,digital,surrealism,22,61,3.28,Italy,1,1,excellent,2023,126,0.99,0.73,0.42,0.35,0.60,0.60,0.45,0.78,2370.58
ART_02282,58,54,3132,1.07,gouache,expressionism,2,310,3.24,Turkey,1,1,fair,2022,70,0.96,0.80,0.30,0.64,0.57,0.62,0.84,0.93,1155.33
ART_02283,129,101,13029,1.28,watercolor,conceptual,2,347,5.36,France,1,1,new,2008,20,0.98,0.87,0.53,0.51,0.65,0.62,0.77,0.56,3795.99
ART_02284,94,117,10998,0.80,ink,portrait,2,43,4.89,Bangladesh,1,1,new,2023,74,0.76,0.58,0.40,0.55,0.79,0.52,0.73,0.75,1906.13
ART_02285,113,104,11752,1.09,digital,abstract,2,55,4.59,India,1,1,fair,1993,237,0.99,0.73,0.54,0.68,0.65,0.56,0.43,0.88,3160.97
ART_02286,149,141,21009,1.06,acrylic,pop_art,0,53,4.64,France,1,1,good,2016,61,0.75,0.94,0.78,0.75,0.58,0.79,0.42,0.46,3279.08
ART_02287,70,126,8820,0.56,acrylic,impressionism,12,121,3.59,France,0,25,excellent,2024,105,0.83,0.82,0.37,0.31,0.61,0.75,0.31,0.58,1944.69
ART_02288,113,124,14012,0.91,digital,portrait,8,71,5.16,USA,0,66,excellent,1999,169,0.98,0.60,0.89,0.63,0.95,0.60,0.47,0.97,3205.76
ART_02289,75,82,6150,0.91,charcoal,minimalism,4,234,3.03,Canada,1,1,excellent,2012,212,0.99,0.80,0.58,0.94,0.71,0.83,0.32,0.68,1742.24
ART_02290,86,98,8428,0.88,oil,expressionism,16,402,5.32,Bangladesh,0,43,good,1999,51,0.89,0.83,0.82,0.70,0.90,0.77,0.27,0.66,4038.93
ART_02291,108,33,3564,3.27,watercolor,landscape,4,0,2.75,Pakistan,0,12,new,2005,218,0.59,0.50,0.47,0.57,0.81,0.89,0.26,0.81,598.52
ART_02292,87,51,4437,1.71,pastel,minimalism,25,3,4.81,USA,1,1,good,2002,89,0.81,0.73,0.33,0.87,0.80,0.74,0.65,0.48,1622.95
ART_02293,144,58,8352,2.48,gouache,conceptual,22,163,3.69,Bangladesh,1,1,excellent,2010,218,0.99,0.61,0.39,0.75,0.57,0.85,0.80,0.58,2268.34
ART_02294,85,85,7225,1.00,ink,minimalism,10,250,3.18,USA,0,6,new,2010,12,0.93,0.76,0.76,0.35,0.61,0.88,0.59,0.83,1792.69
ART_02295,140,122,17080,1.15,ink,minimalism,15,1,4.79,India,1,1,excellent,2012,203,0.61,0.72,0.31,0.75,0.55,0.74,0.95,0.53,2514.91
ART_02296,75,32,2400,2.34,gouache,expressionism,1,105,5.09,Turkey,1,1,good,2026,101,0.86,0.72,0.83,0.45,0.93,0.91,0.55,0.43,798.37
ART_02297,113,71,8023,1.59,acrylic,portrait,6,232,3.80,Pakistan,0,69,fair,2001,86,0.99,0.77,0.30,0.92,0.88,0.69,0.32,0.82,1460.09
ART_02298,89,89,7921,1.00,ink,abstract,11,69,5.08,Germany,1,1,new,1990,107,0.77,0.88,0.38,0.42,0.75,0.59,0.70,0.74,2588.31
ART_02299,114,30,3420,3.80,charcoal,surrealism,10,372,3.91,Turkey,1,1,excellent,2018,154,0.81,0.60,0.87,0.67,0.77,0.64,0.68,0.52,1208.64
ART_02300,115,144,16560,0.80,gouache,surrealism,8,90,3.52,Bangladesh,0,32,excellent,1990,150,0.71,0.59,0.35,0.62,0.87,0.86,0.65,0.77,2834.65
ART_02301,71,160,11360,0.44,ink,minimalism,7,283,3.16,Bangladesh,0,23,good,1996,82,0.99,0.80,0.55,0.69,0.98,0.92,0.92,0.81,2167.72
ART_02302,116,66,7656,1.76,oil,minimalism,16,228,4.89,Canada,1,1,new,2017,189,0.99,0.89,0.90,0.77,0.56,0.71,0.51,0.94,4277.33
ART_02303,126,20,2520,6.30,watercolor,realism,2,388,4.03,Canada,1,1,excellent,2023,107,0.96,0.66,0.57,0.60,0.99,0.50,0.87,0.98,1692.13
ART_02304,118,157,18526,0.75,watercolor,impressionism,2,269,4.98,Bangladesh,1,1,excellent,2021,215,0.90,0.72,0.83,0.60,0.96,0.93,0.83,0.63,5509.14
ART_02305,56,76,4256,0.74,watercolor,abstract,18,116,3.48,USA,0,27,good,1991,191,0.89,0.83,0.36,0.49,0.70,0.74,0.63,0.65,1608.93
ART_02306,100,28,2800,3.57,charcoal,portrait,6,133,3.12,Japan,1,1,fair,2001,92,0.95,0.86,0.56,0.37,0.99,0.73,0.66,0.84,878.31
ART_02307,156,152,23712,1.03,gouache,conceptual,14,29,4.30,Pakistan,1,1,excellent,2023,25,0.99,0.66,0.55,0.63,0.99,0.65,0.26,0.94,5007.08
ART_02308,61,159,9699,0.38,mixed_media,impressionism,9,29,4.48,India,1,1,new,2018,160,0.81,0.59,0.30,0.75,0.57,0.76,0.46,0.75,3477.56
ART_02309,108,118,12744,0.92,watercolor,expressionism,10,54,4.48,UK,1,1,good,2013,189,0.85,0.78,0.54,0.43,0.69,0.82,0.48,0.95,3293.95
ART_02310,80,62,4960,1.29,gouache,surrealism,10,41,5.22,India,1,1,excellent,2014,50,0.99,0.66,0.51,0.41,0.63,0.92,0.72,0.64,1962.87
ART_02311,101,77,7777,1.31,pastel,abstract,19,159,4.10,India,0,40,new,2009,104,0.99,0.64,0.74,0.75,0.96,0.74,0.44,0.42,1474.85
ART_02312,33,128,4224,0.26,gouache,pop_art,4,246,3.54,Japan,1,1,new,2014,46,0.99,0.86,0.32,0.72,0.94,0.72,0.37,0.58,1463.04
ART_02313,150,113,16950,1.33,pastel,portrait,0,86,4.23,Japan,0,34,excellent,1996,135,0.99,0.67,0.75,0.38,0.87,0.63,0.79,0.78,3056.69
ART_02314,101,151,15251,0.67,watercolor,conceptual,7,264,4.96,France,1,1,fair,2002,188,0.96,0.77,0.88,0.78,0.66,0.70,0.38,0.49,2537.50
ART_02315,80,124,9920,0.65,acrylic,pop_art,1,298,4.58,Pakistan,1,1,good,1991,176,0.99,0.92,0.60,0.59,0.64,0.65,0.69,0.83,3827.06
ART_02316,58,99,5742,0.59,ink,minimalism,22,10,3.06,UK,1,1,new,2025,24,0.95,0.70,0.67,0.58,0.60,0.60,0.87,0.94,1517.68
ART_02317,147,130,19110,1.13,pastel,surrealism,24,0,4.79,Pakistan,1,1,good,2012,204,0.99,0.71,0.39,0.62,0.84,0.93,0.26,0.42,4309.96
ART_02318,44,31,1364,1.42,charcoal,surrealism,23,223,4.62,Germany,1,1,good,2015,209,0.99,0.76,0.70,0.55,0.85,0.76,0.66,0.71,1117.14
ART_02319,44,85,3740,0.52,gouache,expressionism,19,9,5.06,USA,0,68,fair,2021,49,0.80,0.82,0.71,0.51,0.83,0.90,0.37,0.74,800.15
ART_02320,27,90,2430,0.30,gouache,expressionism,25,255,5.04,UAE,1,1,good,2005,158,0.99,0.73,0.68,0.39,0.58,0.52,0.85,0.98,1637.39
ART_02321,148,50,7400,2.96,mixed_media,impressionism,23,1,5.06,Turkey,1,1,fair,2024,209,0.86,0.92,0.61,0.93,0.77,0.77,0.71,0.54,3232.75
ART_02322,46,131,6026,0.35,mixed_media,realism,15,46,3.48,Pakistan,1,1,excellent,2018,102,0.99,0.60,0.87,0.69,0.82,0.72,0.78,0.72,2517.41
ART_02323,82,149,12218,0.55,digital,impressionism,9,2,4.65,India,1,1,excellent,2004,30,0.70,0.90,0.76,0.94,0.72,0.84,0.73,0.54,2222.04
ART_02324,102,99,10098,1.03,ink,surrealism,1,34,3.40,Italy,1,1,fair,2021,236,0.69,0.65,0.75,0.59,0.70,0.59,0.59,0.94,1547.89
ART_02325,70,151,10570,0.46,watercolor,landscape,1,179,4.99,UK,1,1,excellent,2019,68,0.84,0.88,0.80,0.49,0.86,0.90,0.29,0.65,2555.22
ART_02326,81,59,4779,1.37,charcoal,expressionism,23,61,5.24,France,0,23,good,2023,145,0.99,0.80,0.47,0.46,0.73,0.91,0.50,0.96,1541.06
ART_02327,128,160,20480,0.80,gouache,realism,19,100,3.74,UK,1,1,new,2002,211,0.99,0.63,0.34,0.95,0.99,0.93,0.46,0.81,5495.73
ART_02328,92,77,7084,1.19,digital,abstract,22,111,4.77,Italy,1,1,excellent,2016,107,0.99,0.56,0.59,0.63,0.91,0.74,0.72,0.51,2325.52
ART_02329,131,94,12314,1.39,oil,abstract,21,74,4.98,Japan,1,1,fair,2016,166,0.99,0.85,0.29,0.67,0.99,0.84,0.91,0.76,6549.63
ART_02330,21,61,1281,0.34,mixed_media,portrait,17,373,4.28,Bangladesh,1,1,excellent,2025,182,0.99,0.79,0.58,0.41,0.82,0.81,0.62,0.97,1683.23
ART_02331,70,145,10150,0.48,ink,surrealism,10,57,3.43,UAE,0,77,fair,2022,206,0.90,0.60,0.87,0.91,0.74,0.93,0.74,0.91,1150.69
ART_02332,21,72,1512,0.29,charcoal,conceptual,17,37,4.65,India,0,48,excellent,1996,74,0.87,0.86,0.34,0.82,0.82,0.59,0.45,0.61,550.98
ART_02333,48,128,6144,0.38,pastel,pop_art,10,90,2.98,Pakistan,1,1,new,2006,132,0.99,0.58,0.80,0.62,0.99,0.92,0.80,0.67,1795.64
ART_02334,36,56,2016,0.64,charcoal,portrait,3,20,2.90,Turkey,1,1,new,2001,191,0.84,0.83,0.50,0.61,0.82,0.97,0.84,0.63,873.39
ART_02335,123,84,10332,1.46,watercolor,conceptual,15,126,4.90,Japan,1,1,fair,2018,76,0.85,0.70,0.66,0.44,0.86,0.88,0.37,0.59,2074.41
ART_02336,78,124,9672,0.63,charcoal,portrait,9,50,4.48,France,1,1,new,2003,105,0.96,0.82,0.88,0.41,0.61,0.84,0.57,0.44,2239.26
ART_02337,139,151,20989,0.92,charcoal,surrealism,6,411,4.03,France,1,1,fair,2026,33,0.95,0.72,0.48,0.42,0.98,0.89,0.59,0.73,3812.64
ART_02338,52,80,4160,0.65,acrylic,abstract,18,12,5.46,India,1,1,excellent,1997,96,0.99,0.73,0.52,0.54,0.56,0.98,0.64,0.57,2349.89
ART_02339,26,92,2392,0.28,mixed_media,abstract,6,223,4.41,France,1,1,new,2013,70,0.99,0.79,0.43,0.47,0.72,0.59,0.31,0.87,1992.47
ART_02340,56,136,7616,0.41,mixed_media,conceptual,4,33,2.85,Japan,1,1,fair,1995,119,0.72,0.90,0.57,0.47,0.76,0.71,0.44,0.59,1350.44
ART_02341,155,43,6665,3.60,digital,abstract,20,239,5.28,Italy,0,16,fair,2019,226,0.99,0.72,0.29,0.67,0.90,0.92,0.31,0.46,1750.93
ART_02342,158,40,6320,3.95,mixed_media,minimalism,25,81,3.84,India,1,1,fair,2001,31,0.99,0.65,0.69,0.58,0.99,0.85,0.70,0.93,3443.61
ART_02343,24,146,3504,0.16,charcoal,surrealism,7,16,4.63,Japan,0,33,excellent,2017,21,0.99,0.57,0.83,0.90,0.95,0.99,0.53,0.81,914.31
ART_02344,61,42,2562,1.45,charcoal,abstract,14,30,5.38,Turkey,0,69,excellent,1993,26,0.99,0.79,0.49,0.46,0.75,0.75,0.32,0.76,754.19
ART_02345,158,33,5214,4.79,mixed_media,minimalism,18,170,5.49,Japan,1,1,new,2017,202,0.99,0.75,0.57,0.59,0.71,0.99,0.44,0.98,4497.54
ART_02346,129,57,7353,2.26,watercolor,surrealism,11,59,3.20,Pakistan,1,1,good,2010,135,0.99,0.66,0.65,0.37,0.93,0.92,0.87,0.83,2272.97
ART_02347,98,82,8036,1.20,digital,minimalism,8,98,3.87,Turkey,0,26,good,1995,112,0.81,0.80,0.74,0.70,0.63,0.80,0.63,0.48,1347.26
ART_02348,46,96,4416,0.48,pastel,abstract,9,51,3.94,Germany,0,72,excellent,2019,180,0.86,0.79,0.31,0.93,0.80,0.53,0.62,0.46,689.15
ART_02349,114,137,15618,0.83,acrylic,realism,20,162,3.91,Germany,1,1,new,2004,17,0.99,0.76,0.36,0.63,0.62,0.71,0.87,0.87,5991.06
ART_02350,126,109,13734,1.16,pastel,surrealism,17,183,4.42,Turkey,1,1,fair,2004,242,0.82,0.83,0.86,0.92,0.88,0.71,0.32,0.58,3347.83
ART_02351,149,29,4321,5.14,pastel,pop_art,21,138,4.98,UAE,1,1,new,2013,183,0.96,0.95,0.51,0.66,0.97,0.70,0.95,0.97,3430.56
ART_02352,106,121,12826,0.88,digital,surrealism,15,233,3.31,India,0,33,excellent,2025,9,0.95,0.53,0.46,0.89,0.88,0.83,0.32,0.99,2686.95
ART_02353,110,102,11220,1.08,gouache,portrait,2,0,4.47,France,1,1,new,2026,66,0.86,0.88,0.84,0.60,0.90,0.97,0.28,0.72,2365.91
ART_02354,96,97,9312,0.99,gouache,minimalism,4,328,3.36,Italy,1,1,new,1993,72,0.78,0.69,0.48,0.88,0.80,0.89,0.62,0.81,2978.63
ART_02355,70,156,10920,0.45,watercolor,conceptual,22,267,4.59,Turkey,1,1,fair,1992,218,0.92,0.92,0.37,0.63,0.71,0.93,0.36,0.77,3701.54
ART_02356,24,78,1872,0.31,pastel,expressionism,3,238,5.41,Turkey,1,1,excellent,1990,103,0.93,0.93,0.31,0.30,0.99,0.91,0.73,0.93,1605.40
ART_02357,95,23,2185,4.13,mixed_media,conceptual,14,264,4.79,Italy,0,40,fair,2020,57,0.88,0.80,0.61,0.55,0.61,0.73,0.64,0.72,740.66
ART_02358,26,113,2938,0.23,acrylic,abstract,12,0,3.38,Japan,1,1,excellent,1998,18,0.64,0.57,0.44,0.41,0.77,0.57,0.65,0.53,896.51
ART_02359,28,125,3500,0.22,ink,pop_art,2,115,4.08,UK,1,1,good,2020,201,0.99,0.92,0.38,0.54,0.87,0.99,0.55,0.94,1139.69
ART_02360,55,93,5115,0.59,ink,minimalism,4,247,3.87,Bangladesh,1,1,good,2019,148,0.99,0.62,0.75,0.71,0.66,0.55,0.88,0.78,1293.86
ART_02361,55,156,8580,0.35,digital,pop_art,0,95,3.01,Germany,1,1,good,2017,88,0.99,0.64,0.85,0.88,0.80,0.54,0.35,0.42,1184.50
ART_02362,125,55,6875,2.27,pastel,portrait,25,12,4.32,USA,1,1,fair,1992,27,0.99,0.93,0.56,0.51,0.94,0.53,0.74,0.62,2052.08
ART_02363,115,62,7130,1.85,gouache,portrait,17,217,4.24,UAE,1,1,fair,1998,195,0.99,0.72,0.82,0.48,0.81,0.85,0.64,0.96,2908.34
ART_02364,151,41,6191,3.68,watercolor,realism,3,194,4.97,India,1,1,good,2011,186,0.78,0.89,0.56,0.44,0.57,0.59,0.82,0.48,1920.86
ART_02365,115,133,15295,0.86,digital,landscape,11,157,4.17,UK,1,1,good,2018,96,0.76,0.61,0.46,0.34,0.84,0.65,0.51,0.66,2864.05
ART_02366,67,84,5628,0.80,digital,realism,9,117,4.39,UAE,1,1,excellent,1994,227,0.99,0.85,0.57,0.71,0.73,0.73,0.90,0.92,3072.25
ART_02367,70,28,1960,2.50,mixed_media,portrait,5,104,5.18,France,1,1,excellent,1991,91,0.99,0.81,0.48,0.92,0.59,0.78,0.77,0.75,1546.15
ART_02368,108,54,5832,2.00,ink,minimalism,1,233,3.48,UK,0,81,excellent,2005,56,0.86,0.48,0.76,0.32,0.82,0.66,0.62,0.88,841.67
ART_02369,135,47,6345,2.87,digital,abstract,7,4,4.61,Germany,1,1,excellent,2000,98,0.95,0.59,0.69,0.46,0.99,0.99,0.58,0.94,2861.72
ART_02370,78,32,2496,2.44,charcoal,portrait,9,259,4.12,Canada,1,1,fair,2010,71,0.99,0.73,0.75,0.71,0.67,0.81,0.26,0.83,902.19
ART_02371,105,139,14595,0.76,charcoal,abstract,21,206,3.86,USA,1,1,fair,2012,210,0.99,0.80,0.89,0.90,0.96,0.83,0.77,0.98,5483.95
ART_02372,112,85,9520,1.32,mixed_media,pop_art,8,204,5.49,UK,1,1,new,2022,154,0.85,0.90,0.62,0.32,0.68,0.80,0.52,0.67,3558.67
ART_02373,81,92,7452,0.88,pastel,minimalism,17,352,4.96,Bangladesh,1,1,good,1995,130,0.99,0.94,0.68,0.58,0.86,0.61,0.38,0.47,2671.34
ART_02374,104,99,10296,1.05,oil,surrealism,23,1,5.37,UAE,1,1,excellent,2009,188,0.99,0.86,0.87,0.34,0.58,0.99,0.31,0.92,6055.55
ART_02375,128,72,9216,1.78,acrylic,pop_art,1,320,4.25,India,1,1,new,1995,63,0.99,0.89,0.33,0.76,0.99,0.99,0.90,0.67,5426.80
ART_02376,95,134,12730,0.71,pastel,pop_art,6,83,3.02,UK,1,1,new,2014,85,0.99,0.85,0.39,0.65,0.78,0.85,0.26,0.72,2693.36
ART_02377,90,22,1980,4.09,oil,conceptual,14,25,4.94,UAE,1,1,excellent,2019,111,0.93,0.60,0.32,0.75,0.63,0.87,0.77,0.77,1455.94
ART_02378,73,57,4161,1.28,gouache,abstract,2,143,3.80,Bangladesh,1,1,new,1998,83,0.99,0.76,0.79,0.33,0.69,0.92,0.29,0.92,1506.00
ART_02379,86,102,8772,0.84,acrylic,portrait,10,230,3.85,France,1,1,good,2000,123,0.99,0.82,0.81,0.50,0.84,0.69,0.62,0.56,3042.58
ART_02380,142,92,13064,1.54,digital,landscape,9,19,3.17,France,1,1,fair,2000,42,0.71,0.67,0.46,0.43,0.98,0.85,0.49,0.66,2075.67
ART_02381,148,69,10212,2.14,mixed_media,impressionism,11,63,3.61,Turkey,1,1,good,1995,141,0.87,0.75,0.51,0.93,0.72,0.99,0.64,0.86,4174.74
ART_02382,28,115,3220,0.24,mixed_media,realism,16,68,4.93,Bangladesh,1,1,fair,2003,161,0.92,0.65,0.28,0.40,0.71,0.67,0.33,0.99,1969.68
ART_02383,114,136,15504,0.84,gouache,impressionism,23,16,3.43,India,1,1,fair,2025,50,0.99,0.73,0.47,0.56,0.72,0.53,0.56,0.87,2812.38
ART_02384,106,21,2226,5.05,digital,pop_art,20,398,4.27,India,1,1,good,2022,91,0.99,0.76,0.83,0.56,0.99,0.74,0.67,0.46,1252.31
ART_02385,64,55,3520,1.16,gouache,landscape,17,37,3.58,Canada,1,1,fair,1995,238,0.78,0.74,0.58,0.42,0.58,0.98,0.27,0.62,1045.49
ART_02386,96,119,11424,0.81,watercolor,surrealism,24,190,3.94,Japan,1,1,new,2000,184,0.99,0.95,0.86,0.58,0.99,0.83,0.42,0.89,5364.02
ART_02387,63,45,2835,1.40,acrylic,pop_art,1,115,4.73,India,1,1,new,1993,79,0.68,0.72,0.76,0.54,0.85,0.71,0.94,0.52,1149.79
ART_02388,67,35,2345,1.91,oil,expressionism,18,0,4.62,Japan,1,1,excellent,2018,38,0.64,0.90,0.87,0.73,0.55,0.81,0.50,0.73,1215.62
ART_02389,141,63,8883,2.24,charcoal,abstract,8,231,5.50,Pakistan,1,1,good,1992,231,0.95,0.90,0.42,0.94,0.82,0.99,0.63,0.42,3222.17
ART_02390,99,71,7029,1.39,oil,pop_art,6,2,4.99,India,1,1,good,2008,139,0.85,0.82,0.72,0.63,0.71,0.51,0.96,0.98,3056.31
ART_02391,67,152,10184,0.44,watercolor,surrealism,20,270,5.75,USA,1,1,new,2008,172,0.90,0.77,0.58,0.57,0.82,0.82,0.65,0.55,4265.91
ART_02392,91,34,3094,2.68,charcoal,expressionism,19,7,5.11,Bangladesh,0,11,good,2019,214,0.89,0.50,0.83,0.34,0.73,0.73,0.38,0.73,799.37
ART_02393,109,45,4905,2.42,acrylic,expressionism,12,52,4.59,Bangladesh,1,1,good,2020,145,0.82,0.74,0.79,0.43,0.56,0.51,0.74,0.66,1657.84
ART_02394,139,38,5282,3.66,digital,pop_art,13,121,3.12,UK,1,1,excellent,2001,165,0.99,0.57,0.48,0.33,0.70,0.58,0.43,0.41,1388.57
ART_02395,151,98,14798,1.54,pastel,surrealism,5,175,4.05,Japan,1,1,good,2020,115,0.78,0.85,0.36,0.83,0.65,0.49,0.57,0.99,3076.55
ART_02396,47,87,4089,0.54,acrylic,conceptual,9,99,4.68,France,1,1,good,2020,240,0.99,0.65,0.48,0.69,0.57,0.54,0.27,0.48,1318.11
ART_02397,63,30,1890,2.10,acrylic,landscape,4,162,4.79,France,1,1,excellent,2001,72,0.88,0.82,0.52,0.47,0.71,0.79,0.39,0.88,1301.35
ART_02398,140,137,19180,1.02,acrylic,realism,8,0,4.54,Bangladesh,1,1,good,2018,214,0.72,0.61,0.84,0.83,0.79,0.82,0.40,0.64,3392.13
ART_02399,102,62,6324,1.65,charcoal,expressionism,2,91,2.84,Japan,0,6,fair,2019,158,0.86,0.58,0.74,0.80,0.69,0.65,0.84,0.97,903.04
ART_02400,76,80,6080,0.95,watercolor,abstract,15,1,4.62,Turkey,1,1,fair,2008,33,0.76,0.72,0.57,0.43,0.89,0.72,0.42,0.51,1459.61
ART_02401,103,48,4944,2.15,gouache,abstract,2,5,3.72,Japan,1,1,fair,2009,139,0.64,0.69,0.86,0.50,0.85,0.91,0.93,0.53,846.84
ART_02402,66,66,4356,1.00,digital,surrealism,18,8,5.25,India,0,19,fair,2009,207,0.99,0.66,0.28,0.59,0.72,0.75,0.79,0.78,1608.90
ART_02403,96,83,7968,1.16,pastel,landscape,20,180,5.19,Pakistan,1,1,new,2009,142,0.99,0.84,0.34,0.78,0.99,0.53,0.54,0.58,3139.04
ART_02404,100,115,11500,0.87,gouache,pop_art,6,36,4.61,USA,0,61,good,2001,100,0.92,0.64,0.67,0.40,0.69,0.51,0.71,0.56,1109.63
ART_02405,113,95,10735,1.19,acrylic,abstract,18,102,3.37,Bangladesh,1,1,excellent,1996,65,0.99,0.76,0.38,0.95,0.88,0.94,0.75,0.92,4485.93
ART_02406,74,154,11396,0.48,oil,conceptual,24,330,3.52,Bangladesh,0,42,good,2004,135,0.99,0.59,0.65,0.72,0.75,0.61,0.30,0.86,3844.25
ART_02407,74,89,6586,0.83,digital,expressionism,22,3,3.23,France,0,60,fair,2018,69,0.71,0.69,0.72,0.81,0.61,0.88,0.27,0.67,842.69
ART_02408,123,41,5043,3.00,oil,landscape,13,142,3.61,USA,1,1,fair,1991,141,0.99,0.91,0.89,0.37,0.80,0.95,0.28,0.72,2573.19
ART_02409,26,57,1482,0.46,gouache,abstract,21,27,3.15,Bangladesh,1,1,new,2002,136,0.99,0.57,0.62,0.68,0.58,0.69,0.60,0.52,775.48
ART_02410,114,112,12768,1.02,watercolor,landscape,6,52,5.01,India,1,1,fair,2011,176,0.99,0.71,0.64,0.74,0.68,0.61,0.61,0.47,1987.06
ART_02411,114,97,11058,1.18,digital,surrealism,19,108,3.70,Germany,1,1,new,2007,201,0.99,0.64,0.32,0.61,0.97,0.73,0.54,0.45,3634.67
ART_02412,120,157,18840,0.76,pastel,landscape,9,213,5.42,Japan,1,1,fair,2003,79,0.99,0.72,0.31,0.56,0.64,0.65,0.85,0.71,4469.39
ART_02413,111,139,15429,0.80,digital,conceptual,9,244,4.19,Germany,1,1,good,1995,132,0.95,0.93,0.34,0.77,0.99,0.95,0.72,0.92,5086.97
ART_02414,39,99,3861,0.39,oil,realism,12,190,4.68,India,1,1,good,2000,145,0.89,0.73,0.31,0.59,0.58,0.78,0.89,0.81,2638.84
ART_02415,124,34,4216,3.65,charcoal,impressionism,4,213,4.13,Bangladesh,1,1,fair,2008,21,0.76,0.71,0.37,0.82,0.72,0.53,0.94,0.86,1035.44
ART_02416,137,44,6028,3.11,charcoal,impressionism,0,276,3.93,Germany,1,1,new,2014,18,0.92,0.94,0.54,0.51,0.90,0.80,0.81,0.75,2104.30
ART_02417,129,142,18318,0.91,oil,realism,1,90,2.75,Germany,1,1,fair,2022,127,0.74,0.90,0.58,0.61,0.85,0.86,0.28,0.56,2449.82
ART_02418,83,81,6723,1.02,gouache,pop_art,0,338,4.11,India,1,1,excellent,2025,38,0.71,0.80,0.89,0.68,0.59,0.83,0.93,0.84,1658.80
ART_02419,139,74,10286,1.88,watercolor,landscape,25,350,4.01,Japan,1,1,fair,2014,37,0.99,0.73,0.54,0.34,0.78,0.58,0.67,0.47,2964.35
ART_02420,117,123,14391,0.95,acrylic,landscape,1,328,4.79,Pakistan,0,59,new,1992,33,0.96,0.80,0.37,0.31,0.86,0.87,0.63,0.73,3507.90
ART_02421,89,63,5607,1.41,acrylic,impressionism,24,12,3.72,Canada,0,58,good,2023,31,0.99,0.77,0.68,0.53,0.73,0.56,0.54,0.69,1329.02
ART_02422,159,130,20670,1.22,mixed_media,expressionism,7,3,2.84,Italy,1,1,good,2007,63,0.60,0.85,0.59,0.67,0.51,0.60,0.55,0.44,1958.58
ART_02423,95,97,9215,0.98,charcoal,realism,22,39,4.56,Germany,1,1,fair,2009,140,0.99,0.71,0.67,0.72,0.88,0.85,0.34,0.52,2162.36
ART_02424,86,23,1978,3.74,ink,realism,3,227,3.61,Bangladesh,0,12,new,2002,239,0.99,0.50,0.36,0.48,0.79,0.98,0.33,0.86,833.94
ART_02425,79,123,9717,0.64,watercolor,minimalism,16,66,3.55,Germany,1,1,fair,2009,203,0.99,0.57,0.74,0.60,0.99,0.71,0.42,0.89,2186.88
ART_02426,102,24,2448,4.25,mixed_media,realism,5,141,3.75,India,1,1,excellent,2012,37,0.92,0.69,0.40,0.38,0.57,0.83,0.92,0.72,1321.76
ART_02427,97,46,4462,2.11,charcoal,realism,20,148,3.89,Canada,1,1,excellent,2023,50,0.97,0.90,0.48,0.53,0.91,0.83,0.90,0.54,1897.38
ART_02428,123,111,13653,1.11,mixed_media,realism,7,307,5.15,Bangladesh,0,24,excellent,2001,146,0.92,0.72,0.49,0.71,0.63,0.70,0.51,0.43,4136.46
ART_02429,43,60,2580,0.72,mixed_media,conceptual,8,239,5.12,Italy,1,1,new,2016,110,0.99,0.73,0.40,0.56,0.59,0.66,0.73,0.54,1325.83
ART_02430,159,34,5406,4.68,watercolor,expressionism,7,10,4.48,India,1,1,new,2019,186,0.92,0.70,0.65,0.45,0.79,0.71,0.68,0.51,1466.32
ART_02431,115,139,15985,0.83,pastel,surrealism,21,217,5.32,India,1,1,excellent,2021,92,0.99,0.88,0.69,0.61,0.97,0.67,0.77,0.95,7340.74
ART_02432,142,122,17324,1.16,oil,landscape,24,143,4.10,Germany,1,1,new,2006,247,0.99,0.67,0.81,0.83,0.72,0.58,0.78,0.66,6539.68
ART_02433,52,30,1560,1.73,watercolor,minimalism,23,300,4.93,Germany,0,70,good,2004,153,0.99,0.66,0.85,0.68,0.56,0.99,0.88,0.93,937.18
ART_02434,152,120,18240,1.27,ink,pop_art,19,51,4.51,Japan,1,1,fair,2011,50,0.99,0.88,0.69,0.66,0.91,0.52,0.81,0.83,3461.69
ART_02435,111,76,8436,1.46,pastel,portrait,13,42,4.74,Germany,1,1,fair,1995,232,0.81,0.89,0.71,0.59,0.95,0.62,0.34,0.44,1983.31
ART_02436,111,49,5439,2.27,pastel,minimalism,23,123,5.46,Pakistan,1,1,fair,1990,223,0.99,0.73,0.31,0.42,0.64,0.70,0.92,0.47,1719.76
ART_02437,143,80,11440,1.79,oil,minimalism,11,379,5.05,Germany,1,1,new,2026,149,0.97,0.71,0.34,0.41,0.98,0.77,0.58,0.98,6070.88
ART_02438,146,127,18542,1.15,pastel,landscape,8,189,5.27,Bangladesh,0,58,new,2018,98,0.99,0.53,0.43,0.67,0.95,0.51,0.84,0.52,2367.68
ART_02439,144,35,5040,4.11,pastel,expressionism,3,33,2.96,Pakistan,1,1,good,1992,223,0.93,0.65,0.57,0.85,0.85,0.67,0.49,0.97,1428.39
ART_02440,135,42,5670,3.21,watercolor,surrealism,1,87,4.40,Italy,0,17,fair,2017,92,0.69,0.63,0.86,0.30,0.83,0.92,0.30,0.98,994.89
ART_02441,111,84,9324,1.32,pastel,surrealism,11,186,5.30,Pakistan,0,11,new,1996,59,0.93,0.48,0.55,0.58,0.76,0.55,0.84,0.96,3533.26
ART_02442,77,23,1771,3.35,gouache,surrealism,5,181,4.49,UK,1,1,excellent,1990,19,0.97,0.69,0.41,0.50,0.90,0.91,0.36,0.47,1082.22
ART_02443,135,68,9180,1.99,gouache,abstract,11,308,4.00,France,1,1,fair,2025,92,0.99,0.64,0.46,0.34,0.93,0.61,0.35,0.73,2173.80
ART_02444,159,60,9540,2.65,ink,expressionism,17,125,4.85,Italy,0,7,new,2010,109,0.89,0.52,0.35,0.58,0.55,0.81,0.48,0.62,1902.44
ART_02445,129,119,15351,1.08,pastel,expressionism,9,121,5.00,India,0,59,good,2014,16,0.94,0.55,0.65,0.40,0.76,0.64,0.67,0.79,2090.51
ART_02446,94,104,9776,0.90,mixed_media,realism,5,373,3.15,France,1,1,new,2020,201,0.99,0.67,0.74,0.43,0.66,0.69,0.29,0.98,4252.83
ART_02447,43,61,2623,0.70,oil,pop_art,20,42,5.10,Pakistan,0,6,excellent,2025,33,0.92,0.51,0.79,0.48,0.55,0.98,0.65,0.96,1681.23
ART_02448,46,23,1058,2.00,ink,abstract,21,385,5.05,Germany,1,1,good,2007,120,0.96,0.76,0.34,0.36,0.67,0.91,0.32,0.67,998.69
ART_02449,124,48,5952,2.58,watercolor,pop_art,4,7,2.88,UAE,1,1,good,1990,168,0.99,0.87,0.30,0.69,0.69,0.74,0.95,0.48,1413.61
ART_02450,42,154,6468,0.27,digital,realism,5,42,4.25,Germany,1,1,good,2022,115,0.99,0.96,0.70,0.89,0.59,0.99,0.95,0.74,1722.36
ART_02451,122,77,9394,1.58,pastel,pop_art,15,54,3.62,France,1,1,excellent,2005,117,0.99,0.70,0.66,0.37,0.73,0.94,0.32,0.52,2359.15
ART_02452,28,29,812,0.97,watercolor,conceptual,8,295,4.36,France,1,1,new,2005,163,0.99,0.96,0.49,0.40,0.86,0.61,0.94,0.43,617.85
ART_02453,54,72,3888,0.75,gouache,impressionism,24,24,4.34,Turkey,1,1,excellent,1991,25,0.87,0.62,0.30,0.83,0.94,0.81,0.66,0.44,1764.66
ART_02454,137,39,5343,3.51,watercolor,conceptual,21,355,4.66,Bangladesh,1,1,new,2025,145,0.98,0.81,0.77,0.69,0.73,0.63,0.59,0.87,3365.93
ART_02455,126,31,3906,4.06,gouache,pop_art,12,1,3.33,India,1,1,good,2006,206,0.79,0.85,0.79,0.80,0.85,0.71,0.28,0.57,1064.22
ART_02456,74,101,7474,0.73,acrylic,minimalism,0,118,4.67,USA,1,1,new,2020,170,0.80,0.57,0.60,0.49,0.96,0.61,0.94,0.93,2584.46
ART_02457,126,155,19530,0.81,pastel,minimalism,6,379,5.22,UK,0,25,fair,2004,50,0.99,0.77,0.87,0.89,0.66,0.59,0.25,0.74,3130.16
ART_02458,78,87,6786,0.90,watercolor,pop_art,15,71,3.61,Germany,0,25,new,1994,34,0.87,0.85,0.81,0.52,0.54,0.97,0.29,0.77,1788.51
ART_02459,144,108,15552,1.33,mixed_media,realism,1,31,3.26,Italy,1,1,excellent,2011,57,0.82,0.74,0.51,0.55,0.87,0.96,0.33,0.54,3068.52
ART_02460,24,25,600,0.96,mixed_media,pop_art,12,11,4.67,France,1,1,fair,2013,232,0.66,0.68,0.39,0.53,0.92,0.96,0.37,0.96,463.50
ART_02461,132,56,7392,2.36,digital,pop_art,6,113,4.18,Pakistan,1,1,fair,1999,17,0.85,0.91,0.72,0.80,0.83,0.75,0.50,0.82,1930.91
ART_02462,151,127,19177,1.19,mixed_media,minimalism,8,1,4.77,Canada,0,26,fair,2011,142,0.57,0.84,0.52,0.84,0.59,0.90,0.67,0.91,2550.73
ART_02463,72,98,7056,0.73,acrylic,abstract,25,76,4.20,Turkey,0,48,good,1990,74,0.93,0.68,0.60,0.42,0.67,0.83,0.76,0.52,2119.80
ART_02464,30,127,3810,0.24,digital,pop_art,8,283,4.35,USA,1,1,excellent,2008,95,0.99,0.61,0.87,0.33,0.63,0.76,0.97,0.96,1840.60
ART_02465,37,46,1702,0.80,acrylic,portrait,8,205,5.22,Germany,0,61,new,1994,162,0.91,0.48,0.88,0.60,0.94,0.94,0.45,0.76,962.18
ART_02466,38,34,1292,1.12,watercolor,conceptual,4,136,4.95,India,1,1,new,2026,13,0.97,0.62,0.43,0.79,0.90,0.72,0.93,0.44,555.49
ART_02467,28,98,2744,0.29,acrylic,portrait,2,297,5.43,UK,1,1,excellent,2000,182,0.99,0.69,0.49,0.62,0.81,0.86,0.44,0.93,2914.46
ART_02468,157,72,11304,2.18,pastel,surrealism,21,151,4.26,UAE,0,44,good,2016,36,0.93,0.65,0.53,0.57,0.62,0.52,0.50,0.45,1745.84
ART_02469,150,126,18900,1.19,watercolor,abstract,8,56,2.87,Canada,1,1,good,1997,101,0.95,0.74,0.63,0.31,0.57,0.62,0.52,0.55,2532.10
ART_02470,146,57,8322,2.56,digital,expressionism,16,143,3.51,India,1,1,new,2006,144,0.94,0.84,0.52,0.61,0.79,0.78,0.59,0.65,2582.80
ART_02471,122,29,3538,4.21,ink,minimalism,10,160,4.47,USA,1,1,good,1991,72,0.99,0.57,0.38,0.34,0.70,0.60,0.83,0.97,1374.90
ART_02472,49,98,4802,0.50,charcoal,surrealism,19,105,5.38,UAE,1,1,fair,1991,60,0.99,0.64,0.52,0.55,0.99,0.72,0.90,0.89,2429.50
ART_02473,80,96,7680,0.83,mixed_media,pop_art,1,6,4.60,Turkey,1,1,fair,2012,212,0.66,0.59,0.61,0.68,0.54,0.98,0.62,0.64,1644.82
ART_02474,24,84,2016,0.29,oil,expressionism,9,2,4.10,Japan,1,1,fair,2000,156,0.89,0.84,0.55,0.89,0.63,0.83,0.72,0.72,1298.95
ART_02475,130,104,13520,1.25,pastel,expressionism,2,140,4.68,Italy,1,1,new,2023,56,0.88,0.64,0.84,0.52,0.95,0.67,0.85,0.59,2945.43
ART_02476,63,73,4599,0.86,oil,conceptual,20,1,5.08,India,1,1,good,1996,114,0.73,0.62,0.57,0.37,0.74,0.89,0.27,0.89,2314.65
ART_02477,78,35,2730,2.23,ink,impressionism,19,86,3.34,India,1,1,fair,1995,55,0.94,0.58,0.45,0.77,0.89,0.81,0.39,0.77,1014.34
ART_02478,40,105,4200,0.38,acrylic,pop_art,9,88,4.44,USA,1,1,fair,2023,74,0.99,0.86,0.61,0.54,0.85,0.86,0.96,0.85,1730.61
ART_02479,57,38,2166,1.50,acrylic,surrealism,22,131,4.32,Germany,1,1,excellent,2019,78,0.99,0.61,0.70,0.44,0.92,0.86,0.95,0.87,1822.72
ART_02480,45,150,6750,0.30,ink,realism,8,12,4.50,Pakistan,1,1,new,2016,157,0.99,0.67,0.87,0.77,0.81,0.95,0.36,0.75,2159.97
ART_02481,95,58,5510,1.64,watercolor,impressionism,19,301,3.71,Turkey,0,42,good,2018,143,0.90,0.69,0.31,0.89,0.98,0.72,0.78,0.43,1380.59
ART_02482,124,81,10044,1.53,charcoal,expressionism,20,200,4.74,Japan,1,1,excellent,2018,172,0.96,0.86,0.53,0.82,0.73,0.86,0.62,0.64,3131.50
ART_02483,95,141,13395,0.67,acrylic,surrealism,3,102,5.10,France,0,7,good,2019,116,0.97,0.87,0.82,0.34,0.65,0.86,0.32,0.57,2735.01
ART_02484,91,34,3094,2.68,mixed_media,pop_art,6,332,5.16,France,1,1,new,1997,184,0.90,0.78,0.71,0.81,0.73,0.79,0.51,0.85,2887.38
ART_02485,44,127,5588,0.35,acrylic,minimalism,14,176,4.81,Japan,1,1,fair,2009,189,0.99,0.84,0.30,0.65,0.82,0.98,0.32,0.68,2794.90
ART_02486,92,126,11592,0.73,watercolor,portrait,17,90,3.32,Canada,0,50,excellent,2006,46,0.99,0.76,0.75,0.86,0.78,0.65,0.41,0.44,1452.92
ART_02487,117,120,14040,0.97,pastel,impressionism,3,365,4.16,UK,1,1,new,2001,240,0.95,0.93,0.74,0.79,0.67,0.68,0.96,0.84,5737.63
ART_02488,59,113,6667,0.52,acrylic,landscape,23,140,3.50,Germany,0,18,good,2021,161,0.99,0.63,0.78,0.85,0.88,0.61,0.73,0.79,2006.93
ART_02489,36,154,5544,0.23,ink,landscape,3,11,4.50,Japan,1,1,good,2017,242,0.64,0.73,0.53,0.72,0.83,0.91,0.49,0.88,1103.96
ART_02490,46,144,6624,0.32,ink,abstract,0,44,3.37,India,1,1,new,2024,163,0.99,0.60,0.59,0.70,0.99,0.82,0.95,0.96,2088.27
ART_02491,137,26,3562,5.27,mixed_media,expressionism,18,114,4.35,Germany,1,1,good,1995,178,0.93,0.94,0.28,0.37,0.82,0.92,0.37,0.58,2227.64
ART_02492,81,101,8181,0.80,ink,minimalism,0,199,4.13,Bangladesh,1,1,excellent,2006,168,0.72,0.96,0.31,0.50,0.64,0.48,0.85,0.54,1345.52
ART_02493,40,60,2400,0.67,charcoal,surrealism,9,416,5.17,Canada,0,40,new,2011,173,0.99,0.73,0.62,0.74,0.57,0.52,0.26,0.92,1207.78
ART_02494,128,69,8832,1.86,oil,realism,3,96,3.44,France,1,1,good,2000,195,0.99,0.62,0.63,0.74,0.96,0.96,0.53,0.72,3828.81
ART_02495,156,114,17784,1.37,mixed_media,impressionism,4,139,4.61,Turkey,0,47,new,1991,123,0.87,0.83,0.66,0.64,0.75,0.97,0.55,0.94,4439.59
ART_02496,133,79,10507,1.68,oil,surrealism,10,130,3.60,Bangladesh,0,58,fair,2011,80,0.77,0.77,0.40,0.55,0.99,0.73,0.79,0.56,1755.97
ART_02497,133,109,14497,1.22,oil,pop_art,23,58,4.51,India,1,1,good,2002,162,0.99,0.80,0.34,0.57,0.68,0.61,0.67,0.76,7068.39
ART_02498,139,20,2780,6.95,watercolor,pop_art,12,12,5.29,Italy,1,1,excellent,1993,184,0.80,0.80,0.37,0.58,0.82,0.65,0.49,0.71,1583.73
ART_02499,126,82,10332,1.54,charcoal,realism,19,137,4.91,UAE,1,1,good,2001,221,0.89,0.57,0.83,0.86,0.85,0.58,0.49,0.87,3051.69
ART_02500,58,112,6496,0.52,gouache,portrait,20,118,3.48,Turkey,0,38,good,2009,108,0.99,0.76,0.80,0.49,0.82,0.62,0.27,0.84,1326.03
ART_02501,134,82,10988,1.63,ink,portrait,17,161,5.55,Canada,0,20,new,2008,120,0.99,0.66,0.87,0.72,0.86,0.50,0.33,0.54,2031.25
ART_02502,42,156,6552,0.27,acrylic,surrealism,20,328,4.69,Italy,0,59,excellent,2023,209,0.93,0.77,0.54,0.93,0.63,0.88,0.76,0.45,2015.43
ART_02503,92,75,6900,1.23,mixed_media,surrealism,16,262,4.56,UK,1,1,good,2018,103,0.85,0.76,0.41,0.90,0.86,0.71,0.78,0.68,3651.29
ART_02504,55,84,4620,0.65,digital,surrealism,0,0,4.40,Pakistan,1,1,excellent,1993,61,0.68,0.72,0.86,0.32,0.56,0.59,0.53,0.81,1264.38
ART_02505,156,156,24336,1.00,watercolor,minimalism,25,305,4.90,Germany,1,1,new,2002,136,0.99,0.89,0.54,0.58,0.99,0.83,0.31,0.62,8042.57
ART_02506,158,141,22278,1.12,acrylic,conceptual,13,25,4.83,USA,1,1,excellent,2010,182,0.91,0.63,0.32,0.67,0.62,0.67,0.30,0.75,5831.58
ART_02507,27,38,1026,0.71,digital,landscape,3,18,4.93,UAE,1,1,good,2015,188,0.63,0.71,0.82,0.62,0.91,0.94,0.73,0.63,461.22
ART_02508,80,98,7840,0.82,digital,surrealism,1,158,3.85,Bangladesh,1,1,good,2004,219,0.99,0.78,0.89,0.94,0.58,0.96,0.56,0.46,2221.89
ART_02509,27,122,3294,0.22,gouache,minimalism,11,277,4.23,Bangladesh,0,37,fair,2022,19,0.87,0.54,0.39,0.72,0.61,0.69,0.26,0.74,574.95
ART_02510,36,79,2844,0.46,digital,realism,10,6,4.70,India,1,1,new,1999,101,0.96,0.70,0.62,0.43,0.93,0.89,0.63,0.52,1139.57
ART_02511,63,142,8946,0.44,ink,conceptual,11,287,4.11,Japan,0,6,good,2004,212,0.85,0.81,0.83,0.87,0.55,0.69,0.78,0.94,2655.62
ART_02512,33,85,2805,0.39,ink,pop_art,22,52,3.80,Turkey,1,1,new,1990,74,0.94,0.74,0.55,0.39,0.91,0.62,0.68,0.68,1346.82
ART_02513,26,131,3406,0.20,watercolor,conceptual,20,335,3.70,Pakistan,0,83,new,2010,38,0.99,0.85,0.54,0.74,0.92,0.78,0.75,0.94,1287.42
ART_02514,47,133,6251,0.35,oil,abstract,1,251,3.57,India,1,1,new,2007,48,0.73,0.60,0.40,0.83,0.84,0.74,0.76,0.76,2537.26
ART_02515,51,154,7854,0.33,charcoal,abstract,5,385,5.12,UAE,1,1,fair,1993,54,0.99,0.88,0.74,0.41,0.77,0.64,0.89,0.47,2604.96
ART_02516,125,42,5250,2.98,mixed_media,impressionism,7,230,3.73,Canada,1,1,new,2017,206,0.81,0.64,0.58,0.41,0.93,0.63,0.74,0.42,2094.05
ART_02517,83,106,8798,0.78,charcoal,minimalism,13,124,3.47,UK,1,1,new,2026,173,0.99,0.62,0.81,0.63,0.99,0.99,0.74,0.74,2507.47
ART_02518,39,53,2067,0.74,ink,abstract,8,210,5.04,France,0,48,fair,1992,96,0.85,0.66,0.43,0.62,0.54,0.51,0.67,0.57,451.92
ART_02519,22,147,3234,0.15,ink,abstract,10,1,3.91,USA,1,1,new,2003,121,0.96,0.64,0.60,0.54,0.75,0.61,0.65,0.75,1370.55
ART_02520,158,113,17854,1.40,pastel,surrealism,2,395,3.11,Bangladesh,1,1,new,2021,116,0.99,0.63,0.59,0.44,0.68,0.95,0.71,0.82,4224.14
ART_02521,44,92,4048,0.48,digital,realism,3,271,4.59,Turkey,1,1,fair,1998,207,0.99,0.58,0.87,0.58,0.99,0.97,0.65,0.83,1613.92
ART_02522,102,155,15810,0.66,ink,conceptual,3,277,3.93,Japan,1,1,new,2019,161,0.81,0.82,0.60,0.68,0.80,0.76,0.31,0.44,2074.06
ART_02523,21,56,1176,0.38,oil,expressionism,4,156,4.71,Canada,1,1,good,2005,63,0.99,0.61,0.45,0.83,0.56,0.66,0.28,0.89,898.15
ART_02524,94,88,8272,1.07,pastel,realism,20,3,3.14,Pakistan,0,11,good,2004,34,0.70,0.79,0.74,0.66,0.72,0.87,0.94,0.88,1675.63
ART_02525,75,128,9600,0.59,gouache,abstract,15,28,3.42,UAE,1,1,excellent,2026,176,0.99,0.78,0.85,0.81,0.63,0.99,0.70,0.89,2428.97
ART_02526,60,59,3540,1.02,acrylic,minimalism,23,1,5.45,France,1,1,fair,2009,178,0.88,0.57,0.66,0.84,0.84,0.73,0.68,0.85,1968.38
ART_02527,105,114,11970,0.92,gouache,conceptual,3,4,2.78,India,1,1,new,1999,103,0.99,0.62,0.53,0.93,0.72,0.74,0.28,0.92,1852.01
ART_02528,50,91,4550,0.55,acrylic,surrealism,14,313,3.39,Germany,1,1,good,1994,195,0.97,0.71,0.46,0.55,0.62,0.79,0.77,0.66,2440.62
ART_02529,79,29,2291,2.72,digital,abstract,3,171,3.09,UK,0,80,excellent,1997,246,0.89,0.54,0.83,0.36,0.99,0.96,0.86,0.92,686.73
ART_02530,124,113,14012,1.10,oil,portrait,1,387,4.32,France,1,1,new,2024,247,0.84,0.57,0.61,0.79,0.67,0.80,0.36,0.68,5730.05
ART_02531,154,72,11088,2.14,digital,conceptual,13,337,5.19,Germany,1,1,fair,2022,37,0.98,0.94,0.69,0.87,0.69,0.70,0.42,0.88,3195.34
ART_02532,65,38,2470,1.71,digital,pop_art,23,155,4.82,UAE,1,1,fair,1991,160,0.99,0.69,0.87,0.86,0.98,0.99,0.47,0.86,1511.14
ART_02533,66,23,1518,2.87,charcoal,abstract,14,31,3.46,Italy,1,1,fair,2005,38,0.99,0.84,0.41,0.59,0.64,0.67,0.57,0.88,584.16
ART_02534,35,50,1750,0.70,pastel,expressionism,12,13,3.36,Canada,1,1,excellent,1991,118,0.99,0.64,0.61,0.61,0.88,0.64,0.62,0.44,634.27
ART_02535,94,119,11186,0.79,oil,conceptual,16,43,3.78,UAE,1,1,good,2011,60,0.83,0.82,0.50,0.43,0.81,0.98,0.38,0.95,4743.14
ART_02536,143,135,19305,1.06,charcoal,portrait,7,419,5.06,Germany,1,1,new,2011,196,0.99,0.84,0.73,0.45,0.99,0.71,0.47,0.63,5768.03
ART_02537,109,103,11227,1.06,gouache,surrealism,4,381,5.21,UK,1,1,excellent,1991,154,0.99,0.64,0.38,0.85,0.81,0.99,0.69,0.89,5014.50
ART_02538,85,74,6290,1.15,acrylic,pop_art,15,0,3.86,Italy,1,1,fair,1996,208,0.69,0.63,0.60,0.62,0.83,0.81,0.66,0.67,1662.19
ART_02539,128,61,7808,2.10,mixed_media,abstract,6,7,3.83,UAE,1,1,new,2023,153,0.82,0.75,0.49,0.31,0.76,0.62,0.51,0.63,2364.63
ART_02540,131,26,3406,5.04,pastel,conceptual,15,17,5.33,Germany,1,1,excellent,2019,12,0.99,0.92,0.86,0.73,0.58,0.85,0.72,0.54,1471.25
ART_02541,85,152,12920,0.56,ink,surrealism,21,44,5.13,Germany,1,1,new,2016,165,0.81,0.62,0.53,0.36,0.89,0.89,0.88,0.73,4395.00
ART_02542,35,54,1890,0.65,gouache,abstract,2,267,3.86,Bangladesh,0,58,good,2017,167,0.99,0.87,0.78,0.56,0.62,0.99,0.75,0.83,776.25
ART_02543,22,123,2706,0.18,digital,pop_art,24,171,5.28,UK,1,1,excellent,1990,245,0.99,0.88,0.80,0.94,0.87,0.99,0.94,0.58,1963.06
ART_02544,142,111,15762,1.28,charcoal,landscape,17,275,5.80,Bangladesh,1,1,excellent,2026,16,0.99,0.73,0.44,0.58,0.85,0.95,0.52,0.55,4230.95
ART_02545,57,25,1425,2.28,ink,portrait,14,138,4.71,India,0,32,fair,2016,125,0.96,0.51,0.59,0.90,0.99,0.59,0.70,0.86,613.82
ART_02546,129,42,5418,3.07,acrylic,conceptual,10,21,4.38,Pakistan,1,1,excellent,1997,129,0.88,0.96,0.85,0.55,0.79,0.82,0.32,0.54,2272.13
ART_02547,81,60,4860,1.35,mixed_media,surrealism,9,155,4.35,UK,1,1,fair,2002,111,0.99,0.95,0.88,0.38,0.57,0.80,0.39,0.73,2066.94
ART_02548,61,41,2501,1.49,digital,expressionism,20,36,3.15,Germany,1,1,fair,2017,102,0.99,0.87,0.62,0.42,0.78,0.86,0.67,0.87,931.00
ART_02549,29,32,928,0.91,mixed_media,conceptual,3,3,3.12,India,0,17,fair,2003,243,0.67,0.57,0.53,0.90,0.85,0.74,0.37,0.68,271.23
ART_02550,137,37,5069,3.70,pastel,expressionism,23,247,4.31,USA,1,1,excellent,2021,25,0.99,0.93,0.81,0.52,0.73,0.52,0.35,0.82,2372.53
ART_02551,103,51,5253,2.02,oil,pop_art,21,81,3.64,Pakistan,1,1,new,2024,65,0.99,0.78,0.49,0.64,0.67,0.53,0.39,0.72,2432.25
ART_02552,154,131,20174,1.18,charcoal,abstract,2,171,4.18,USA,1,1,new,1994,225,0.99,0.59,0.46,0.48,0.83,0.60,0.78,0.84,5557.02
ART_02553,69,28,1932,2.46,digital,surrealism,18,393,4.99,Pakistan,1,1,fair,2023,103,0.99,0.77,0.76,0.84,0.67,0.96,0.88,0.53,1180.84
ART_02554,33,58,1914,0.57,acrylic,impressionism,9,4,3.63,Canada,1,1,fair,2005,86,0.91,0.73,0.85,0.69,0.64,0.52,0.33,0.55,723.46
ART_02555,131,26,3406,5.04,pastel,pop_art,16,55,4.34,Pakistan,1,1,new,2004,83,0.99,0.86,0.48,0.36,0.87,0.86,0.25,0.62,1376.74
ART_02556,154,138,21252,1.12,ink,surrealism,2,413,4.61,Turkey,1,1,new,2026,152,0.96,0.72,0.67,0.83,0.57,0.95,0.57,0.83,5080.15
ART_02557,112,53,5936,2.11,pastel,abstract,9,6,3.40,Bangladesh,1,1,good,1990,129,0.88,0.73,0.76,0.50,0.99,0.73,0.43,0.68,1733.46
ART_02558,25,51,1275,0.49,mixed_media,abstract,16,322,3.71,France,1,1,good,2006,117,0.84,0.92,0.58,0.38,0.54,0.52,0.51,0.78,992.93
ART_02559,38,46,1748,0.83,acrylic,expressionism,24,74,3.29,USA,1,1,good,2007,177,0.99,0.81,0.63,0.87,0.99,0.90,0.66,0.72,1325.37
ART_02560,77,43,3311,1.79,watercolor,expressionism,1,273,3.91,UAE,1,1,excellent,2004,210,0.98,0.66,0.59,0.39,0.85,0.76,0.92,0.57,1316.98
ART_02561,40,101,4040,0.40,digital,pop_art,8,363,3.79,UK,1,1,new,2004,141,0.95,0.83,0.31,0.65,0.91,0.76,0.84,0.63,2044.96
ART_02562,128,46,5888,2.78,charcoal,conceptual,6,57,4.23,India,1,1,new,1990,199,0.93,0.82,0.41,0.35,0.85,0.85,0.70,0.98,2182.62
ART_02563,92,37,3404,2.49,charcoal,realism,24,221,4.77,Canada,1,1,excellent,2016,31,0.99,0.72,0.29,0.87,0.64,0.69,0.41,0.97,2162.55
ART_02564,153,66,10098,2.32,digital,abstract,6,0,4.82,Canada,1,1,excellent,2018,30,0.88,0.96,0.28,0.31,0.80,0.94,0.68,0.79,3192.89
ART_02565,131,91,11921,1.44,ink,minimalism,17,166,5.14,Italy,1,1,fair,2005,220,0.99,0.86,0.28,0.94,0.89,0.84,0.66,0.85,3224.14
ART_02566,84,28,2352,3.00,digital,surrealism,12,32,4.53,Pakistan,1,1,excellent,2022,166,0.80,0.84,0.44,0.90,0.99,0.50,0.66,0.59,996.67
ART_02567,24,136,3264,0.18,watercolor,surrealism,6,17,4.72,Turkey,1,1,excellent,2009,217,0.72,0.64,0.39,0.51,0.88,0.88,0.31,0.73,1414.47
ART_02568,146,100,14600,1.46,charcoal,landscape,4,278,3.44,India,0,47,fair,1991,164,0.99,0.82,0.45,0.82,0.66,0.52,0.55,0.56,1894.05
ART_02569,145,113,16385,1.28,ink,expressionism,19,329,4.94,Germany,1,1,new,2003,247,0.99,0.85,0.72,0.79,0.64,0.60,0.38,0.42,3940.02
ART_02570,63,122,7686,0.52,digital,conceptual,6,324,3.28,UK,0,56,excellent,1991,150,0.99,0.81,0.74,0.71,0.92,0.78,0.51,0.88,1707.28
ART_02571,132,21,2772,6.29,digital,minimalism,15,269,3.58,Canada,1,1,fair,1993,231,0.95,0.87,0.39,0.79,0.58,0.99,0.91,0.66,1206.67
ART_02572,61,142,8662,0.43,acrylic,landscape,23,0,3.56,Turkey,1,1,good,2008,136,0.99,0.82,0.67,0.75,0.81,0.98,0.78,0.53,3306.36
ART_02573,24,37,888,0.65,ink,minimalism,0,300,5.15,UAE,1,1,fair,2009,167,0.99,0.84,0.50,0.71,0.70,0.62,0.46,0.78,536.95
ART_02574,152,63,9576,2.41,gouache,abstract,12,324,4.86,Germany,1,1,fair,2026,14,0.89,0.70,0.83,0.85,0.57,0.56,0.26,0.92,2754.13
ART_02575,25,81,2025,0.31,acrylic,realism,19,32,3.33,Canada,1,1,excellent,2007,154,0.99,0.94,0.86,0.82,0.57,0.86,0.35,0.78,1354.09
ART_02576,24,70,1680,0.34,watercolor,abstract,17,231,3.58,UAE,0,42,excellent,2011,111,0.99,0.62,0.64,0.33,0.99,0.81,0.45,0.75,803.11
ART_02577,35,97,3395,0.36,acrylic,abstract,2,113,5.00,Pakistan,0,53,good,2009,239,0.80,0.69,0.81,0.63,0.90,0.92,0.86,0.82,1379.99
ART_02578,100,89,8900,1.12,digital,minimalism,12,88,4.76,UK,1,1,new,2021,83,0.76,0.72,0.82,0.75,0.75,0.89,0.74,0.92,2969.42
ART_02579,33,132,4356,0.25,acrylic,landscape,4,235,4.99,UK,1,1,fair,2005,148,0.99,0.60,0.76,0.66,0.68,0.90,0.49,0.81,2142.10
ART_02580,141,157,22137,0.90,mixed_media,pop_art,22,65,3.66,UAE,1,1,excellent,2017,102,0.96,0.70,0.82,0.72,0.56,0.66,0.67,0.66,5669.70
ART_02581,64,112,7168,0.57,gouache,portrait,21,154,3.88,India,1,1,excellent,2017,94,0.95,0.88,0.57,0.83,0.80,0.68,0.93,0.95,3539.02
ART_02582,78,36,2808,2.17,charcoal,realism,17,63,4.22,Bangladesh,1,1,excellent,2020,38,0.88,0.76,0.62,0.62,0.95,0.70,0.93,0.83,1192.46
ART_02583,156,63,9828,2.48,acrylic,landscape,1,20,3.45,USA,0,59,fair,2023,144,0.87,0.59,0.48,0.53,0.62,0.59,0.75,0.81,1274.64
ART_02584,107,50,5350,2.14,gouache,landscape,13,394,3.54,USA,0,25,good,2012,125,0.99,0.57,0.49,0.49,0.69,0.86,0.45,0.62,1377.59
ART_02585,140,42,5880,3.33,digital,expressionism,4,369,3.16,UK,1,1,excellent,2026,15,0.74,0.68,0.60,0.57,0.85,0.67,0.62,0.58,1609.39
ART_02586,75,94,7050,0.80,mixed_media,pop_art,9,192,3.71,Japan,1,1,excellent,2014,221,0.99,0.84,0.75,0.44,0.72,0.77,0.81,0.56,2963.18
ART_02587,83,73,6059,1.14,mixed_media,landscape,18,98,3.54,Japan,0,7,good,2005,31,0.82,0.63,0.89,0.73,0.99,0.67,0.52,0.66,1808.54
ART_02588,73,143,10439,0.51,oil,portrait,10,282,4.71,USA,1,1,excellent,1997,75,0.99,0.86,0.87,0.74,0.98,0.63,0.67,0.87,6090.58
ART_02589,130,37,4810,3.51,pastel,minimalism,14,29,4.86,UAE,1,1,new,2005,24,0.93,0.73,0.50,0.92,0.56,0.57,0.79,0.81,1981.37
ART_02590,69,65,4485,1.06,pastel,expressionism,3,335,5.41,Germany,0,28,good,2020,230,0.99,0.70,0.88,0.87,0.95,0.90,0.62,0.95,2008.66
ART_02591,78,41,3198,1.90,gouache,portrait,0,139,3.28,Pakistan,0,33,excellent,1997,41,0.75,0.72,0.73,0.93,0.75,0.95,0.95,0.58,728.13
ART_02592,142,100,14200,1.42,pastel,conceptual,21,13,3.11,India,0,80,new,1998,77,0.99,0.49,0.50,0.39,0.82,0.72,0.47,0.41,1409.90
ART_02593,140,148,20720,0.95,charcoal,landscape,6,238,5.23,Germany,1,1,new,2020,209,0.98,0.96,0.40,0.51,0.67,0.68,0.46,0.84,5451.63
ART_02594,33,109,3597,0.30,pastel,abstract,14,93,4.97,Italy,1,1,excellent,2014,197,0.77,0.82,0.56,0.60,0.69,0.93,0.35,0.63,1790.26
ART_02595,124,136,16864,0.91,gouache,minimalism,2,11,5.04,UAE,1,1,good,2005,80,0.76,0.72,0.71,0.44,0.99,0.74,0.83,0.47,2790.83
ART_02596,93,160,14880,0.58,charcoal,impressionism,2,118,5.19,USA,1,1,new,2007,216,0.95,0.64,0.54,0.80,0.96,0.67,0.42,0.63,3993.27
ART_02597,42,108,4536,0.39,digital,expressionism,8,185,4.76,USA,1,1,excellent,1996,117,0.95,0.89,0.86,0.34,0.98,0.52,0.68,0.73,2418.37
ART_02598,101,124,12524,0.81,ink,abstract,23,0,3.87,Germany,1,1,good,1995,239,0.98,0.61,0.79,0.67,0.56,0.83,0.63,0.55,2374.86
ART_02599,159,76,12084,2.09,watercolor,pop_art,19,24,4.00,India,1,1,new,1994,84,0.99,0.69,0.60,0.80,0.99,0.53,0.50,0.86,3965.53
ART_02600,136,111,15096,1.23,mixed_media,landscape,8,53,4.93,UAE,1,1,excellent,2021,212,0.99,0.92,0.73,0.73,0.62,0.84,0.50,0.46,3863.76
ART_02601,57,153,8721,0.37,watercolor,expressionism,24,32,5.33,Pakistan,1,1,new,2001,192,0.99,0.57,0.43,0.51,0.84,0.67,0.90,0.46,3453.78
ART_02602,84,72,6048,1.17,gouache,portrait,5,5,4.31,India,1,1,good,2018,205,0.59,0.88,0.37,0.55,0.75,0.58,0.27,0.77,1079.40
ART_02603,134,134,17956,1.00,watercolor,pop_art,15,195,4.01,Italy,0,53,good,1996,230,0.99,0.77,0.41,0.76,0.73,0.82,0.28,0.42,2876.07
ART_02604,69,48,3312,1.44,oil,realism,12,3,3.81,UAE,1,1,good,2024,60,0.91,0.74,0.81,0.82,0.72,0.95,0.60,0.92,1529.35
ART_02605,106,102,10812,1.04,pastel,landscape,22,382,4.94,Japan,1,1,excellent,2009,173,0.99,0.61,0.70,0.35,0.57,0.53,0.44,0.83,4280.38
ART_02606,115,59,6785,1.95,pastel,abstract,25,375,4.45,UK,0,77,new,2005,148,0.99,0.77,0.69,0.68,0.79,0.61,0.28,0.42,1818.90
ART_02607,90,94,8460,0.96,oil,pop_art,20,8,5.04,Canada,0,35,fair,2020,73,0.91,0.56,0.30,0.51,0.80,0.70,0.43,0.83,2002.78
ART_02608,39,45,1755,0.87,charcoal,expressionism,0,278,3.83,France,0,64,excellent,1990,97,0.72,0.48,0.38,0.89,0.58,0.79,0.83,0.66,519.49
ART_02609,125,122,15250,1.02,pastel,realism,10,87,4.19,UAE,1,1,excellent,2023,46,0.99,0.64,0.82,0.87,0.97,0.79,0.84,0.53,3673.91
ART_02610,47,68,3196,0.69,gouache,surrealism,19,96,3.26,USA,1,1,new,2008,101,0.96,0.73,0.89,0.47,0.99,0.76,0.82,0.83,1677.16
ART_02611,50,98,4900,0.51,mixed_media,landscape,16,0,3.55,India,1,1,excellent,1999,97,0.80,0.59,0.60,0.37,0.71,0.61,0.58,0.43,1452.13
ART_02612,147,114,16758,1.29,digital,realism,15,46,4.12,Turkey,0,19,good,1998,17,0.99,0.48,0.48,0.35,0.63,0.67,0.74,0.44,2255.69
ART_02613,50,36,1800,1.39,oil,realism,7,330,4.28,Italy,0,9,fair,2022,79,0.76,0.53,0.87,0.72,0.97,0.48,0.79,0.88,1140.80
ART_02614,23,31,713,0.74,pastel,conceptual,7,178,3.94,Canada,1,1,new,2000,240,0.92,0.74,0.51,0.40,0.86,0.81,0.85,0.49,571.71
ART_02615,81,96,7776,0.84,digital,surrealism,1,52,3.53,France,1,1,excellent,2004,117,0.84,0.80,0.87,0.48,0.75,0.52,0.34,0.47,1538.25
ART_02616,130,152,19760,0.86,ink,pop_art,10,133,4.92,USA,1,1,new,2022,210,0.87,0.69,0.79,0.83,0.68,0.70,0.39,0.78,3393.20
ART_02617,115,77,8855,1.49,watercolor,pop_art,11,4,5.19,Turkey,1,1,excellent,2011,86,0.78,0.96,0.51,0.63,0.99,0.66,0.81,0.72,2800.25
ART_02618,105,71,7455,1.48,ink,minimalism,24,38,3.15,USA,0,52,good,2006,57,0.99,0.59,0.66,0.67,0.66,0.92,0.30,0.85,1326.54
ART_02619,79,146,11534,0.54,gouache,abstract,16,7,3.28,France,1,1,good,2000,35,0.81,0.66,0.31,0.93,0.61,0.54,0.66,0.76,1920.53
ART_02620,138,118,16284,1.17,mixed_media,conceptual,13,349,4.48,Germany,1,1,fair,2019,41,0.99,0.59,0.79,0.57,0.76,0.50,0.57,0.49,3829.58
ART_02621,124,145,17980,0.86,pastel,surrealism,23,318,5.00,Japan,1,1,excellent,2019,26,0.99,0.78,0.39,0.59,0.62,0.55,0.26,0.74,4718.73
ART_02622,65,114,7410,0.57,watercolor,landscape,12,0,3.77,Bangladesh,1,1,new,1999,51,0.61,0.81,0.55,0.53,0.85,0.58,0.33,0.68,1773.93
ART_02623,88,106,9328,0.83,gouache,impressionism,0,69,4.69,India,0,75,fair,2026,226,0.99,0.61,0.65,0.63,0.67,0.81,0.84,0.71,1150.92
ART_02624,130,154,20020,0.84,mixed_media,expressionism,17,303,5.59,India,1,1,fair,2021,181,0.93,0.62,0.37,0.38,0.96,0.87,0.38,0.56,5987.73
ART_02625,133,139,18487,0.96,digital,landscape,5,237,4.08,France,0,39,fair,1995,34,0.90,0.83,0.73,0.71,0.82,0.50,0.71,0.74,2131.28
ART_02626,136,101,13736,1.35,digital,realism,6,276,3.91,Japan,1,1,excellent,2012,182,0.99,0.69,0.88,0.66,0.88,0.65,0.95,0.62,3652.53
ART_02627,148,28,4144,5.29,watercolor,expressionism,2,3,3.31,USA,0,73,good,2006,127,0.91,0.73,0.49,0.41,0.73,0.86,0.40,0.47,576.53
ART_02628,63,106,6678,0.59,pastel,landscape,20,0,4.88,USA,1,1,good,2021,167,0.98,0.67,0.79,0.75,0.92,0.67,0.48,0.92,2514.95
ART_02629,150,87,13050,1.72,watercolor,realism,7,40,3.50,France,1,1,new,1996,12,0.99,0.90,0.88,0.68,0.57,0.56,0.72,0.55,2940.33
ART_02630,91,103,9373,0.88,watercolor,expressionism,20,336,4.52,Pakistan,0,13,good,2016,50,0.97,0.61,0.63,0.73,0.77,0.72,0.90,0.66,2694.99
ART_02631,69,153,10557,0.45,acrylic,minimalism,16,1,3.96,France,1,1,new,2003,88,0.80,0.79,0.76,0.33,0.92,0.50,0.91,0.88,3376.09
ART_02632,155,128,19840,1.21,pastel,minimalism,8,8,4.56,France,0,17,excellent,2009,93,0.73,0.84,0.86,0.50,0.90,0.79,0.91,0.85,3734.33
ART_02633,62,61,3782,1.02,acrylic,expressionism,6,17,4.71,France,1,1,good,2002,217,0.64,0.63,0.73,0.65,0.73,0.78,0.71,0.92,1612.42
ART_02634,67,71,4757,0.94,mixed_media,expressionism,9,143,4.82,Canada,1,1,fair,2015,210,0.99,0.92,0.53,0.51,0.58,0.91,0.46,0.73,2153.53
ART_02635,132,100,13200,1.32,watercolor,abstract,5,38,4.32,USA,1,1,excellent,2011,198,0.96,0.70,0.80,0.89,0.70,0.84,0.35,0.67,3501.47
ART_02636,99,79,7821,1.25,acrylic,realism,21,257,4.57,USA,1,1,fair,2004,240,0.99,0.61,0.89,0.73,0.99,0.77,0.30,0.63,3495.47
ART_02637,156,105,16380,1.49,gouache,realism,14,234,4.90,India,1,1,fair,2020,30,0.99,0.90,0.74,0.92,0.98,0.51,0.96,0.95,4953.57
ART_02638,114,67,7638,1.70,acrylic,pop_art,3,349,4.35,UAE,0,19,good,2015,233,0.86,0.67,0.36,0.45,0.80,0.62,0.70,0.61,2539.14
ART_02639,136,116,15776,1.17,oil,impressionism,19,320,5.17,Pakistan,1,1,excellent,2003,129,0.89,0.61,0.61,0.31,0.73,0.55,0.31,0.86,8811.62
ART_02640,55,73,4015,0.75,acrylic,impressionism,24,247,5.11,USA,1,1,good,2022,199,0.99,0.70,0.66,0.52,0.73,0.52,0.27,0.67,2225.44
ART_02641,21,103,2163,0.20,ink,realism,12,12,4.93,Germany,0,49,good,2008,215,0.99,0.72,0.33,0.85,0.95,0.53,0.69,0.45,521.63
ART_02642,103,59,6077,1.75,watercolor,realism,16,99,5.02,Bangladesh,0,42,excellent,2006,76,0.99,0.54,0.62,0.95,0.97,0.68,0.53,0.63,1454.62
ART_02643,150,57,8550,2.63,gouache,pop_art,11,385,5.73,USA,0,40,fair,2025,225,0.86,0.68,0.84,0.32,0.74,0.80,0.39,0.83,1656.31
ART_02644,135,125,16875,1.08,ink,abstract,11,245,4.61,Japan,1,1,new,2016,16,0.99,0.78,0.32,0.46,0.90,0.98,0.39,0.54,3432.53
ART_02645,156,113,17628,1.38,acrylic,conceptual,5,201,5.27,Pakistan,1,1,excellent,2023,117,0.85,0.86,0.72,0.45,0.98,0.82,0.60,0.43,3717.54
ART_02646,127,92,11684,1.38,oil,abstract,9,40,2.97,France,0,9,good,1994,150,0.99,0.87,0.85,0.55,0.82,0.68,0.26,0.62,2829.60
ART_02647,152,99,15048,1.54,acrylic,impressionism,18,114,4.14,Pakistan,0,26,good,2014,182,0.99,0.61,0.38,0.38,0.68,0.84,0.35,0.92,4207.11
ART_02648,142,124,17608,1.15,digital,surrealism,14,358,5.77,France,1,1,new,2023,175,0.99,0.71,0.53,0.87,0.86,0.56,0.63,0.73,5834.73
ART_02649,50,27,1350,1.85,charcoal,abstract,2,158,2.96,Pakistan,1,1,excellent,2004,153,0.99,0.90,0.63,0.87,0.99,0.74,0.89,0.42,636.38
ART_02650,61,120,7320,0.51,gouache,pop_art,25,206,4.97,Japan,0,24,new,2016,203,0.99,0.57,0.38,0.62,0.63,0.83,0.58,0.61,2319.62
ART_02651,108,93,10044,1.16,gouache,surrealism,8,149,4.90,UAE,0,45,good,2018,149,0.97,0.86,0.77,0.74,0.72,0.79,0.29,0.41,1444.91
ART_02652,44,86,3784,0.51,ink,landscape,4,402,3.96,Turkey,1,1,excellent,1994,78,0.91,0.75,0.39,0.43,0.90,0.68,0.79,0.81,1981.18
ART_02653,151,78,11778,1.94,oil,portrait,19,274,4.57,Turkey,1,1,excellent,2021,69,0.99,0.75,0.83,0.40,0.94,0.57,0.81,0.67,6432.08
ART_02654,70,120,8400,0.58,ink,realism,12,119,4.55,France,0,10,excellent,2007,174,0.85,0.53,0.90,0.41,0.91,0.73,0.84,0.89,2634.76
ART_02655,56,82,4592,0.68,acrylic,landscape,6,359,4.76,Canada,1,1,new,1996,130,0.76,0.96,0.86,0.87,0.98,0.98,0.48,0.67,3417.78
ART_02656,140,34,4760,4.12,ink,impressionism,20,228,5.65,Germany,0,27,new,2001,236,0.99,0.81,0.30,0.64,0.99,0.97,0.51,0.76,2643.42
ART_02657,64,154,9856,0.42,digital,expressionism,2,58,4.84,Italy,1,1,good,2022,72,0.69,0.67,0.75,0.70,0.87,0.77,0.42,0.57,1709.73
ART_02658,35,142,4970,0.25,oil,pop_art,12,180,4.50,Italy,1,1,good,2024,130,0.87,0.78,0.57,0.86,0.60,0.66,0.52,0.84,2152.57
ART_02659,55,62,3410,0.89,pastel,expressionism,9,363,4.88,India,1,1,excellent,2005,80,0.80,0.94,0.89,0.47,0.58,0.75,0.45,0.48,1344.17
ART_02660,86,140,12040,0.61,watercolor,pop_art,23,29,3.67,Pakistan,0,42,good,2003,29,0.99,0.59,0.32,0.67,0.64,0.90,0.77,0.73,2402.47
ART_02661,62,25,1550,2.48,acrylic,conceptual,19,154,4.54,Italy,1,1,good,1995,102,0.96,0.66,0.47,0.64,0.59,0.99,0.30,0.55,1044.83
ART_02662,139,106,14734,1.31,gouache,abstract,23,220,5.55,France,0,53,fair,2022,204,0.99,0.83,0.58,0.50,0.88,0.84,0.79,0.95,3865.70
ART_02663,109,93,10137,1.17,digital,surrealism,2,373,4.94,Japan,0,28,fair,2004,111,0.93,0.75,0.64,0.36,0.67,0.62,0.51,0.63,2262.54
ART_02664,139,30,4170,4.63,acrylic,abstract,3,287,4.55,Germany,1,1,fair,2023,74,0.99,0.88,0.56,0.70,0.94,0.56,0.88,0.56,1568.25
ART_02665,137,130,17810,1.05,ink,pop_art,23,299,3.77,Pakistan,0,84,fair,2002,168,0.96,0.67,0.53,0.47,0.95,0.84,0.60,0.74,2545.41
ART_02666,44,60,2640,0.73,pastel,impressionism,22,0,3.35,Italy,1,1,fair,2019,208,0.87,0.63,0.53,0.32,0.55,0.53,0.95,0.42,703.48
ART_02667,90,23,2070,3.91,digital,portrait,6,192,5.11,Turkey,0,31,fair,2007,139,0.78,0.73,0.74,0.86,0.88,0.74,0.42,0.58,578.84
ART_02668,90,25,2250,3.60,acrylic,realism,23,288,4.32,UAE,1,1,new,2009,197,0.99,0.91,0.38,0.38,0.76,0.67,0.47,0.64,1946.05
ART_02669,105,152,15960,0.69,ink,abstract,22,315,4.53,Turkey,1,1,new,2006,200,0.99,0.85,0.66,0.86,0.83,0.66,0.84,0.46,5465.89
ART_02670,85,44,3740,1.93,ink,conceptual,7,371,4.18,Turkey,1,1,fair,2005,32,0.99,0.85,0.52,0.63,0.92,0.98,0.86,0.56,1439.14
ART_02671,41,152,6232,0.27,mixed_media,conceptual,22,307,5.76,Pakistan,1,1,good,2007,100,0.99,0.74,0.64,0.35,0.75,0.62,0.43,0.47,3025.56
ART_02672,56,112,6272,0.50,watercolor,expressionism,9,1,2.85,UK,0,15,new,2007,83,0.71,0.82,0.46,0.42,0.97,0.77,0.76,0.85,1405.96
ART_02673,99,139,13761,0.71,acrylic,surrealism,12,166,3.64,Pakistan,0,6,new,2026,93,0.88,0.72,0.54,0.82,0.86,0.98,0.50,0.75,4107.33
ART_02674,114,159,18126,0.72,charcoal,portrait,2,214,4.22,UK,1,1,good,2013,116,0.84,0.69,0.48,0.93,0.79,0.75,0.34,0.79,2897.10
ART_02675,45,29,1305,1.55,digital,abstract,3,70,2.71,USA,0,45,fair,1995,90,0.97,0.71,0.43,0.75,0.76,0.71,0.76,0.75,395.59
ART_02676,61,75,4575,0.81,oil,expressionism,9,0,3.55,India,1,1,fair,2010,123,0.97,0.62,0.63,0.49,0.85,0.65,0.36,0.48,1389.30
ART_02677,85,54,4590,1.57,watercolor,abstract,0,122,3.03,Canada,1,1,excellent,2012,45,0.87,0.63,0.36,0.82,0.65,0.61,0.54,0.71,1335.06
ART_02678,23,118,2714,0.19,mixed_media,pop_art,7,7,4.39,India,1,1,new,1990,200,0.90,0.66,0.44,0.84,0.88,0.55,0.44,0.82,1509.18
ART_02679,105,120,12600,0.88,charcoal,abstract,11,229,3.78,Japan,1,1,new,2021,228,0.99,0.86,0.55,0.82,0.70,0.89,0.81,0.95,5034.92
ART_02680,111,124,13764,0.90,gouache,minimalism,14,56,5.25,India,1,1,good,1991,26,0.82,0.60,0.75,0.72,0.60,0.90,0.58,0.76,3564.82
ART_02681,104,82,8528,1.27,ink,impressionism,12,42,4.54,France,0,41,excellent,2019,159,0.87,0.58,0.35,0.32,0.78,0.59,0.67,0.75,1481.54
ART_02682,111,78,8658,1.42,pastel,impressionism,4,13,2.99,Italy,1,1,fair,2018,246,0.93,0.94,0.59,0.58,0.99,0.65,0.75,0.75,1931.00
ART_02683,94,136,12784,0.69,charcoal,abstract,10,224,5.07,USA,0,68,new,1998,217,0.99,0.81,0.42,0.44,0.68,0.81,0.79,0.44,2697.85
ART_02684,121,112,13552,1.08,ink,minimalism,15,12,4.03,Germany,1,1,fair,2009,153,0.91,0.73,0.39,0.40,0.99,0.69,0.55,0.65,2456.43
ART_02685,148,79,11692,1.87,charcoal,landscape,8,381,5.13,Turkey,1,1,new,1992,113,0.99,0.85,0.32,0.38,0.98,0.82,0.65,0.52,4619.79
ART_02686,144,72,10368,2.00,ink,abstract,19,176,4.43,Pakistan,1,1,fair,2006,85,0.99,0.68,0.72,0.69,0.60,0.63,0.26,0.55,2381.02
ART_02687,153,142,21726,1.08,ink,pop_art,16,59,4.97,Canada,1,1,fair,2016,73,0.99,0.94,0.77,0.78,0.99,0.59,0.50,0.78,4263.13
ART_02688,54,83,4482,0.65,digital,realism,1,280,3.08,UK,0,79,good,2009,118,0.93,0.76,0.56,0.67,0.75,0.95,0.75,0.74,1026.69
ART_02689,148,52,7696,2.85,digital,landscape,13,3,3.01,India,0,18,excellent,2023,43,0.99,0.60,0.81,0.66,0.67,0.65,0.92,0.96,1284.52
ART_02690,58,51,2958,1.14,oil,pop_art,11,110,5.33,Japan,1,1,new,2009,111,0.99,0.66,0.69,0.67,0.57,0.86,0.95,0.92,2615.45
ART_02691,152,37,5624,4.11,charcoal,landscape,22,155,5.15,Germany,1,1,good,2009,179,0.98,0.56,0.73,0.80,0.78,0.96,0.93,0.54,2244.64
ART_02692,159,62,9858,2.56,oil,conceptual,18,261,3.98,UAE,1,1,good,2010,165,0.99,0.93,0.55,0.79,0.58,0.86,0.68,0.88,6012.85
ART_02693,148,20,2960,7.40,digital,realism,18,298,4.86,UAE,0,43,excellent,1991,133,0.92,0.63,0.74,0.51,0.99,0.85,0.91,0.46,1406.87
ART_02694,90,126,11340,0.71,watercolor,pop_art,11,279,3.63,Japan,1,1,excellent,2000,150,0.91,0.66,0.81,0.90,0.71,0.50,0.81,0.95,3335.17
ART_02695,135,79,10665,1.71,oil,surrealism,0,287,5.47,Italy,0,44,fair,2025,220,0.74,0.70,0.81,0.37,0.67,0.88,0.39,0.67,2826.35
ART_02696,124,51,6324,2.43,charcoal,abstract,14,23,4.97,Bangladesh,1,1,good,2001,202,0.82,0.61,0.82,0.93,0.59,0.76,0.75,0.55,1506.15
ART_02697,33,53,1749,0.62,acrylic,expressionism,22,145,3.51,Italy,1,1,fair,2019,93,0.99,0.69,0.39,0.35,0.70,0.67,0.82,0.57,807.37
ART_02698,108,23,2484,4.70,mixed_media,portrait,13,342,4.66,France,0,37,new,1994,210,0.85,0.67,0.82,0.31,0.98,0.81,0.26,0.48,1597.15
ART_02699,79,151,11929,0.52,acrylic,expressionism,16,49,4.68,UK,1,1,fair,2003,120,0.82,0.70,0.55,0.88,0.72,0.63,0.45,0.65,2696.62
ART_02700,36,76,2736,0.47,mixed_media,minimalism,5,46,3.67,UAE,1,1,fair,2022,39,0.92,0.82,0.54,0.78,0.59,0.63,0.29,0.57,776.73
ART_02701,135,23,3105,5.87,pastel,impressionism,18,217,4.06,Bangladesh,1,1,excellent,2015,194,0.90,0.87,0.29,0.74,0.54,0.50,0.84,0.86,1647.33
ART_02702,28,94,2632,0.30,ink,expressionism,3,92,4.72,Italy,0,50,excellent,2026,26,0.99,0.67,0.67,0.70,0.92,0.90,0.69,0.71,696.87
ART_02703,25,110,2750,0.23,acrylic,abstract,0,122,2.86,Italy,1,1,good,2026,137,0.99,0.60,0.33,0.70,0.56,0.61,0.42,0.47,665.24
ART_02704,93,145,13485,0.64,pastel,conceptual,0,2,2.99,Bangladesh,1,1,fair,1993,88,0.80,0.83,0.30,0.43,0.67,0.53,0.56,0.47,1241.47
ART_02705,32,32,1024,1.00,ink,conceptual,13,22,4.19,USA,1,1,excellent,2012,91,0.80,0.92,0.86,0.77,0.80,0.93,0.47,0.56,450.23
ART_02706,62,50,3100,1.24,mixed_media,expressionism,11,45,4.81,India,1,1,good,2002,221,0.87,0.61,0.62,0.50,0.83,0.63,0.45,0.73,1794.22
ART_02707,42,73,3066,0.58,watercolor,portrait,20,50,5.20,Italy,0,64,good,1990,224,0.99,0.54,0.66,0.37,0.72,0.83,0.82,0.49,873.68
ART_02708,118,32,3776,3.69,gouache,portrait,1,8,4.94,India,0,11,new,2019,97,0.74,0.53,0.40,0.71,0.55,0.86,0.78,0.73,724.81
ART_02709,127,104,13208,1.22,watercolor,pop_art,15,57,4.41,USA,1,1,new,2024,109,0.99,0.78,0.71,0.79,0.85,0.87,0.83,0.81,3976.51
ART_02710,95,116,11020,0.82,charcoal,expressionism,4,75,5.01,UAE,1,1,excellent,1995,38,0.91,0.78,0.70,0.76,0.66,0.68,0.71,0.96,2750.96
ART_02711,120,101,12120,1.19,charcoal,abstract,19,195,4.26,Japan,1,1,fair,2018,220,0.99,0.68,0.77,0.75,0.99,0.98,0.82,0.59,3179.62
ART_02712,55,115,6325,0.48,oil,landscape,7,14,3.67,UAE,1,1,new,1994,16,0.70,0.58,0.39,0.90,0.57,0.98,0.58,0.63,1965.68
ART_02713,122,66,8052,1.85,digital,pop_art,25,2,4.33,Pakistan,1,1,fair,1994,107,0.99,0.68,0.44,0.40,0.55,0.79,0.73,0.88,2833.02
ART_02714,43,79,3397,0.54,acrylic,portrait,15,206,3.97,Japan,1,1,good,2013,238,0.91,0.63,0.63,0.62,0.88,0.88,0.36,0.62,1781.19
ART_02715,121,39,4719,3.10,digital,surrealism,21,207,5.56,Bangladesh,1,1,new,1994,208,0.99,0.75,0.70,0.44,0.61,0.56,0.79,0.93,3463.78
ART_02716,52,43,2236,1.21,ink,abstract,1,99,5.07,UAE,1,1,new,2021,11,0.74,0.75,0.47,0.59,0.92,0.77,0.86,0.46,683.87
ART_02717,59,104,6136,0.57,charcoal,impressionism,25,9,4.71,Turkey,1,1,good,1995,116,0.99,0.82,0.63,0.57,0.97,0.97,0.81,0.88,2943.72
ART_02718,153,143,21879,1.07,oil,expressionism,21,320,3.94,Italy,1,1,good,1995,190,0.99,0.94,0.76,0.80,0.77,0.78,0.69,0.55,10059.89
ART_02719,152,63,9576,2.41,oil,realism,15,10,4.54,Turkey,1,1,good,2002,171,0.99,0.72,0.30,0.37,0.63,0.75,0.80,0.82,4923.45
ART_02720,153,138,21114,1.11,digital,minimalism,18,275,4.62,Bangladesh,1,1,new,2026,23,0.99,0.69,0.70,0.38,0.64,0.66,0.90,0.65,4999.30
ART_02721,100,73,7300,1.37,digital,impressionism,22,194,4.95,Turkey,1,1,excellent,1997,236,0.99,0.58,0.73,0.48,0.56,0.91,0.47,0.82,3203.90
ART_02722,82,137,11234,0.60,acrylic,surrealism,17,269,5.54,France,1,1,excellent,1999,144,0.99,0.70,0.73,0.74,0.86,0.68,0.36,0.63,6493.71
ART_02723,98,41,4018,2.39,acrylic,pop_art,15,79,4.57,France,1,1,good,1997,200,0.99,0.83,0.68,0.61,0.83,0.58,0.79,0.41,2179.25
ART_02724,142,37,5254,3.84,ink,realism,9,246,3.28,USA,1,1,new,2000,203,0.93,0.61,0.72,0.36,0.57,0.69,0.88,0.95,2054.28
ART_02725,91,51,4641,1.78,gouache,surrealism,3,287,4.94,Canada,1,1,excellent,2015,120,0.99,0.76,0.62,0.94,0.99,0.76,0.88,0.79,2758.50
ART_02726,158,133,21014,1.19,gouache,landscape,24,88,4.02,UK,1,1,excellent,2019,115,0.99,0.81,0.74,0.56,0.82,0.72,0.61,0.58,3920.41
ART_02727,88,99,8712,0.89,pastel,minimalism,19,397,3.72,Italy,0,18,excellent,2004,48,0.99,0.62,0.47,0.85,0.83,0.96,0.51,0.42,1796.04
ART_02728,51,61,3111,0.84,watercolor,landscape,3,17,3.18,Bangladesh,0,20,new,1993,156,0.74,0.70,0.59,0.43,0.65,0.96,0.39,0.53,656.20
ART_02729,54,90,4860,0.60,pastel,portrait,21,11,4.70,Canada,1,1,excellent,2014,44,0.76,0.80,0.34,0.65,0.63,0.73,0.33,0.89,1675.51
ART_02730,141,70,9870,2.01,ink,minimalism,2,109,4.92,Turkey,1,1,excellent,1995,109,0.72,0.58,0.41,0.87,0.73,0.95,0.45,0.86,2305.64
ART_02731,146,106,15476,1.38,acrylic,impressionism,3,109,2.89,Turkey,1,1,good,2005,175,0.74,0.85,0.48,0.79,0.60,0.60,0.44,0.75,2951.76
ART_02732,154,120,18480,1.28,acrylic,portrait,24,23,5.28,France,0,60,good,2011,80,0.93,0.85,0.56,0.41,0.84,0.74,0.53,0.73,3579.76
ART_02733,119,129,15351,0.92,digital,minimalism,17,277,5.47,USA,0,82,good,2010,193,0.99,0.66,0.51,0.74,0.90,0.99,0.53,0.77,2978.52
ART_02734,94,20,1880,4.70,oil,conceptual,18,35,4.69,Bangladesh,0,44,new,2005,144,0.82,0.57,0.49,0.30,0.99,0.57,0.78,0.72,1099.76
ART_02735,41,73,2993,0.56,mixed_media,conceptual,15,31,4.34,Germany,1,1,excellent,2012,163,0.88,0.84,0.73,0.63,0.88,0.55,0.71,0.56,1736.45
ART_02736,100,57,5700,1.75,mixed_media,conceptual,1,389,5.25,India,0,73,new,2022,139,0.88,0.62,0.37,0.94,0.99,0.65,0.88,0.83,2027.93
ART_02737,46,99,4554,0.46,ink,expressionism,12,10,3.77,UK,1,1,good,2011,170,0.76,0.63,0.36,0.38,0.74,0.69,0.64,0.52,1090.89
ART_02738,107,112,11984,0.96,charcoal,abstract,17,185,3.45,Italy,1,1,excellent,1991,190,0.94,0.85,0.35,0.59,0.55,0.77,0.25,0.72,3418.36
ART_02739,106,100,10600,1.06,pastel,expressionism,14,262,4.01,Pakistan,1,1,excellent,2014,88,0.90,0.90,0.74,0.54,0.97,0.55,0.35,0.72,3206.39
ART_02740,50,100,5000,0.50,digital,minimalism,11,115,3.43,Turkey,0,42,fair,2000,188,0.87,0.68,0.63,0.63,0.73,0.88,0.96,0.68,1017.19
ART_02741,144,21,3024,6.86,digital,landscape,1,402,4.41,Bangladesh,1,1,fair,2018,238,0.99,0.89,0.48,0.41,0.74,0.56,0.71,0.94,1623.88
ART_02742,102,89,9078,1.15,ink,impressionism,7,0,4.69,Japan,1,1,fair,2011,124,0.75,0.74,0.80,0.41,0.86,0.63,0.47,0.74,1693.17
ART_02743,112,57,6384,1.96,ink,landscape,9,7,5.00,India,1,1,new,2019,155,0.93,0.58,0.38,0.62,0.91,0.91,0.74,0.59,1621.44
ART_02744,53,130,6890,0.41,mixed_media,abstract,18,29,4.93,France,1,1,fair,2022,177,0.99,0.89,0.71,0.50,0.99,0.90,0.61,0.94,3171.49
ART_02745,33,75,2475,0.44,mixed_media,conceptual,0,251,4.82,France,0,66,fair,2019,217,0.81,0.56,0.83,0.65,0.96,0.51,0.66,0.41,481.50
ART_02746,151,55,8305,2.75,digital,minimalism,0,94,4.86,Turkey,0,14,new,1992,132,0.82,0.59,0.60,0.81,0.80,0.63,0.84,0.44,1668.79
ART_02747,27,51,1377,0.53,pastel,abstract,23,304,4.06,Germany,1,1,good,2011,238,0.99,0.80,0.55,0.80,0.70,0.70,0.49,0.96,1506.22
ART_02748,154,149,22946,1.03,digital,minimalism,10,92,5.25,UK,1,1,good,1991,46,0.99,0.94,0.48,0.63,0.62,0.52,0.47,0.59,3552.50
ART_02749,124,39,4836,3.18,watercolor,minimalism,24,230,4.53,Japan,0,35,excellent,2024,57,0.99,0.53,0.84,0.41,0.82,0.97,0.87,0.46,1442.68
ART_02750,134,22,2948,6.09,pastel,landscape,23,136,5.28,UK,1,1,fair,2026,192,0.98,0.66,0.34,0.61,0.60,0.64,0.54,0.75,1318.09
ART_02751,56,84,4704,0.67,ink,realism,20,338,4.13,Bangladesh,1,1,good,2012,228,0.97,0.93,0.89,0.35,0.90,0.74,0.83,0.83,2677.93
ART_02752,143,27,3861,5.30,mixed_media,expressionism,23,359,5.69,UAE,0,69,fair,2009,99,0.99,0.78,0.46,0.51,0.80,0.64,0.94,0.94,2126.14
ART_02753,64,95,6080,0.67,ink,surrealism,16,402,3.96,Italy,1,1,excellent,1997,234,0.84,0.75,0.64,0.92,0.70,0.94,0.52,0.64,2656.29
ART_02754,100,28,2800,3.57,oil,realism,2,62,4.69,Japan,0,60,excellent,2017,98,0.99,0.84,0.63,0.76,0.72,0.94,0.45,0.78,1153.44
ART_02755,110,65,7150,1.69,oil,realism,13,181,3.34,France,1,1,excellent,2023,226,0.80,0.66,0.88,0.71,0.81,0.72,0.29,0.57,2304.52
ART_02756,142,40,5680,3.55,acrylic,expressionism,6,108,3.87,USA,0,55,fair,2007,193,0.99,0.70,0.55,0.47,0.94,0.92,0.40,0.67,1474.97
ART_02757,58,45,2610,1.29,oil,surrealism,11,11,3.04,USA,1,1,excellent,2018,117,0.66,0.83,0.79,0.35,0.82,0.61,0.63,0.47,930.69
ART_02758,36,114,4104,0.32,acrylic,minimalism,21,397,5.13,Bangladesh,1,1,fair,2010,8,0.99,0.69,0.51,0.79,0.92,0.91,0.32,0.49,1910.54
ART_02759,160,106,16960,1.51,digital,landscape,12,50,3.68,UAE,1,1,excellent,2002,103,0.99,0.89,0.61,0.53,0.78,0.56,0.46,0.86,3922.52
ART_02760,26,75,1950,0.35,acrylic,abstract,11,121,4.81,Japan,1,1,fair,2003,188,0.99,0.93,0.37,0.50,0.74,0.81,0.30,0.85,1342.07
ART_02761,71,158,11218,0.45,charcoal,conceptual,3,59,3.55,UK,0,68,fair,2024,52,0.76,0.84,0.42,0.61,0.94,0.71,0.37,0.86,1004.50
ART_02762,106,28,2968,3.79,ink,impressionism,2,10,2.77,USA,1,1,excellent,1993,191,0.66,0.56,0.29,0.36,0.54,0.50,0.93,0.91,860.29
ART_02763,26,71,1846,0.37,charcoal,abstract,21,178,4.55,France,1,1,new,2018,148,0.99,0.89,0.52,0.53,0.79,0.58,0.49,0.48,1015.44
ART_02764,127,46,5842,2.76,oil,abstract,18,340,3.63,Turkey,1,1,excellent,2001,91,0.99,0.83,0.63,0.40,0.71,0.75,0.94,0.66,3895.16
ART_02765,106,21,2226,5.05,pastel,abstract,3,41,2.71,Turkey,1,1,fair,2016,170,0.64,0.89,0.53,0.37,0.65,0.92,0.45,0.73,632.49
ART_02766,68,63,4284,1.08,watercolor,conceptual,5,30,3.51,USA,1,1,good,1992,245,0.75,0.95,0.64,0.85,0.77,0.90,0.52,0.74,1302.64
ART_02767,72,135,9720,0.53,mixed_media,expressionism,20,260,5.46,USA,1,1,good,2006,88,0.99,0.89,0.81,0.91,0.99,0.81,0.39,0.54,4415.00
ART_02768,56,22,1232,2.55,ink,surrealism,18,41,3.34,UK,1,1,good,2000,122,0.99,0.67,0.68,0.63,0.84,0.83,0.77,0.72,791.12
ART_02769,150,91,13650,1.65,acrylic,surrealism,2,388,3.81,Pakistan,0,19,new,2009,66,0.99,0.64,0.28,0.52,0.62,0.73,0.38,0.82,3706.18
ART_02770,43,34,1462,1.26,ink,landscape,11,393,5.75,Canada,1,1,fair,2011,17,0.89,0.91,0.68,0.87,0.88,0.99,0.81,0.62,1037.02
ART_02771,92,68,6256,1.35,ink,impressionism,6,35,3.27,UAE,1,1,good,2003,86,0.91,0.77,0.56,0.33,0.95,0.67,0.97,0.86,1815.63
ART_02772,140,36,5040,3.89,mixed_media,abstract,2,44,5.12,Pakistan,0,5,excellent,1991,116,0.92,0.79,0.78,0.88,0.80,0.97,0.87,0.45,1951.48
ART_02773,45,94,4230,0.48,charcoal,minimalism,12,205,3.52,France,1,1,good,2005,61,0.99,0.66,0.38,0.32,0.95,0.98,0.65,0.89,1497.92
ART_02774,126,102,12852,1.24,watercolor,realism,17,130,3.69,Canada,0,10,fair,2022,228,0.99,0.69,0.68,0.68,0.99,0.79,0.67,0.42,2422.97
ART_02775,43,33,1419,1.30,watercolor,expressionism,0,191,3.70,Canada,1,1,excellent,1996,182,0.98,0.84,0.40,0.76,0.57,0.88,0.89,0.82,959.78
ART_02776,93,34,3162,2.74,pastel,conceptual,20,228,5.18,UK,1,1,fair,2026,148,0.99,0.87,0.35,0.72,0.75,0.98,0.63,0.97,1904.86
ART_02777,43,74,3182,0.58,oil,pop_art,1,30,3.36,India,0,28,fair,2012,183,0.63,0.73,0.64,0.80,0.55,0.69,0.40,0.92,654.43
ART_02778,77,82,6314,0.94,acrylic,expressionism,8,178,3.37,UAE,1,1,new,1999,74,0.99,0.56,0.70,0.95,0.99,0.88,0.26,0.94,2899.88
ART_02779,53,101,5353,0.52,oil,surrealism,24,214,5.23,India,1,1,good,1996,165,0.99,0.95,0.76,0.70,0.73,0.70,0.42,0.76,5444.67
ART_02780,134,92,12328,1.46,digital,landscape,5,387,4.11,Bangladesh,1,1,excellent,2015,74,0.99,0.90,0.49,0.73,0.62,0.57,0.64,0.94,4201.40
ART_02781,154,49,7546,3.14,acrylic,impressionism,12,75,3.63,France,1,1,fair,2012,53,0.99,0.90,0.38,0.60,0.80,0.91,0.68,0.53,1967.25
ART_02782,96,98,9408,0.98,charcoal,realism,7,41,4.01,Canada,1,1,fair,2018,77,0.82,0.82,0.78,0.52,0.88,0.75,0.87,0.98,2289.53
ART_02783,111,70,7770,1.59,gouache,minimalism,18,9,3.36,UK,1,1,excellent,1991,135,0.84,0.85,0.57,0.35,0.89,0.55,0.84,0.74,2419.02
ART_02784,155,127,19685,1.22,watercolor,portrait,15,226,3.61,USA,0,8,fair,2021,40,0.98,0.68,0.40,0.46,0.76,0.91,0.91,0.96,3818.96
ART_02785,34,73,2482,0.47,acrylic,conceptual,13,301,5.80,Germany,1,1,good,1990,88,0.99,0.64,0.80,0.79,0.55,0.60,0.89,0.79,1849.26
ART_02786,39,147,5733,0.27,digital,pop_art,6,4,2.95,Canada,1,1,fair,2021,29,0.62,0.69,0.72,0.32,0.62,0.68,0.76,0.94,980.51
ART_02787,129,135,17415,0.96,watercolor,landscape,11,337,3.94,UAE,1,1,fair,2023,232,0.99,0.60,0.52,0.37,0.70,0.87,0.44,0.45,2559.87
ART_02788,125,146,18250,0.86,gouache,portrait,25,130,4.54,India,1,1,new,2025,11,0.99,0.65,0.64,0.52,0.65,0.61,0.92,0.92,4292.19
ART_02789,53,33,1749,1.61,gouache,surrealism,11,41,4.48,France,1,1,new,2022,56,0.99,0.85,0.31,0.93,0.62,0.77,0.46,0.68,852.91
ART_02790,159,110,17490,1.45,oil,surrealism,21,264,3.77,Turkey,1,1,fair,2024,39,0.99,0.84,0.40,0.40,0.62,0.66,0.65,0.74,6263.38
ART_02791,102,48,4896,2.13,mixed_media,conceptual,7,40,4.65,Pakistan,1,1,fair,1995,125,0.96,0.63,0.48,0.56,0.92,0.88,0.76,0.58,1892.14
ART_02792,135,114,15390,1.18,gouache,minimalism,19,93,5.01,India,1,1,good,2007,206,0.99,0.69,0.40,0.57,0.61,0.97,0.49,0.45,3745.40
ART_02793,146,67,9782,2.18,gouache,expressionism,12,321,4.99,USA,0,55,new,1999,156,0.99,0.62,0.55,0.66,0.89,0.79,0.90,0.67,2746.21
ART_02794,37,87,3219,0.43,gouache,impressionism,14,168,3.85,Turkey,0,38,fair,1991,140,0.90,0.52,0.53,0.95,0.60,0.73,0.46,0.92,905.81
ART_02795,117,73,8541,1.60,watercolor,pop_art,10,210,4.55,Canada,1,1,new,1999,145,0.99,0.58,0.78,0.76,0.99,0.64,0.79,0.91,4539.89
ART_02796,35,70,2450,0.50,oil,expressionism,0,6,2.70,Italy,0,12,excellent,1995,48,0.95,0.49,0.64,0.65,0.90,0.82,0.37,0.42,625.28
ART_02797,142,23,3266,6.17,ink,minimalism,9,64,4.31,USA,1,1,excellent,2026,243,0.74,0.82,0.55,0.39,0.68,0.51,0.95,0.64,908.64
ART_02798,110,123,13530,0.89,watercolor,landscape,7,62,5.01,Pakistan,1,1,fair,1992,10,0.97,0.72,0.57,0.75,0.94,0.95,0.86,0.72,2950.71
ART_02799,141,98,13818,1.44,watercolor,pop_art,15,156,5.38,UK,1,1,excellent,2005,216,0.99,0.77,0.80,0.94,0.97,0.75,0.41,0.73,4752.52
ART_02800,52,93,4836,0.56,ink,realism,3,369,3.82,Canada,1,1,excellent,2005,164,0.90,0.69,0.37,0.92,0.95,0.58,0.44,0.83,2122.02
ART_02801,64,89,5696,0.72,mixed_media,abstract,23,79,4.82,Bangladesh,1,1,fair,1999,131,0.99,0.58,0.59,0.54,0.60,0.99,0.47,0.75,2748.26
ART_02802,53,92,4876,0.58,oil,minimalism,22,173,3.51,Pakistan,1,1,excellent,1993,25,0.99,0.76,0.46,0.39,0.95,0.51,0.40,0.96,3745.98
ART_02803,144,122,17568,1.18,watercolor,abstract,20,11,4.98,Bangladesh,1,1,excellent,2003,32,0.99,0.63,0.42,0.54,0.78,0.52,0.89,0.88,6029.72
ART_02804,134,81,10854,1.65,digital,expressionism,20,3,4.82,Italy,1,1,fair,2022,108,0.71,0.86,0.86,0.50,0.75,0.69,0.89,0.52,2071.51
ART_02805,158,114,18012,1.39,watercolor,portrait,21,276,5.02,Germany,1,1,new,2020,104,0.99,0.92,0.69,0.83,0.84,0.95,0.64,0.96,7614.72
ART_02806,30,95,2850,0.32,oil,abstract,18,221,3.38,Turkey,0,81,good,2005,141,0.99,0.63,0.42,0.45,0.75,0.61,0.37,0.83,1324.07
ART_02807,146,77,11242,1.90,digital,portrait,3,215,4.99,Japan,1,1,good,2006,204,0.99,0.72,0.76,0.64,0.91,0.81,0.90,0.55,3547.21
ART_02808,119,42,4998,2.83,watercolor,pop_art,7,153,5.24,Pakistan,1,1,excellent,2018,217,0.89,0.73,0.44,0.43,0.73,0.78,0.52,0.96,2539.94
ART_02809,46,35,1610,1.31,mixed_media,minimalism,3,92,4.30,USA,1,1,excellent,1991,210,0.95,0.64,0.50,0.40,0.88,0.96,0.69,0.42,1088.37
ART_02810,33,53,1749,0.62,ink,pop_art,7,225,4.78,Japan,1,1,excellent,2016,15,0.99,0.68,0.31,0.49,0.99,0.66,0.53,0.85,1112.15
ART_02811,50,104,5200,0.48,ink,landscape,23,3,4.17,France,1,1,fair,2003,16,0.90,0.92,0.29,0.68,0.82,0.75,0.62,0.78,1282.20
ART_02812,65,102,6630,0.64,gouache,portrait,2,154,5.23,Italy,1,1,fair,2017,238,0.77,0.77,0.49,0.94,0.96,0.55,0.34,0.66,1338.56
ART_02813,76,124,9424,0.61,pastel,abstract,0,141,5.07,France,1,1,good,2019,75,0.68,0.66,0.39,0.59,0.64,0.83,0.31,0.68,2010.83
ART_02814,45,35,1575,1.29,pastel,conceptual,8,293,4.00,Germany,1,1,fair,1991,65,0.77,0.92,0.83,0.66,0.96,0.81,0.81,0.97,1036.39
ART_02815,103,115,11845,0.90,ink,pop_art,23,298,3.54,USA,1,1,fair,2020,124,0.99,0.94,0.69,0.47,0.60,0.90,0.51,0.96,3124.61
ART_02816,72,82,5904,0.88,acrylic,surrealism,23,378,3.76,Turkey,1,1,fair,2013,189,0.99,0.75,0.39,0.73,0.84,0.88,0.71,0.84,3792.11
ART_02817,105,26,2730,4.04,gouache,impressionism,8,9,4.29,Japan,0,7,good,2024,130,0.72,0.68,0.48,0.63,0.64,0.80,0.86,0.78,800.35
ART_02818,104,36,3744,2.89,pastel,conceptual,11,78,4.74,UK,1,1,good,2025,196,0.99,0.73,0.30,0.46,0.57,0.88,0.33,0.84,1533.33
ART_02819,121,91,11011,1.33,charcoal,surrealism,22,385,4.88,India,1,1,new,2002,108,0.97,0.68,0.71,0.37,0.61,0.58,0.86,0.64,5094.77
ART_02820,122,44,5368,2.77,charcoal,expressionism,2,35,3.55,Italy,1,1,fair,2022,141,0.70,0.61,0.32,0.75,0.60,0.81,0.39,0.45,648.41
ART_02821,96,137,13152,0.70,digital,impressionism,8,41,5.06,Germany,1,1,excellent,1994,204,0.82,0.68,0.51,0.66,0.82,0.62,0.69,0.51,3189.39
ART_02822,36,116,4176,0.31,watercolor,portrait,7,362,4.74,Canada,1,1,good,1991,198,0.82,0.63,0.39,0.54,0.83,0.96,0.38,0.81,2001.76
ART_02823,63,27,1701,2.33,mixed_media,surrealism,15,14,3.45,France,1,1,excellent,1991,237,0.87,0.94,0.63,0.36,0.80,0.82,0.74,0.58,1335.22
ART_02824,68,63,4284,1.08,pastel,realism,24,0,3.21,France,1,1,new,1992,200,0.82,0.59,0.57,0.58,0.66,0.87,0.32,0.87,1516.89
ART_02825,31,98,3038,0.32,oil,landscape,20,0,5.20,UK,1,1,fair,1996,241,0.66,0.70,0.85,0.72,0.67,0.73,0.55,0.72,1525.56
ART_02826,60,140,8400,0.43,watercolor,landscape,15,378,5.12,UAE,0,43,good,2016,52,0.92,0.49,0.75,0.81,0.99,0.91,0.27,0.74,2415.17
ART_02827,144,103,14832,1.40,charcoal,landscape,13,386,4.92,Japan,1,1,fair,2009,117,0.82,0.84,0.78,0.84,0.87,0.78,0.75,0.88,4148.53
ART_02828,127,157,19939,0.81,ink,conceptual,24,8,4.60,Bangladesh,0,38,good,1990,155,0.99,0.67,0.42,0.72,0.99,0.51,0.73,0.74,3105.39
ART_02829,151,130,19630,1.16,pastel,surrealism,8,125,3.71,Canada,1,1,good,1993,214,0.99,0.58,0.85,0.48,0.81,0.80,0.78,0.73,3950.00
ART_02830,133,96,12768,1.39,charcoal,pop_art,0,183,3.84,USA,1,1,fair,2004,78,0.90,0.79,0.33,0.89,0.66,0.95,0.75,0.47,1771.64
ART_02831,153,103,15759,1.49,acrylic,surrealism,21,166,5.62,Japan,1,1,new,1997,32,0.91,0.61,0.60,0.34,0.99,0.92,0.79,0.49,7455.63
ART_02832,143,115,16445,1.24,mixed_media,abstract,11,20,3.49,Pakistan,1,1,good,2007,156,0.99,0.62,0.29,0.33,0.85,0.92,0.71,0.55,4711.81
ART_02833,22,148,3256,0.15,digital,landscape,13,119,5.19,Turkey,1,1,excellent,2009,43,0.99,0.70,0.48,0.38,0.99,0.50,0.88,0.86,2086.03
ART_02834,35,111,3885,0.32,gouache,portrait,18,77,5.50,UK,1,1,new,1992,98,0.98,0.95,0.44,0.81,0.99,0.62,0.67,0.64,2355.13
ART_02835,136,76,10336,1.79,oil,pop_art,11,247,4.60,Bangladesh,1,1,fair,2003,200,0.78,0.68,0.65,0.32,0.80,0.67,0.66,0.96,4272.22
ART_02836,83,43,3569,1.93,charcoal,conceptual,25,103,3.69,India,1,1,excellent,1996,242,0.99,0.65,0.32,0.64,0.71,0.66,0.56,0.71,1509.05
ART_02837,104,32,3328,3.25,oil,realism,15,71,3.79,UK,1,1,fair,1994,164,0.90,0.62,0.50,0.76,0.54,0.85,0.41,0.68,1377.25
ART_02838,89,70,6230,1.27,acrylic,abstract,0,256,3.95,Pakistan,1,1,good,2017,47,0.73,0.65,0.40,0.77,0.98,0.64,0.65,0.99,2286.58
ART_02839,32,80,2560,0.40,charcoal,impressionism,17,48,5.47,USA,0,77,good,1992,146,0.99,0.62,0.85,0.91,0.94,0.61,0.53,0.54,727.13
ART_02840,130,101,13130,1.29,gouache,abstract,6,305,4.70,USA,1,1,fair,2018,246,0.99,0.83,0.88,0.62,0.72,0.58,0.87,0.67,2992.33
ART_02841,95,28,2660,3.39,mixed_media,abstract,1,57,3.98,Italy,1,1,fair,2008,231,0.99,0.89,0.80,0.54,0.76,0.98,0.83,0.41,1121.80
ART_02842,143,50,7150,2.86,mixed_media,expressionism,24,177,4.65,India,0,5,new,2010,172,0.97,0.79,0.37,0.44,0.83,0.77,0.70,0.45,2993.28
ART_02843,43,41,1763,1.05,mixed_media,minimalism,14,55,5.24,Italy,0,54,excellent,2012,140,0.86,0.57,0.76,0.79,0.79,0.89,0.30,0.58,713.90
ART_02844,119,131,15589,0.91,watercolor,conceptual,23,157,3.94,UK,1,1,good,2011,208,0.97,0.74,0.88,0.82,0.70,0.55,0.78,0.75,3538.55
ART_02845,79,24,1896,3.29,charcoal,conceptual,25,21,3.32,Turkey,0,40,new,2012,97,0.94,0.62,0.75,0.95,0.99,0.54,0.45,0.87,718.92
ART_02846,112,79,8848,1.42,pastel,expressionism,8,147,4.77,UAE,0,49,fair,1993,133,0.99,0.57,0.76,0.71,0.65,0.57,0.43,0.41,1284.79
ART_02847,97,109,10573,0.89,acrylic,expressionism,5,416,5.39,Japan,1,1,new,2026,140,0.86,0.88,0.45,0.90,0.95,0.98,0.90,0.48,5311.92
ART_02848,34,53,1802,0.64,gouache,expressionism,10,14,4.57,Turkey,1,1,good,1991,30,0.99,0.64,0.78,0.42,0.65,0.56,0.25,0.65,619.60
ART_02849,122,153,18666,0.80,gouache,impressionism,25,212,5.30,UK,1,1,new,2026,180,0.99,0.63,0.88,0.69,0.59,0.59,0.51,0.44,4206.29
ART_02850,39,72,2808,0.54,pastel,portrait,11,8,5.24,UAE,1,1,new,1993,83,0.76,0.76,0.54,0.56,0.80,0.98,0.63,0.82,1533.62
ART_02851,115,97,11155,1.19,pastel,abstract,13,122,3.40,Pakistan,0,17,new,2002,124,0.99,0.70,0.38,0.34,0.80,0.89,0.64,0.46,1888.43
ART_02852,54,143,7722,0.38,mixed_media,conceptual,22,62,3.60,USA,1,1,excellent,2002,157,0.99,0.92,0.68,0.86,0.65,0.64,0.58,0.54,2591.30
ART_02853,98,157,15386,0.62,mixed_media,minimalism,8,6,3.25,UK,1,1,good,2021,12,0.87,0.93,0.39,0.33,0.61,0.60,0.64,0.73,2638.15
ART_02854,44,136,5984,0.32,mixed_media,realism,0,226,4.73,France,0,33,fair,2002,145,0.99,0.52,0.66,0.44,0.99,0.66,0.68,0.65,1718.77
ART_02855,110,157,17270,0.70,oil,expressionism,0,268,4.44,Italy,0,53,good,1992,133,0.99,0.71,0.78,0.93,0.68,0.98,0.49,0.76,4477.28
ART_02856,45,26,1170,1.73,watercolor,conceptual,22,316,5.60,France,1,1,good,2004,23,0.99,0.87,0.43,0.33,0.72,0.73,0.75,0.52,925.55
ART_02857,86,52,4472,1.65,gouache,expressionism,19,325,4.48,UAE,1,1,fair,2011,183,0.99,0.76,0.57,0.60,0.91,0.68,0.59,0.85,2410.57
ART_02858,80,125,10000,0.64,oil,portrait,7,321,4.75,USA,1,1,good,2022,211,0.99,0.92,0.77,0.52,0.99,0.93,0.88,0.44,4982.59
ART_02859,89,72,6408,1.24,charcoal,impressionism,13,305,4.26,France,1,1,excellent,1996,128,0.99,0.92,0.80,0.69,0.61,0.81,0.69,0.55,2751.86
ART_02860,145,133,19285,1.09,pastel,conceptual,13,59,3.78,Turkey,1,1,new,2015,108,0.99,0.86,0.49,0.68,0.88,0.78,0.69,0.42,3799.47
ART_02861,123,131,16113,0.94,oil,pop_art,10,293,4.95,UAE,1,1,fair,1997,237,0.86,0.84,0.46,0.36,0.88,0.69,0.67,0.57,5616.89
ART_02862,77,93,7161,0.83,acrylic,portrait,17,39,5.19,UK,1,1,excellent,1996,28,0.76,0.84,0.41,0.90,0.80,0.60,0.67,0.63,2697.32
ART_02863,70,156,10920,0.45,acrylic,conceptual,7,280,4.37,France,0,51,good,2021,174,0.90,0.51,0.89,0.66,0.93,0.57,0.30,0.56,1909.53
ART_02864,140,129,18060,1.09,digital,minimalism,14,338,4.33,UAE,1,1,fair,2011,150,0.95,0.82,0.72,0.79,0.95,0.89,0.42,0.67,3942.76
ART_02865,149,32,4768,4.66,pastel,landscape,6,270,3.70,UK,0,35,fair,2023,131,0.96,0.67,0.43,0.92,0.98,0.64,0.92,0.87,1345.70
ART_02866,118,83,9794,1.42,pastel,impressionism,22,9,4.60,UK,1,1,new,1994,36,0.99,0.88,0.61,0.94,0.71,0.71,0.43,0.48,2602.30
ART_02867,49,52,2548,0.94,oil,portrait,22,30,3.72,Germany,1,1,excellent,2009,194,0.82,0.71,0.82,0.80,0.86,0.64,0.95,0.82,1810.04
ART_02868,33,120,3960,0.28,acrylic,landscape,2,182,4.55,Canada,1,1,fair,1994,161,0.87,0.71,0.69,0.46,0.68,0.76,0.72,0.85,2076.94
ART_02869,129,48,6192,2.69,acrylic,surrealism,22,30,4.64,UK,1,1,excellent,2011,116,0.92,0.84,0.87,0.42,0.60,0.76,0.28,0.59,2743.81
ART_02870,51,21,1071,2.43,gouache,expressionism,13,155,5.47,India,1,1,good,1991,64,0.97,0.93,0.75,0.66,0.99,0.95,0.65,0.46,902.69
ART_02871,154,123,18942,1.25,digital,impressionism,24,22,4.04,Pakistan,1,1,excellent,1996,181,0.99,0.68,0.56,0.32,0.97,0.53,0.89,0.88,6465.47
ART_02872,39,24,936,1.63,gouache,expressionism,9,57,4.57,Pakistan,1,1,excellent,2022,125,0.85,0.68,0.47,0.44,0.98,0.53,0.85,0.96,625.44
ART_02873,38,157,5966,0.24,ink,realism,16,196,4.17,Pakistan,1,1,fair,1994,8,0.97,0.67,0.76,0.79,0.69,0.95,0.72,0.55,1782.40
ART_02874,122,96,11712,1.27,digital,conceptual,10,307,5.68,Japan,0,37,excellent,2026,174,0.89,0.60,0.35,0.45,0.85,0.50,0.63,0.88,3110.56
ART_02875,114,31,3534,3.68,oil,realism,6,30,2.75,Germany,0,80,excellent,1995,186,0.79,0.64,0.41,0.90,0.97,0.89,0.92,0.82,943.53
ART_02876,87,27,2349,3.22,acrylic,landscape,20,35,5.17,USA,1,1,excellent,2021,74,0.99,0.56,0.66,0.92,0.86,0.63,0.67,0.95,1762.05
ART_02877,88,113,9944,0.78,gouache,expressionism,7,2,4.07,Pakistan,1,1,excellent,2004,100,0.64,0.86,0.41,0.62,0.95,0.52,0.54,0.55,1600.72
ART_02878,44,160,7040,0.28,acrylic,conceptual,2,237,4.20,UAE,1,1,fair,2003,38,0.99,0.84,0.68,0.83,0.70,0.68,0.61,0.58,1940.82
ART_02879,93,107,9951,0.87,mixed_media,impressionism,20,1,3.35,USA,1,1,excellent,2024,52,0.74,0.69,0.45,0.61,0.93,0.82,0.38,0.68,2364.45
ART_02880,60,134,8040,0.45,acrylic,expressionism,16,121,4.83,Germany,1,1,good,2014,91,0.99,0.62,0.89,0.34,0.61,0.60,0.62,0.43,2496.12
ART_02881,42,123,5166,0.34,mixed_media,portrait,25,21,4.75,USA,1,1,excellent,2003,89,0.99,0.90,0.55,0.50,0.91,0.88,0.69,0.94,3751.87
ART_02882,103,60,6180,1.72,digital,conceptual,0,183,4.00,Italy,1,1,excellent,2004,80,0.99,0.61,0.64,0.74,0.70,0.77,0.28,0.99,1922.84
ART_02883,113,30,3390,3.77,gouache,pop_art,6,101,4.73,France,0,81,excellent,2005,135,0.87,0.70,0.65,0.54,0.55,0.68,0.70,0.55,547.44
ART_02884,159,102,16218,1.56,digital,surrealism,23,13,4.82,Bangladesh,1,1,fair,2014,182,0.99,0.92,0.84,0.63,0.76,0.61,0.83,0.48,3395.06
ART_02885,140,121,16940,1.16,pastel,surrealism,15,334,5.15,UK,1,1,excellent,1993,50,0.99,0.63,0.55,0.78,0.59,0.64,0.73,0.49,5647.69
ART_02886,159,78,12402,2.04,oil,portrait,25,6,3.97,Turkey,1,1,excellent,2022,140,0.99,0.75,0.31,0.65,0.99,0.99,0.85,0.93,7460.21
ART_02887,73,131,9563,0.56,ink,surrealism,18,168,3.95,UAE,1,1,fair,1996,118,0.97,0.88,0.66,0.54,0.96,0.50,0.79,0.78,2680.58
ART_02888,26,69,1794,0.38,gouache,pop_art,19,175,5.66,Bangladesh,1,1,new,2007,75,0.99,0.94,0.33,0.77,0.89,0.63,0.87,0.63,1562.04
ART_02889,25,81,2025,0.31,pastel,realism,17,293,5.24,UK,1,1,new,2011,131,0.99,0.61,0.65,0.77,0.92,0.97,0.66,0.62,1640.35
ART_02890,64,39,2496,1.64,digital,impressionism,5,191,5.28,France,1,1,new,2022,220,0.99,0.84,0.86,0.76,0.57,0.54,0.56,0.85,1335.36
ART_02891,115,154,17710,0.75,acrylic,landscape,17,0,5.39,Canada,0,37,good,2024,103,0.64,0.51,0.81,0.73,0.70,0.77,0.25,0.87,2358.66
ART_02892,128,35,4480,3.66,acrylic,landscape,2,58,4.57,France,1,1,excellent,2017,238,0.80,0.77,0.44,0.93,0.62,0.90,0.64,0.48,1655.67
ART_02893,38,64,2432,0.59,oil,realism,12,167,4.26,Turkey,1,1,fair,1998,27,0.99,0.58,0.59,0.72,0.97,0.89,0.97,0.54,1767.41
ART_02894,146,40,5840,3.65,oil,portrait,4,8,3.97,Germany,1,1,fair,2006,182,0.61,0.77,0.44,0.41,0.59,0.89,0.85,0.73,1626.04
ART_02895,57,141,8037,0.40,gouache,impressionism,24,35,4.13,Canada,1,1,good,2025,173,0.97,0.86,0.62,0.75,0.99,0.51,0.40,0.63,2734.23
ART_02896,117,123,14391,0.95,charcoal,portrait,25,325,4.68,France,1,1,excellent,2003,79,0.99,0.85,0.33,0.63,0.57,0.67,0.96,0.42,4178.75
ART_02897,139,79,10981,1.76,ink,landscape,24,383,4.19,USA,1,1,good,2001,201,0.99,0.76,0.64,0.55,0.85,0.84,0.93,0.98,5698.66
ART_02898,116,73,8468,1.59,charcoal,conceptual,24,391,5.32,UAE,0,7,fair,2005,221,0.99,0.87,0.73,0.92,0.61,0.57,0.94,0.46,2433.65
ART_02899,121,144,17424,0.84,watercolor,abstract,6,43,3.56,Japan,1,1,fair,1996,121,0.99,0.93,0.64,0.92,0.71,0.96,0.31,0.45,2493.77
ART_02900,83,43,3569,1.93,gouache,surrealism,15,55,3.30,India,1,1,fair,2004,176,0.99,0.72,0.73,0.63,0.56,0.62,0.42,0.68,1048.56
ART_02901,110,108,11880,1.02,watercolor,expressionism,6,219,4.46,USA,0,79,good,2008,226,0.85,0.72,0.50,0.40,0.58,0.57,0.68,0.68,1763.49
ART_02902,122,93,11346,1.31,acrylic,expressionism,14,0,4.78,France,1,1,fair,2005,41,0.92,0.66,0.86,0.71,0.99,0.85,0.38,0.68,2883.01
ART_02903,118,128,15104,0.92,acrylic,landscape,13,105,4.22,Germany,1,1,fair,2019,131,0.99,0.56,0.59,0.77,0.79,0.50,0.52,0.95,3367.77
ART_02904,64,115,7360,0.56,watercolor,pop_art,11,361,4.93,Germany,1,1,good,2006,55,0.99,0.86,0.66,0.82,0.87,0.87,0.85,0.42,3082.80
ART_02905,130,151,19630,0.86,ink,landscape,20,86,5.22,Bangladesh,1,1,excellent,1997,213,0.90,0.57,0.58,0.67,0.69,0.66,0.40,0.76,5126.15
ART_02906,98,85,8330,1.15,charcoal,landscape,15,16,3.90,Japan,1,1,new,1996,93,0.83,0.66,0.50,0.62,0.84,0.90,0.69,0.78,2221.11
ART_02907,96,108,10368,0.89,acrylic,abstract,7,18,3.70,Germany,1,1,new,2016,62,0.99,0.69,0.39,0.58,0.99,0.93,0.31,0.86,3755.48
ART_02908,138,102,14076,1.35,charcoal,minimalism,25,184,5.40,France,1,1,excellent,2023,102,0.99,0.60,0.30,0.52,0.71,0.83,0.30,0.87,3748.65
ART_02909,85,126,10710,0.67,mixed_media,landscape,6,333,5.30,USA,0,75,excellent,2026,218,0.83,0.53,0.60,0.64,0.85,0.65,0.76,0.95,2639.08
ART_02910,124,57,7068,2.18,acrylic,surrealism,11,26,3.99,UK,1,1,excellent,2017,211,0.99,0.74,0.67,0.90,0.71,0.99,0.42,0.52,2802.61
ART_02911,65,107,6955,0.61,oil,pop_art,3,371,3.32,USA,1,1,fair,2004,236,0.99,0.86,0.65,0.85,0.99,0.68,0.42,0.47,2724.98
ART_02912,109,79,8611,1.38,pastel,landscape,7,105,4.36,Pakistan,1,1,new,1996,246,0.99,0.91,0.85,0.31,0.66,0.57,0.31,0.67,2495.08
ART_02913,139,118,16402,1.18,gouache,conceptual,20,134,5.13,India,1,1,good,1991,44,0.94,0.56,0.54,0.85,0.66,0.92,0.58,0.97,5824.41
ART_02914,136,132,17952,1.03,mixed_media,portrait,23,201,5.76,France,0,77,good,1999,207,0.99,0.87,0.30,0.46,0.64,0.90,0.58,0.76,4721.41
ART_02915,48,53,2544,0.91,oil,landscape,8,408,3.79,Germany,1,1,excellent,2013,21,0.99,0.59,0.79,0.82,0.99,0.59,0.57,0.54,1590.31
ART_02916,43,79,3397,0.54,oil,portrait,19,140,4.56,Japan,0,68,new,2007,47,0.99,0.55,0.85,0.49,0.99,0.78,0.52,0.66,1828.79
ART_02917,120,73,8760,1.64,mixed_media,expressionism,7,417,3.57,Germany,0,68,good,2021,11,0.99,0.84,0.55,0.93,0.99,0.87,0.72,0.56,1798.98
ART_02918,156,143,22308,1.09,gouache,landscape,6,145,5.29,Japan,0,75,new,1995,22,0.82,0.81,0.66,0.60,0.96,0.49,0.81,0.43,2604.16
ART_02919,51,40,2040,1.27,digital,conceptual,15,358,3.62,Bangladesh,1,1,new,1991,135,0.99,0.95,0.59,0.83,0.86,0.99,0.76,0.96,1729.94
ART_02920,79,99,7821,0.80,acrylic,conceptual,21,18,5.22,India,1,1,good,2013,29,0.88,0.77,0.54,0.48,0.87,0.89,0.42,0.82,3772.62
ART_02921,34,37,1258,0.92,ink,surrealism,24,328,4.60,UK,0,47,good,2026,177,0.99,0.50,0.39,0.65,0.99,0.74,0.54,0.61,617.45
ART_02922,52,56,2912,0.93,pastel,realism,14,63,3.63,Turkey,1,1,new,2000,51,0.98,0.73,0.40,0.54,0.79,0.99,0.43,0.73,1500.76
ART_02923,104,95,9880,1.09,digital,realism,8,53,2.96,USA,1,1,excellent,2026,123,0.87,0.90,0.30,0.46,0.89,0.65,0.50,0.72,1836.70
ART_02924,69,72,4968,0.96,oil,landscape,2,2,2.98,Italy,1,1,excellent,2017,167,0.86,0.82,0.51,0.55,0.86,0.57,0.39,0.88,1859.39
ART_02925,59,108,6372,0.55,gouache,landscape,2,241,4.54,UK,1,1,good,2004,38,0.74,0.71,0.31,0.63,0.88,0.95,0.80,0.71,1918.95
ART_02926,116,145,16820,0.80,watercolor,conceptual,25,85,5.39,India,1,1,excellent,2009,138,0.99,0.73,0.43,0.93,0.75,0.91,0.76,0.51,5790.62
ART_02927,28,85,2380,0.33,acrylic,portrait,2,0,4.11,Canada,1,1,good,1994,78,0.59,0.67,0.57,0.44,0.84,0.79,0.72,0.88,1230.76
ART_02928,80,140,11200,0.57,gouache,pop_art,2,307,4.37,Canada,1,1,new,2003,181,0.93,0.60,0.85,0.54,0.71,0.69,0.29,0.55,2218.86
ART_02929,149,117,17433,1.27,charcoal,expressionism,9,324,5.20,Italy,1,1,good,2020,91,0.99,0.58,0.70,0.49,0.73,0.93,0.65,0.76,4985.68
ART_02930,125,25,3125,5.00,ink,pop_art,8,290,4.79,Bangladesh,0,77,fair,2010,25,0.88,0.48,0.39,0.72,0.99,0.76,0.84,0.56,563.41
ART_02931,155,110,17050,1.41,ink,pop_art,10,0,4.78,Pakistan,1,1,fair,2024,74,0.86,0.66,0.30,0.93,0.92,0.83,0.63,0.73,2001.19
ART_02932,52,50,2600,1.04,acrylic,minimalism,20,89,4.75,Germany,1,1,excellent,2018,242,0.99,0.94,0.48,0.52,0.87,0.99,0.83,0.42,1727.14
ART_02933,25,37,925,0.68,ink,pop_art,23,346,3.90,UAE,0,81,excellent,2020,118,0.99,0.86,0.57,0.91,0.57,0.74,0.81,0.63,343.75
ART_02934,158,78,12324,2.03,mixed_media,realism,7,95,5.22,UK,1,1,new,1994,197,0.83,0.60,0.33,0.79,0.95,0.83,0.40,0.43,4424.34
ART_02935,83,87,7221,0.95,charcoal,conceptual,7,256,5.41,Canada,1,1,fair,2011,100,0.79,0.73,0.48,0.61,0.85,0.64,0.56,0.47,1793.47
ART_02936,48,82,3936,0.59,watercolor,abstract,11,59,5.10,Canada,1,1,fair,1996,125,0.77,0.74,0.58,0.40,0.97,0.54,0.92,0.67,1704.17
ART_02937,56,59,3304,0.95,ink,portrait,4,2,4.41,India,0,16,good,2012,13,0.65,0.63,0.65,0.88,0.59,0.64,0.74,0.84,582.82
ART_02938,125,133,16625,0.94,ink,conceptual,25,1,4.38,Canada,0,62,good,2003,44,0.90,0.79,0.68,0.83,0.66,0.91,0.32,0.84,2258.57
ART_02939,41,156,6396,0.26,pastel,pop_art,18,8,3.53,Turkey,1,1,good,2013,138,0.86,0.70,0.45,0.38,0.71,0.97,0.81,0.68,1553.46
ART_02940,99,152,15048,0.65,oil,realism,9,308,4.12,Germany,0,72,excellent,2019,62,0.98,0.87,0.40,0.36,0.63,0.92,0.72,0.78,3956.97
ART_02941,35,115,4025,0.30,charcoal,expressionism,24,98,3.94,Japan,1,1,good,1994,122,0.99,0.85,0.64,0.63,0.68,0.92,0.56,0.73,1634.63
ART_02942,51,77,3927,0.66,oil,expressionism,21,108,3.94,Italy,0,72,good,2022,174,0.99,0.76,0.63,0.39,0.95,0.63,0.49,0.41,1073.60
ART_02943,43,139,5977,0.31,digital,landscape,15,151,5.14,UK,1,1,excellent,2013,201,0.99,0.89,0.81,0.74,0.68,0.64,0.93,0.41,2227.24
ART_02944,52,152,7904,0.34,mixed_media,expressionism,2,11,2.87,Pakistan,1,1,good,2017,221,0.93,0.67,0.56,0.39,0.57,0.98,0.40,0.67,1944.66
ART_02945,110,98,10780,1.12,watercolor,abstract,12,89,3.64,Germany,1,1,good,2002,34,0.83,0.68,0.78,0.71,0.99,0.53,0.55,0.87,2823.34
ART_02946,70,105,7350,0.67,gouache,conceptual,11,183,4.46,Canada,1,1,excellent,2022,149,0.99,0.67,0.44,0.92,0.64,0.62,0.32,0.98,2390.79
ART_02947,41,146,5986,0.28,watercolor,surrealism,23,210,5.15,Pakistan,0,50,good,2011,102,0.99,0.59,0.85,0.84,0.71,0.80,0.80,0.47,1469.69
ART_02948,46,91,4186,0.51,gouache,landscape,25,338,4.81,Germany,1,1,excellent,2025,79,0.93,0.59,0.55,0.41,0.89,0.54,0.96,0.45,1659.30
ART_02949,149,24,3576,6.21,acrylic,abstract,23,76,4.84,Canada,0,27,new,2009,44,0.99,0.61,0.43,0.92,0.87,0.79,0.80,0.91,2223.97
ART_02950,109,51,5559,2.14,acrylic,landscape,9,242,5.23,Bangladesh,0,21,new,2004,246,0.99,0.52,0.67,0.73,0.74,0.72,0.91,0.95,2694.48
ART_02951,65,142,9230,0.46,charcoal,expressionism,25,99,4.33,Pakistan,1,1,good,1992,141,0.86,0.63,0.49,0.52,0.59,0.54,0.91,0.76,2576.50
ART_02952,98,135,13230,0.73,watercolor,portrait,13,1,3.75,UAE,1,1,excellent,2002,244,0.71,0.66,0.40,0.76,0.91,0.57,0.94,0.63,2606.86
ART_02953,44,46,2024,0.96,mixed_media,pop_art,8,332,3.66,Germany,0,81,fair,2020,72,0.99,0.83,0.48,0.87,0.98,0.99,0.66,0.64,764.45
ART_02954,58,118,6844,0.49,charcoal,surrealism,24,0,3.08,India,1,1,good,2003,107,0.93,0.71,0.32,0.82,0.67,0.68,0.51,0.98,2195.27
ART_02955,68,67,4556,1.01,acrylic,abstract,23,154,5.72,UK,1,1,good,2008,196,0.99,0.77,0.85,0.78,0.87,0.74,0.48,0.78,3284.46
ART_02956,62,87,5394,0.71,gouache,impressionism,20,302,4.05,UK,1,1,fair,2005,210,0.99,0.93,0.28,0.31,0.71,0.60,0.37,0.98,2568.51
ART_02957,29,94,2726,0.31,watercolor,impressionism,13,1,3.89,UK,1,1,excellent,2004,98,0.66,0.91,0.73,0.62,0.58,0.74,0.61,0.54,990.02
ART_02958,142,125,17750,1.14,oil,pop_art,1,281,4.77,USA,1,1,fair,2012,156,0.94,0.90,0.79,0.92,0.84,0.51,0.38,0.95,5712.02
ART_02959,43,84,3612,0.51,charcoal,minimalism,13,30,4.05,France,1,1,new,2015,47,0.75,0.63,0.60,0.66,0.80,0.81,0.64,0.82,1319.66
ART_02960,95,140,13300,0.68,pastel,minimalism,16,3,4.65,Japan,1,1,excellent,2015,172,0.96,0.81,0.58,0.56,0.83,0.71,0.70,0.88,3364.92
ART_02961,103,145,14935,0.71,gouache,surrealism,1,299,4.21,Turkey,1,1,fair,2012,167,0.99,0.56,0.32,0.55,0.58,0.58,0.43,0.41,2463.49
ART_02962,20,136,2720,0.15,gouache,portrait,13,133,3.10,France,1,1,fair,1996,111,0.99,0.90,0.87,0.88,0.94,0.98,0.64,0.44,1014.95
ART_02963,155,59,9145,2.63,gouache,realism,20,202,4.73,UAE,1,1,new,1998,155,0.99,0.81,0.55,0.53,0.68,0.85,0.82,0.57,4310.03
ART_02964,73,28,2044,2.61,ink,minimalism,3,350,4.05,Japan,1,1,good,2013,40,0.78,0.95,0.73,0.37,0.78,0.84,0.34,0.94,885.51
ART_02965,101,55,5555,1.84,pastel,impressionism,23,0,4.60,Germany,1,1,fair,1999,167,0.65,0.93,0.49,0.74,0.90,0.65,0.93,0.52,1793.06
ART_02966,145,109,15805,1.33,pastel,expressionism,6,186,3.15,Pakistan,1,1,excellent,2006,143,0.99,0.79,0.59,0.38,0.96,0.58,0.88,0.61,3998.79
ART_02967,72,56,4032,1.29,watercolor,realism,15,56,5.31,Germany,1,1,new,2002,91,0.99,0.73,0.75,0.85,0.70,0.72,0.28,0.91,2060.05
ART_02968,36,147,5292,0.24,ink,pop_art,24,234,4.91,Pakistan,1,1,fair,2013,65,0.94,0.59,0.53,0.76,0.68,0.82,0.77,0.92,2048.20
ART_02969,99,130,12870,0.76,gouache,conceptual,17,390,4.00,Canada,1,1,fair,2025,206,0.99,0.72,0.42,0.62,0.88,0.82,0.31,0.73,2929.92
ART_02970,23,24,552,0.96,charcoal,surrealism,16,36,4.29,Japan,1,1,excellent,2009,245,0.99,0.63,0.68,0.42,0.88,0.62,0.31,0.43,461.45
ART_02971,134,78,10452,1.72,ink,pop_art,7,135,3.89,Bangladesh,1,1,good,2003,102,0.79,0.62,0.87,0.78,0.77,0.96,0.77,0.76,2492.00
ART_02972,72,135,9720,0.53,acrylic,surrealism,0,98,3.33,USA,1,1,new,1993,235,0.90,0.93,0.29,0.72,0.92,0.70,0.61,0.96,4153.05
ART_02973,38,132,5016,0.29,mixed_media,realism,25,401,3.66,Italy,1,1,fair,2022,185,0.99,0.73,0.35,0.69,0.88,0.72,0.55,0.44,2180.30
ART_02974,61,32,1952,1.91,ink,impressionism,13,46,4.39,Japan,1,1,new,1994,16,0.99,0.76,0.53,0.56,0.99,0.99,0.48,0.76,1205.70
ART_02975,146,28,4088,5.21,gouache,portrait,2,100,3.71,Italy,1,1,excellent,2012,110,0.70,0.60,0.73,0.68,0.89,0.94,0.81,0.66,1158.74
ART_02976,25,31,775,0.81,acrylic,pop_art,1,28,3.57,USA,0,63,good,2012,141,0.81,0.50,0.86,0.32,0.61,0.69,0.26,0.95,287.27
ART_02977,75,87,6525,0.86,ink,abstract,17,53,5.43,Turkey,0,37,new,2013,134,0.81,0.86,0.79,0.30,0.92,0.97,0.77,0.43,1367.24
ART_02978,150,51,7650,2.94,digital,surrealism,14,0,4.04,Bangladesh,1,1,fair,2016,55,0.94,0.95,0.42,0.55,0.68,0.90,0.77,0.93,2533.37
ART_02979,46,29,1334,1.59,oil,surrealism,18,200,5.05,UK,1,1,excellent,2018,159,0.99,0.70,0.51,0.80,0.97,0.92,0.53,0.63,1961.86
ART_02980,49,41,2009,1.20,mixed_media,abstract,6,193,3.94,Pakistan,1,1,good,1994,156,0.99,0.63,0.63,0.89,0.85,0.93,0.62,0.54,1348.43
ART_02981,28,84,2352,0.33,charcoal,conceptual,11,279,3.83,France,0,59,good,2000,31,0.79,0.86,0.28,0.38,0.96,0.52,0.61,0.62,525.66
ART_02982,79,55,4345,1.44,watercolor,portrait,17,38,4.47,Canada,0,43,fair,2021,134,0.88,0.50,0.40,0.85,0.58,0.60,0.50,0.48,662.42
ART_02983,126,60,7560,2.10,oil,abstract,3,201,5.29,UAE,1,1,good,2012,223,0.99,0.87,0.58,0.86,0.78,0.98,0.69,0.59,3673.23
ART_02984,25,141,3525,0.18,pastel,impressionism,11,229,4.91,Bangladesh,1,1,new,2011,222,0.99,0.61,0.46,0.91,0.88,0.71,0.54,0.83,2223.43
ART_02985,108,117,12636,0.92,oil,abstract,9,367,4.26,France,1,1,excellent,2026,171,0.88,0.86,0.51,0.90,0.96,0.84,0.50,0.83,6066.86
ART_02986,58,153,8874,0.38,oil,impressionism,21,262,5.40,India,0,45,good,2017,51,0.99,0.52,0.83,0.48,0.99,0.97,0.81,0.44,3140.61
ART_02987,135,32,4320,4.22,watercolor,surrealism,10,213,5.49,UAE,1,1,good,2001,11,0.99,0.75,0.42,0.49,0.88,0.50,0.76,0.68,2623.92
ART_02988,49,88,4312,0.56,pastel,portrait,12,32,4.57,Japan,1,1,fair,1999,198,0.94,0.72,0.88,0.81,0.98,0.51,0.86,0.92,1886.33
ART_02989,100,54,5400,1.85,pastel,impressionism,16,317,4.92,Pakistan,0,76,excellent,2021,170,0.99,0.50,0.63,0.83,0.88,0.82,0.34,0.55,1263.99
ART_02990,94,117,10998,0.80,pastel,conceptual,13,228,5.35,Bangladesh,1,1,excellent,2005,33,0.88,0.89,0.74,0.47,0.63,0.96,0.53,0.84,3898.70
ART_02991,124,81,10044,1.53,mixed_media,abstract,5,114,3.79,Italy,1,1,fair,2023,138,0.77,0.81,0.69,0.41,0.59,0.92,0.49,0.48,2155.90
ART_02992,23,79,1817,0.29,pastel,surrealism,25,41,3.40,Turkey,1,1,fair,2002,107,0.99,0.72,0.32,0.95,0.94,0.89,0.93,0.73,958.66
ART_02993,54,54,2916,1.00,oil,surrealism,16,0,4.27,UK,1,1,fair,2020,28,0.65,0.94,0.30,0.76,0.96,0.89,0.93,0.47,1511.68
ART_02994,122,52,6344,2.35,digital,pop_art,21,380,3.90,Japan,1,1,new,2015,78,0.99,0.64,0.62,0.94,0.96,0.75,0.90,0.91,3852.38
ART_02995,107,158,16906,0.68,ink,conceptual,17,25,3.25,Canada,1,1,fair,2003,246,0.99,0.67,0.44,0.58,0.84,0.82,0.75,0.63,2394.27
ART_02996,110,140,15400,0.79,ink,portrait,20,218,4.40,USA,1,1,good,1993,192,0.99,0.75,0.59,0.57,0.55,0.62,0.29,0.73,3729.41
ART_02997,155,23,3565,6.74,acrylic,conceptual,19,4,4.92,France,0,37,fair,1999,204,0.87,0.49,0.65,0.55,0.94,0.62,0.89,0.53,1049.95
ART_02998,148,99,14652,1.49,gouache,pop_art,18,175,3.37,UAE,1,1,fair,2004,177,0.99,0.57,0.46,0.65,0.92,0.73,0.91,0.74,3417.66
ART_02999,120,65,7800,1.85,gouache,portrait,7,100,4.10,France,0,54,good,1999,11,0.99,0.74,0.37,0.59,0.77,0.95,0.25,0.56,1113.96
ART_03000,126,137,17262,0.92,watercolor,expressionism,7,236,3.18,Japan,0,36,excellent,2012,221,0.99,0.54,0.46,0.93,0.99,0.59,0.93,0.48,2359.40
ART_03001,123,153,18819,0.80,acrylic,expressionism,8,395,4.75,Canada,0,13,fair,2010,60,0.99,0.72,0.54,0.90,0.99,0.52,0.63,0.86,5481.04
ART_03002,37,109,4033,0.34,digital,portrait,21,330,4.99,UAE,1,1,excellent,2015,128,0.99,0.65,0.69,0.35,0.89,0.52,0.37,0.48,1668.66
ART_03003,27,54,1458,0.50,mixed_media,abstract,3,57,4.83,Germany,1,1,excellent,2000,98,0.79,0.65,0.82,0.38,0.85,0.61,0.62,0.54,761.22
ART_03004,109,56,6104,1.95,mixed_media,surrealism,10,133,5.22,Turkey,0,78,new,1990,171,0.78,0.73,0.30,0.93,0.74,0.58,0.83,0.97,2735.10
ART_03005,99,28,2772,3.54,acrylic,realism,7,70,4.67,Canada,1,1,good,2002,91,0.99,0.67,0.68,0.41,0.87,0.89,0.50,0.53,1544.64
ART_03006,117,139,16263,0.84,gouache,expressionism,4,11,3.52,USA,1,1,fair,2005,180,0.59,0.64,0.77,0.50,0.61,0.96,0.75,0.55,1706.29
ART_03007,83,47,3901,1.77,oil,conceptual,11,135,3.56,Italy,0,33,good,2009,16,0.97,0.50,0.84,0.52,0.93,0.52,0.81,0.86,1502.32
ART_03008,145,31,4495,4.68,mixed_media,realism,23,20,5.40,UAE,1,1,excellent,2002,11,0.86,0.58,0.56,0.94,0.79,0.57,0.52,0.48,1921.25
ART_03009,76,62,4712,1.23,acrylic,minimalism,21,242,3.50,India,1,1,excellent,2013,63,0.99,0.86,0.90,0.60,0.82,0.99,0.42,0.82,2304.90
ART_03010,37,36,1332,1.03,watercolor,conceptual,16,160,4.80,India,1,1,good,1994,62,0.83,0.84,0.87,0.81,0.76,0.87,0.42,0.88,908.94
ART_03011,71,73,5183,0.97,acrylic,surrealism,2,61,4.67,Germany,1,1,excellent,2024,198,0.89,0.70,0.54,0.83,0.91,0.51,0.34,0.65,1882.31
ART_03012,103,86,8858,1.20,mixed_media,conceptual,18,42,3.26,UK,1,1,good,1998,60,0.99,0.89,0.68,0.55,0.99,0.79,0.63,0.59,3389.33
ART_03013,158,71,11218,2.23,watercolor,impressionism,25,30,3.97,Turkey,1,1,good,2000,110,0.99,0.80,0.45,0.33,0.88,0.54,0.67,0.58,3303.87
ART_03014,35,140,4900,0.25,watercolor,realism,18,339,4.29,Pakistan,1,1,good,1990,246,0.99,0.64,0.57,0.40,0.98,0.92,0.46,0.93,3574.52
ART_03015,113,136,15368,0.83,charcoal,portrait,9,21,4.44,UK,1,1,new,2017,142,0.73,0.60,0.82,0.50,0.56,0.91,0.45,0.45,1908.74
ART_03016,158,112,17696,1.41,oil,realism,19,20,4.08,USA,1,1,excellent,2002,91,0.99,0.72,0.31,0.78,0.85,0.61,0.89,0.75,6090.24
ART_03017,58,110,6380,0.53,pastel,expressionism,14,240,4.91,France,0,54,excellent,2010,97,0.99,0.70,0.44,0.65,0.84,0.61,0.39,0.75,1599.31
ART_03018,87,48,4176,1.81,charcoal,expressionism,23,5,4.86,UAE,1,1,fair,2010,161,0.99,0.86,0.89,0.57,0.79,0.65,0.69,0.96,2030.80
ART_03019,114,49,5586,2.33,ink,minimalism,22,207,4.15,UAE,1,1,fair,2019,186,0.99,0.90,0.48,0.63,0.79,0.79,0.74,0.97,2392.65
ART_03020,51,151,7701,0.34,digital,impressionism,4,355,3.68,Pakistan,1,1,good,2014,240,0.99,0.63,0.38,0.68,0.99,0.78,0.61,0.95,2780.72
ART_03021,159,155,24645,1.03,acrylic,minimalism,21,398,4.68,Turkey,1,1,new,2019,164,0.99,0.93,0.89,0.82,0.67,0.90,0.45,0.67,9096.11
ART_03022,71,90,6390,0.79,digital,surrealism,21,310,4.31,Germany,1,1,excellent,2019,126,0.99,0.94,0.72,0.75,0.82,0.62,0.93,0.95,4189.71
ART_03023,46,146,6716,0.32,mixed_media,minimalism,2,224,4.11,Bangladesh,0,6,excellent,2004,215,0.99,0.81,0.82,0.81,0.88,0.97,0.90,0.82,2746.91
ART_03024,139,150,20850,0.93,watercolor,minimalism,22,270,3.70,France,1,1,excellent,2013,189,0.99,0.94,0.49,0.31,0.71,0.73,0.88,0.67,6641.21
ART_03025,25,66,1650,0.38,ink,expressionism,23,321,5.42,UAE,0,76,good,2001,150,0.99,0.77,0.73,0.89,0.67,0.71,0.62,0.62,698.89
ART_03026,115,75,8625,1.53,pastel,portrait,6,398,4.61,France,1,1,fair,2024,58,0.99,0.60,0.77,0.61,0.69,0.87,0.41,0.96,3011.24
ART_03027,72,29,2088,2.48,mixed_media,realism,0,415,4.39,Turkey,1,1,excellent,2021,179,0.93,0.64,0.50,0.66,0.95,0.99,0.46,0.76,1587.66
ART_03028,100,119,11900,0.84,pastel,abstract,9,253,5.63,Canada,1,1,new,2023,24,0.99,0.72,0.60,0.83,0.57,0.62,0.48,0.57,3022.40
ART_03029,105,120,12600,0.88,mixed_media,impressionism,5,219,4.24,France,1,1,excellent,2005,246,0.95,0.60,0.84,0.53,0.99,0.77,0.88,0.53,5639.50
ART_03030,133,127,16891,1.05,digital,abstract,24,30,3.23,Pakistan,1,1,new,2009,15,0.87,0.64,0.83,0.85,0.99,0.64,0.77,0.86,3816.49
ART_03031,47,108,5076,0.44,oil,portrait,12,111,3.16,Canada,1,1,new,2018,21,0.99,0.95,0.72,0.67,0.93,0.62,0.47,0.84,2637.71
ART_03032,100,118,11800,0.85,acrylic,minimalism,25,65,4.91,USA,0,30,good,1999,133,0.89,0.49,0.78,0.79,0.59,0.70,0.70,0.87,3589.17
ART_03033,76,44,3344,1.73,gouache,impressionism,0,0,3.68,UAE,0,65,good,1998,125,0.59,0.61,0.86,0.43,0.96,0.67,0.49,0.48,431.49
ART_03034,130,121,15730,1.07,charcoal,realism,8,368,4.39,Italy,1,1,new,2014,57,0.99,0.95,0.64,0.77,0.99,0.73,0.58,0.56,3814.66
ART_03035,121,83,10043,1.46,gouache,conceptual,6,60,3.15,Turkey,1,1,excellent,2015,42,0.99,0.70,0.48,0.48,0.72,0.53,0.60,0.79,2011.33
ART_03036,140,53,7420,2.64,mixed_media,impressionism,4,103,3.73,Japan,1,1,new,1998,110,0.99,0.66,0.41,0.85,0.90,0.60,0.57,0.46,2736.26
ART_03037,136,118,16048,1.15,mixed_media,abstract,17,305,4.49,Japan,1,1,new,2012,113,0.88,0.95,0.49,0.52,0.62,0.99,0.96,0.42,6773.34
ART_03038,110,158,17380,0.70,charcoal,expressionism,2,53,3.14,UK,1,1,new,2000,167,0.98,0.74,0.28,0.38,0.99,0.56,0.56,0.74,3387.32
ART_03039,120,126,15120,0.95,pastel,realism,12,155,3.63,France,1,1,excellent,1993,145,0.89,0.59,0.29,0.42,0.92,0.59,0.90,0.64,3266.25
ART_03040,153,153,23409,1.00,acrylic,expressionism,23,2,3.99,UK,0,69,good,2017,173,0.99,0.80,0.62,0.35,0.62,0.89,0.35,0.48,2582.42
ART_03041,127,132,16764,0.96,charcoal,realism,3,3,4.31,USA,1,1,fair,2023,37,0.74,0.87,0.30,0.83,0.89,0.73,0.84,0.53,1606.78
ART_03042,35,125,4375,0.28,oil,surrealism,16,0,3.76,Germany,1,1,new,2026,77,0.75,0.56,0.71,0.84,0.85,0.84,0.55,0.86,1906.50
ART_03043,117,46,5382,2.54,charcoal,conceptual,16,5,4.15,Pakistan,1,1,good,1997,179,0.94,0.89,0.43,0.69,0.99,0.99,0.69,0.48,1966.05
ART_03044,102,131,13362,0.78,ink,realism,23,58,5.51,Canada,1,1,excellent,2021,34,0.99,0.84,0.84,0.39,0.57,0.97,0.44,0.94,3720.53
ART_03045,51,92,4692,0.55,acrylic,conceptual,17,70,3.24,USA,1,1,good,2003,152,0.99,0.91,0.73,0.62,0.63,0.99,0.44,0.82,2428.99
ART_03046,118,102,12036,1.16,digital,conceptual,4,198,3.05,France,1,1,excellent,1996,108,0.97,0.88,0.73,0.46,0.78,0.99,0.49,0.64,2549.13
ART_03047,37,99,3663,0.37,acrylic,impressionism,20,248,5.80,Germany,1,1,new,2016,209,0.99,0.74,0.40,0.73,0.91,0.53,0.60,0.93,3912.85
ART_03048,108,95,10260,1.14,oil,realism,25,122,4.88,Germany,1,1,new,2020,175,0.92,0.88,0.89,0.81,0.62,0.90,0.30,0.81,5583.78
ART_03049,122,102,12444,1.20,pastel,abstract,6,12,4.09,France,1,1,excellent,2010,192,0.66,0.57,0.32,0.52,0.74,0.53,0.92,0.82,2615.80
ART_03050,39,159,6201,0.25,digital,abstract,9,210,3.91,Bangladesh,1,1,excellent,2011,222,0.90,0.79,0.70,0.88,0.57,0.66,0.52,0.86,2412.09
ART_03051,48,27,1296,1.78,charcoal,impressionism,11,89,4.06,Italy,1,1,new,2012,215,0.99,0.78,0.90,0.94,0.99,0.52,0.51,0.77,949.24
ART_03052,92,140,12880,0.66,watercolor,realism,25,280,5.74,Bangladesh,0,15,new,2018,66,0.99,0.52,0.70,0.55,0.99,0.73,0.77,0.73,5023.90
ART_03053,84,103,8652,0.82,watercolor,impressionism,5,313,4.07,Canada,1,1,good,1992,124,0.91,0.60,0.46,0.51,0.63,0.95,0.97,0.61,3058.07
ART_03054,142,155,22010,0.92,digital,abstract,14,222,5.03,India,1,1,fair,2024,166,0.99,0.72,0.89,0.74,0.72,0.99,0.62,0.82,5822.90
ART_03055,36,148,5328,0.24,gouache,impressionism,2,206,4.90,Pakistan,1,1,new,2003,78,0.97,0.66,0.67,0.36,0.98,0.92,0.52,0.43,1991.03
ART_03056,90,22,1980,4.09,oil,conceptual,15,24,3.05,Japan,1,1,good,2012,186,0.99,0.91,0.63,0.68,0.76,0.95,0.56,0.76,1261.67
ART_03057,157,70,10990,2.24,gouache,expressionism,14,1,4.33,UAE,0,27,good,2005,62,0.73,0.77,0.33,0.57,0.59,0.54,0.41,0.96,1843.60
ART_03058,98,46,4508,2.13,gouache,portrait,7,359,5.64,France,1,1,good,1999,200,0.90,0.59,0.31,0.68,0.61,0.52,0.93,0.56,2204.55
ART_03059,120,131,15720,0.92,digital,landscape,20,87,3.66,Japan,1,1,good,1996,174,0.83,0.81,0.50,0.78,0.91,0.58,0.93,0.83,4274.30
ART_03060,95,85,8075,1.12,mixed_media,abstract,0,84,3.32,Germany,1,1,good,2017,62,0.99,0.67,0.71,0.51,0.92,0.77,0.79,0.89,3057.54
ART_03061,48,152,7296,0.32,mixed_media,minimalism,12,372,4.35,Bangladesh,1,1,fair,2014,163,0.99,0.79,0.65,0.63,0.97,0.81,0.50,0.54,3302.73
ART_03062,63,26,1638,2.42,watercolor,impressionism,1,9,4.81,France,1,1,good,2019,151,0.86,0.87,0.29,0.55,0.74,0.64,0.93,0.53,652.30
ART_03063,33,131,4323,0.25,gouache,abstract,6,43,2.83,Bangladesh,1,1,excellent,2023,44,0.89,0.74,0.59,0.42,0.56,0.71,0.93,0.92,1207.19
ART_03064,49,21,1029,2.33,charcoal,minimalism,17,99,5.33,Bangladesh,0,17,excellent,1998,123,0.99,0.53,0.41,0.81,0.99,0.79,0.57,0.43,569.29
ART_03065,117,102,11934,1.15,gouache,abstract,15,161,5.12,France,1,1,fair,2011,64,0.94,0.83,0.76,0.74,0.79,0.76,0.57,0.94,3273.10
ART_03066,67,40,2680,1.68,pastel,conceptual,10,100,3.65,UAE,1,1,new,2009,237,0.91,0.80,0.86,0.47,0.69,0.90,0.55,0.44,1120.14
ART_03067,145,152,22040,0.95,gouache,impressionism,21,1,4.09,Canada,1,1,new,2021,222,0.98,0.86,0.80,0.63,0.92,0.74,0.44,0.83,5489.31
ART_03068,90,31,2790,2.90,acrylic,realism,17,298,4.11,Canada,1,1,good,2003,203,0.99,0.60,0.61,0.68,0.63,0.88,0.66,0.43,1412.71
ART_03069,132,54,7128,2.44,pastel,abstract,25,270,4.32,Japan,0,70,fair,2016,213,0.99,0.54,0.44,0.91,0.93,0.66,0.55,0.65,1638.99
ART_03070,49,116,5684,0.42,digital,expressionism,20,63,5.60,Canada,1,1,new,2000,51,0.99,0.83,0.37,0.59,0.59,0.95,0.47,0.54,2495.19
ART_03071,75,41,3075,1.83,charcoal,impressionism,0,300,4.85,India,1,1,good,1992,22,0.99,0.65,0.78,0.53,0.73,0.96,0.54,0.96,1551.63
ART_03072,33,147,4851,0.22,digital,abstract,4,265,3.20,Italy,0,6,new,1990,19,0.92,0.49,0.35,0.53,0.59,0.98,0.78,0.82,1541.10
ART_03073,128,114,14592,1.12,pastel,portrait,13,409,4.74,France,1,1,good,1999,69,0.89,0.86,0.66,0.58,0.92,0.88,0.61,0.73,4966.77
ART_03074,117,68,7956,1.72,ink,impressionism,10,145,5.46,France,1,1,fair,2009,244,0.76,0.96,0.70,0.83,0.94,0.71,0.80,0.67,2251.64
ART_03075,80,140,11200,0.57,acrylic,landscape,5,10,3.91,Bangladesh,1,1,fair,2010,233,0.65,0.81,0.60,0.89,0.71,0.50,0.74,0.47,1562.63
ART_03076,26,25,650,1.04,mixed_media,pop_art,15,147,4.02,Bangladesh,0,12,new,1992,226,0.83,0.86,0.31,0.58,0.73,0.71,0.33,0.86,755.74
ART_03077,28,74,2072,0.38,mixed_media,conceptual,9,190,4.79,UAE,1,1,new,1993,65,0.83,0.90,0.47,0.81,0.98,0.70,0.95,0.95,1801.31
ART_03078,127,122,15494,1.04,watercolor,pop_art,3,225,4.52,Bangladesh,1,1,new,2002,102,0.92,0.72,0.72,0.43,0.57,0.59,0.44,0.45,3062.49
ART_03079,56,144,8064,0.39,ink,landscape,18,342,4.07,India,1,1,excellent,2021,244,0.99,0.72,0.69,0.41,0.99,0.53,0.34,0.75,2694.55
ART_03080,122,43,5246,2.84,ink,surrealism,9,0,4.84,Bangladesh,1,1,excellent,2014,52,0.59,0.92,0.29,0.35,0.53,0.87,0.69,0.74,1209.07
ART_03081,136,157,21352,0.87,mixed_media,conceptual,15,164,4.81,France,0,59,fair,2009,96,0.99,0.84,0.44,0.60,0.75,0.97,0.63,0.44,2672.16
ART_03082,59,92,5428,0.64,watercolor,expressionism,11,10,4.80,Turkey,1,1,excellent,2011,118,0.79,0.61,0.49,0.67,0.89,0.96,0.27,0.46,1435.52
ART_03083,123,61,7503,2.02,watercolor,impressionism,14,158,4.45,Turkey,1,1,new,2023,52,0.86,0.78,0.37,0.48,0.63,0.88,0.44,0.54,2058.37
ART_03084,24,43,1032,0.56,oil,conceptual,10,211,4.69,Turkey,0,8,good,1993,66,0.92,0.71,0.30,0.51,0.96,0.70,0.26,0.93,1167.83
ART_03085,21,95,1995,0.22,mixed_media,minimalism,9,16,4.52,USA,1,1,fair,2000,160,0.99,0.90,0.38,0.40,0.75,0.90,0.85,0.92,1192.82
ART_03086,67,66,4422,1.02,ink,landscape,18,126,5.03,Japan,1,1,excellent,2012,222,0.99,0.89,0.31,0.65,0.70,0.95,0.45,0.62,1735.77
ART_03087,145,83,12035,1.75,mixed_media,conceptual,11,368,5.72,Bangladesh,1,1,good,2019,142,0.99,0.96,0.33,0.49,0.62,0.88,0.86,0.61,4731.12
ART_03088,111,94,10434,1.18,charcoal,landscape,3,202,3.79,USA,1,1,new,2023,244,0.77,0.91,0.61,0.79,0.60,0.89,0.84,0.79,2213.13
ART_03089,47,153,7191,0.31,pastel,minimalism,16,82,3.41,Canada,1,1,excellent,1991,91,0.99,0.73,0.37,0.83,0.75,0.83,0.45,0.44,1776.51
ART_03090,45,115,5175,0.39,digital,realism,16,148,4.97,USA,0,38,fair,2020,217,0.99,0.57,0.59,0.58,0.99,0.56,0.87,0.67,1452.31
ART_03091,71,157,11147,0.45,watercolor,portrait,9,404,4.77,UAE,1,1,new,2010,159,0.99,0.60,0.33,0.59,0.74,0.74,0.54,0.98,4464.98
ART_03092,100,119,11900,0.84,pastel,impressionism,22,130,3.48,Bangladesh,1,1,good,2014,25,0.99,0.83,0.35,0.93,0.92,0.79,0.63,0.55,3175.86
ART_03093,95,130,12350,0.73,ink,minimalism,14,10,4.32,USA,1,1,excellent,2025,94,0.89,0.73,0.53,0.38,0.64,0.49,0.29,0.72,2013.05
ART_03094,63,148,9324,0.43,charcoal,portrait,16,147,5.14,USA,0,11,new,2006,88,0.99,0.86,0.46,0.62,0.66,0.84,0.94,0.72,2559.52
ART_03095,29,135,3915,0.21,oil,portrait,2,86,3.67,Bangladesh,1,1,good,2000,58,0.94,0.80,0.49,0.72,0.82,0.68,0.93,0.44,1741.02
ART_03096,42,71,2982,0.59,oil,pop_art,9,42,3.98,Germany,0,22,good,2024,39,0.92,0.58,0.56,0.59,0.84,0.90,0.51,0.89,1252.80
ART_03097,54,101,5454,0.53,pastel,portrait,11,123,5.42,UK,1,1,excellent,2003,60,0.99,0.65,0.75,0.31,0.59,0.74,0.38,0.61,1843.99
ART_03098,140,137,19180,1.02,acrylic,expressionism,11,183,3.86,France,1,1,fair,2001,159,0.89,0.96,0.78,0.82,0.66,0.84,0.66,0.74,5002.03
ART_03099,102,119,12138,0.86,mixed_media,expressionism,3,8,3.53,Canada,0,39,excellent,2011,94,0.80,0.81,0.53,0.36,0.99,0.55,0.26,0.85,2121.39
ART_03100,96,109,10464,0.88,pastel,portrait,4,278,4.12,Italy,1,1,new,1990,200,0.79,0.71,0.44,0.69,0.62,0.69,0.26,0.58,2555.18
ART_03101,79,129,10191,0.61,acrylic,impressionism,18,82,5.07,Italy,1,1,new,2012,142,0.93,0.81,0.37,0.78,0.83,0.76,0.71,0.67,5409.85
ART_03102,130,69,8970,1.88,oil,portrait,19,128,4.75,Germany,1,1,excellent,2004,236,0.99,0.74,0.57,0.65,0.56,0.88,0.67,0.45,4625.10
ART_03103,33,75,2475,0.44,charcoal,pop_art,11,171,4.61,Germany,1,1,good,2009,190,0.98,0.91,0.80,0.41,0.89,0.79,0.85,0.57,1445.04
ART_03104,90,30,2700,3.00,watercolor,pop_art,12,19,2.90,Japan,1,1,good,2017,14,0.91,0.71,0.67,0.80,0.97,0.84,0.33,0.54,740.28
ART_03105,139,41,5699,3.39,charcoal,landscape,13,1,4.76,USA,0,25,fair,2013,89,0.59,0.48,0.84,0.67,0.64,0.58,0.41,0.87,709.05
ART_03106,114,146,16644,0.78,ink,landscape,24,329,4.90,Canada,0,30,fair,2019,170,0.99,0.74,0.71,0.45,0.81,0.53,0.42,0.75,3283.19
ART_03107,84,145,12180,0.58,digital,realism,1,6,3.97,Turkey,0,70,new,2007,197,0.93,0.66,0.71,0.91,0.99,0.82,0.58,0.69,1480.26
ART_03108,73,89,6497,0.82,ink,impressionism,10,5,2.96,Japan,1,1,good,2001,71,0.96,0.78,0.35,0.60,0.99,0.67,0.88,0.66,1632.76
ART_03109,92,93,8556,0.99,pastel,conceptual,9,21,4.47,Germany,1,1,new,2013,151,0.72,0.92,0.44,0.41,0.84,0.50,0.82,0.66,2265.66
ART_03110,149,66,9834,2.26,ink,expressionism,19,26,4.51,Pakistan,1,1,excellent,2024,236,0.83,0.62,0.84,0.31,0.83,0.68,0.26,0.95,2965.86
ART_03111,51,101,5151,0.50,watercolor,landscape,13,302,5.34,Turkey,1,1,fair,2011,86,0.99,0.58,0.72,0.54,0.76,0.55,0.94,0.42,1457.37
ART_03112,33,49,1617,0.67,charcoal,conceptual,17,11,5.28,USA,1,1,fair,2024,100,0.75,0.71,0.81,0.66,0.67,0.59,0.35,0.51,495.87
ART_03113,139,131,18209,1.06,oil,impressionism,13,17,4.66,USA,1,1,fair,2026,26,0.80,0.88,0.63,0.74,0.83,0.66,0.56,0.89,4995.77
ART_03114,28,101,2828,0.28,pastel,portrait,0,9,3.10,Canada,0,70,good,2014,113,0.93,0.77,0.81,0.30,0.74,0.76,0.31,0.58,403.31
ART_03115,25,75,1875,0.33,pastel,conceptual,3,114,4.04,Germany,1,1,excellent,1996,170,0.68,0.84,0.41,0.78,0.81,0.67,0.57,0.84,836.80
ART_03116,110,115,12650,0.96,gouache,realism,19,115,4.52,Turkey,0,81,new,2010,159,0.99,0.57,0.45,0.62,0.91,0.57,0.28,0.74,1950.59
ART_03117,44,82,3608,0.54,oil,realism,14,121,3.34,France,1,1,good,2010,52,0.97,0.58,0.73,0.35,0.83,0.68,0.38,0.47,1463.11
ART_03118,96,25,2400,3.84,mixed_media,realism,11,226,5.65,India,0,54,excellent,2018,189,0.97,0.53,0.42,0.72,0.56,0.88,0.52,0.67,1340.29
ART_03119,117,160,18720,0.73,oil,landscape,8,20,2.94,Pakistan,0,72,good,2006,109,0.91,0.57,0.84,0.72,0.74,0.63,0.47,0.47,1771.72
ART_03120,33,32,1056,1.03,gouache,landscape,23,323,5.35,France,1,1,fair,1990,11,0.99,0.60,0.37,0.60,0.95,0.94,0.93,0.65,1104.07
ART_03121,79,122,9638,0.65,watercolor,portrait,18,338,3.59,Turkey,0,60,good,2021,232,0.99,0.74,0.70,0.37,0.78,0.65,0.42,0.63,2046.86
ART_03122,149,79,11771,1.89,digital,conceptual,10,286,3.34,France,0,79,excellent,2008,165,0.99,0.67,0.76,0.37,0.79,0.76,0.68,0.72,2040.73
ART_03123,68,142,9656,0.48,charcoal,surrealism,14,194,5.35,Pakistan,1,1,new,2011,191,0.99,0.57,0.82,0.69,0.63,0.74,0.81,0.57,3848.52
ART_03124,69,95,6555,0.73,mixed_media,pop_art,25,213,5.15,USA,1,1,excellent,2016,18,0.99,0.59,0.50,0.61,0.99,0.73,0.63,0.84,4779.68
ART_03125,113,66,7458,1.71,gouache,landscape,22,8,3.93,Germany,0,69,excellent,2019,45,0.89,0.84,0.76,0.53,0.59,0.50,0.92,0.53,988.52
ART_03126,61,142,8662,0.43,pastel,abstract,16,410,4.40,Italy,0,59,excellent,2008,106,0.93,0.60,0.76,0.82,0.60,0.57,0.54,0.75,1914.59
ART_03127,48,145,6960,0.33,acrylic,surrealism,23,74,4.93,Bangladesh,1,1,fair,1993,197,0.99,0.67,0.73,0.43,0.57,0.79,0.25,0.42,2853.55
ART_03128,45,50,2250,0.90,pastel,conceptual,19,138,3.96,UAE,1,1,new,2020,210,0.99,0.65,0.45,0.61,0.99,0.99,0.82,0.98,1882.80
ART_03129,112,76,8512,1.47,gouache,minimalism,11,14,5.20,India,1,1,good,2005,111,0.99,0.77,0.53,0.50,0.89,0.56,0.95,0.79,2253.53
ART_03130,26,36,936,0.72,pastel,landscape,21,13,3.56,UK,0,69,fair,2006,35,0.99,0.71,0.72,0.46,0.64,0.71,0.46,0.42,203.19
ART_03131,33,73,2409,0.45,charcoal,realism,9,31,3.63,India,1,1,new,2013,182,0.73,0.65,0.89,0.90,0.89,0.71,0.70,0.93,1035.00
ART_03132,159,60,9540,2.65,pastel,landscape,7,271,5.11,Germany,0,76,good,2021,46,0.89,0.78,0.76,0.69,0.99,0.56,0.92,0.76,1840.61
ART_03133,73,36,2628,2.03,gouache,surrealism,2,81,4.86,Pakistan,1,1,fair,2009,226,0.70,0.84,0.89,0.53,0.60,0.55,0.45,0.57,815.70
ART_03134,106,94,9964,1.13,digital,minimalism,6,7,4.78,UAE,1,1,good,1995,186,0.98,0.90,0.82,0.90,0.64,0.71,0.44,0.85,2883.41
ART_03135,114,149,16986,0.77,oil,abstract,23,74,5.04,UK,0,68,good,1997,215,0.90,0.50,0.55,0.57,0.99,0.96,0.70,0.96,5443.33
ART_03136,142,125,17750,1.14,mixed_media,portrait,8,282,3.18,Canada,0,49,good,2006,166,0.97,0.81,0.50,0.75,0.59,0.70,0.67,0.83,3965.09
ART_03137,108,130,14040,0.83,charcoal,minimalism,22,94,5.49,Germany,1,1,excellent,2009,25,0.99,0.65,0.33,0.30,0.70,0.88,0.29,0.52,2766.52
ART_03138,159,64,10176,2.48,mixed_media,conceptual,14,126,3.18,UK,1,1,excellent,2005,108,0.97,0.76,0.77,0.39,0.82,0.64,0.41,0.48,2380.40
ART_03139,101,141,14241,0.72,gouache,realism,15,355,5.45,France,1,1,new,1993,11,0.99,0.70,0.69,0.85,0.69,0.99,0.73,0.61,5074.34
ART_03140,112,88,9856,1.27,charcoal,pop_art,1,12,3.06,Canada,1,1,good,2010,105,0.63,0.58,0.52,0.94,0.91,0.85,0.67,0.91,1592.07
ART_03141,73,93,6789,0.78,charcoal,landscape,15,162,3.18,Pakistan,1,1,fair,1994,202,0.99,0.83,0.37,0.43,0.66,0.87,0.75,0.54,1643.35
ART_03142,125,21,2625,5.95,gouache,abstract,10,37,3.95,USA,1,1,good,2009,85,0.76,0.90,0.38,0.76,0.90,0.60,0.64,0.61,856.16
ART_03143,65,154,10010,0.42,watercolor,conceptual,5,11,4.23,Bangladesh,0,72,fair,2010,146,0.99,0.52,0.47,0.93,0.99,0.99,0.77,0.69,1145.58
ART_03144,121,52,6292,2.33,watercolor,impressionism,11,235,4.76,Germany,1,1,excellent,1990,47,0.99,0.88,0.50,0.87,0.98,0.54,0.27,0.63,3288.56
ART_03145,22,157,3454,0.14,watercolor,surrealism,11,63,3.25,India,0,39,excellent,2023,126,0.99,0.82,0.53,0.43,0.87,0.80,0.49,0.55,743.73
ART_03146,61,29,1769,2.10,acrylic,portrait,22,228,5.27,USA,0,29,new,2022,67,0.98,0.54,0.77,0.75,0.84,0.57,0.32,0.52,838.88
ART_03147,127,56,7112,2.27,acrylic,minimalism,9,49,3.11,Bangladesh,0,64,new,1997,65,0.99,0.47,0.36,0.80,0.80,0.77,0.65,0.97,1555.09
ART_03148,100,156,15600,0.64,mixed_media,pop_art,16,83,4.29,Bangladesh,1,1,excellent,1995,50,0.99,0.88,0.85,0.79,0.55,0.81,0.87,0.63,4598.44
ART_03149,61,80,4880,0.76,pastel,conceptual,21,413,5.56,Italy,1,1,fair,1997,144,0.99,0.57,0.89,0.50,0.77,0.58,0.83,0.42,2130.24
ART_03150,111,24,2664,4.63,acrylic,impressionism,3,362,3.34,Bangladesh,1,1,good,2007,219,0.93,0.57,0.54,0.74,0.71,0.88,0.69,0.54,1595.48
ART_03151,73,94,6862,0.78,acrylic,pop_art,2,329,4.61,UAE,1,1,fair,1993,92,0.99,0.85,0.49,0.49,0.85,0.86,0.68,0.43,2597.85
ART_03152,63,27,1701,2.33,pastel,realism,17,142,4.10,UK,0,84,good,2000,198,0.99,0.64,0.65,0.82,0.58,0.93,0.46,0.84,580.31
ART_03153,21,27,567,0.78,ink,impressionism,6,281,5.33,India,1,1,new,2006,244,0.99,0.88,0.40,0.83,0.99,0.55,0.34,0.45,541.22
ART_03154,103,49,5047,2.10,gouache,impressionism,24,197,3.94,Bangladesh,0,46,fair,1997,66,0.99,0.64,0.32,0.73,0.96,0.66,0.57,0.98,1481.86
ART_03155,153,151,23103,1.01,watercolor,impressionism,3,33,4.18,Canada,0,65,excellent,2023,198,0.72,0.84,0.73,0.92,0.60,0.54,0.28,0.62,1957.20
ART_03156,151,154,23254,0.98,ink,landscape,18,10,5.03,Turkey,1,1,good,2000,181,0.99,0.76,0.78,0.43,0.99,0.90,0.46,0.69,5246.36
ART_03157,60,122,7320,0.49,watercolor,surrealism,13,116,3.19,Turkey,0,54,good,2022,219,0.99,0.69,0.87,0.33,0.97,0.50,0.94,0.94,2011.08
ART_03158,71,123,8733,0.58,digital,impressionism,13,330,4.42,Germany,1,1,good,2003,76,0.87,0.80,0.50,0.57,0.84,0.55,0.34,0.51,2221.04
ART_03159,132,24,3168,5.50,pastel,realism,2,19,4.99,India,0,49,excellent,2009,106,0.79,0.85,0.84,0.87,0.91,0.69,0.53,0.55,743.32
ART_03160,69,156,10764,0.44,digital,conceptual,15,122,3.80,USA,0,50,fair,2015,207,0.90,0.58,0.46,0.30,0.81,0.97,0.34,0.43,1077.95
ART_03161,123,103,12669,1.19,digital,surrealism,22,37,3.72,USA,1,1,fair,2026,95,0.99,0.64,0.78,0.75,0.59,0.86,0.50,0.96,3093.86
ART_03162,70,76,5320,0.92,pastel,realism,1,367,3.57,India,1,1,fair,2006,217,0.98,0.77,0.58,0.68,0.62,0.70,0.65,0.96,1857.98
ART_03163,35,84,2940,0.42,pastel,portrait,14,88,4.10,France,0,50,good,2000,206,0.98,0.64,0.51,0.43,0.74,0.86,0.49,0.65,731.27
ART_03164,116,109,12644,1.06,pastel,abstract,0,2,4.58,UAE,1,1,fair,2004,239,0.75,0.73,0.89,0.38,0.56,0.70,0.28,0.73,2119.25
ART_03165,29,61,1769,0.48,gouache,realism,14,253,3.70,Germany,0,13,good,2021,116,0.94,0.82,0.32,0.83,0.61,0.73,0.60,0.75,665.79
ART_03166,30,20,600,1.50,ink,impressionism,20,348,5.65,USA,1,1,new,2013,103,0.99,0.81,0.59,0.82,0.96,0.66,0.49,0.57,808.47
ART_03167,75,154,11550,0.49,digital,abstract,17,48,3.59,Germany,1,1,good,2014,214,0.77,0.83,0.40,0.87,0.67,0.67,0.66,0.88,2582.53
ART_03168,150,46,6900,3.26,digital,landscape,3,303,3.31,USA,0,69,new,1991,41,0.79,0.78,0.68,0.84,0.58,0.81,0.95,0.57,1182.40
ART_03169,86,40,3440,2.15,mixed_media,portrait,10,6,3.51,Pakistan,1,1,fair,2001,160,0.66,0.75,0.41,0.77,0.97,0.52,0.65,0.55,1154.52
ART_03170,133,145,19285,0.92,oil,expressionism,6,22,3.01,Canada,1,1,new,2025,47,0.74,0.63,0.58,0.37,0.63,0.70,0.80,0.66,2913.61
ART_03171,81,69,5589,1.17,gouache,expressionism,2,18,4.42,Germany,1,1,new,1993,212,0.61,0.72,0.84,0.82,0.69,0.65,0.81,0.48,1426.97
ART_03172,46,70,3220,0.66,acrylic,conceptual,24,349,4.01,India,1,1,excellent,2024,33,0.99,0.85,0.64,0.95,0.99,0.78,0.34,0.44,2040.46
ART_03173,152,122,18544,1.25,acrylic,realism,3,22,2.94,Pakistan,1,1,fair,2004,55,0.91,0.82,0.33,0.75,0.96,0.51,0.60,0.87,3745.52
ART_03174,118,98,11564,1.20,charcoal,expressionism,14,187,3.78,UK,1,1,fair,1990,165,0.99,0.81,0.81,0.51,0.91,0.54,0.35,0.46,2342.04
ART_03175,141,98,13818,1.44,mixed_media,expressionism,16,95,5.30,India,1,1,good,2011,50,0.98,0.90,0.51,0.89,0.85,0.78,0.46,0.45,4728.23
ART_03176,108,63,6804,1.71,watercolor,portrait,13,8,5.18,India,0,50,new,2014,227,0.97,0.64,0.88,0.94,0.74,0.97,0.56,0.86,1789.50
ART_03177,27,143,3861,0.19,watercolor,conceptual,20,381,5.94,Bangladesh,1,1,good,1990,15,0.99,0.68,0.87,0.39,0.59,0.92,0.59,0.95,2742.77
ART_03178,121,150,18150,0.81,pastel,portrait,20,54,4.64,USA,1,1,fair,2003,180,0.99,0.93,0.60,0.61,0.93,0.68,0.35,0.93,4430.70
ART_03179,57,94,5358,0.61,digital,minimalism,23,82,5.08,France,0,54,good,2019,239,0.99,0.67,0.43,0.82,0.99,0.81,0.67,0.45,1128.35
ART_03180,151,83,12533,1.82,charcoal,portrait,14,121,3.19,Bangladesh,0,43,good,1996,20,0.99,0.68,0.38,0.35,0.99,0.95,0.46,0.76,2108.22
ART_03181,57,97,5529,0.59,watercolor,realism,25,404,4.74,Germany,1,1,excellent,2015,15,0.99,0.81,0.52,0.55,0.93,0.53,0.30,0.59,2608.45
ART_03182,90,27,2430,3.33,charcoal,portrait,7,64,3.72,Canada,0,18,good,2001,42,0.98,0.56,0.67,0.38,0.80,0.89,0.37,0.72,636.94
ART_03183,40,64,2560,0.63,ink,expressionism,8,57,4.25,USA,1,1,good,2023,236,0.78,0.80,0.67,0.59,0.58,0.68,0.59,0.86,840.95
ART_03184,147,51,7497,2.88,digital,minimalism,1,284,3.70,Japan,1,1,fair,2011,101,0.99,0.93,0.33,0.55,0.58,0.65,0.33,0.61,1590.85
ART_03185,25,32,800,0.78,charcoal,surrealism,12,8,3.32,France,0,72,new,2019,110,0.70,0.57,0.80,0.34,0.89,0.55,0.76,0.63,194.61
ART_03186,138,158,21804,0.87,acrylic,abstract,24,124,3.71,UK,1,1,excellent,1997,42,0.99,0.84,0.80,0.71,0.99,0.83,0.30,0.67,7152.96
ART_03187,123,124,15252,0.99,acrylic,expressionism,11,273,4.72,France,1,1,excellent,1991,200,0.99,0.80,0.85,0.65,0.77,0.99,0.77,0.57,7488.21
ART_03188,138,119,16422,1.16,pastel,expressionism,20,46,4.42,Bangladesh,1,1,excellent,1993,74,0.99,0.75,0.74,0.55,0.98,0.92,0.37,0.79,4996.55
ART_03189,26,107,2782,0.24,mixed_media,pop_art,18,184,4.50,UK,0,18,excellent,2004,27,0.90,0.61,0.69,0.63,0.67,0.77,0.64,0.96,1584.76
ART_03190,42,111,4662,0.38,digital,impressionism,18,74,3.40,France,0,14,good,2018,167,0.99,0.66,0.82,0.95,0.55,0.55,0.26,0.78,1071.93
ART_03191,62,110,6820,0.56,oil,conceptual,20,335,4.45,USA,0,49,good,2017,237,0.99,0.84,0.69,0.34,0.86,0.52,0.50,0.68,3052.36
ART_03192,87,46,4002,1.89,ink,portrait,19,292,5.19,UK,1,1,new,1998,61,0.99,0.57,0.60,0.44,0.83,0.61,0.47,0.54,1875.19
ART_03193,117,69,8073,1.70,ink,pop_art,17,349,4.92,Pakistan,0,15,good,2024,72,0.99,0.69,0.56,0.61,0.62,0.70,0.86,0.76,2425.58
ART_03194,137,21,2877,6.52,ink,conceptual,17,193,4.53,USA,1,1,excellent,2020,178,0.99,0.81,0.67,0.59,0.94,0.77,0.55,0.48,1369.50
ART_03195,30,45,1350,0.67,gouache,impressionism,9,69,3.83,Pakistan,0,10,good,2001,153,0.99,0.81,0.59,0.91,0.94,0.84,0.86,0.45,669.20
ART_03196,36,157,5652,0.23,ink,portrait,11,158,5.02,Germany,1,1,excellent,2011,235,0.95,0.87,0.47,0.49,0.99,0.79,0.47,0.47,2002.14
ART_03197,117,98,11466,1.19,digital,realism,1,165,4.94,UAE,1,1,excellent,2022,132,0.87,0.88,0.51,0.73,0.96,0.53,0.77,0.49,2493.69
ART_03198,34,123,4182,0.28,ink,conceptual,0,242,4.93,USA,1,1,good,1990,187,0.90,0.61,0.53,0.70,0.89,0.78,0.80,0.98,1989.44
ART_03199,55,69,3795,0.80,charcoal,conceptual,9,323,4.93,UAE,0,48,excellent,1996,55,0.99,0.82,0.60,0.58,0.60,0.79,0.45,0.86,1397.41
ART_03200,50,45,2250,1.11,ink,conceptual,4,188,3.08,Pakistan,1,1,new,2017,73,0.99,0.73,0.73,0.51,0.56,0.97,0.61,0.66,725.42
ART_03201,151,77,11627,1.96,pastel,conceptual,9,124,5.33,Turkey,1,1,new,1993,15,0.99,0.57,0.45,0.78,0.69,0.83,0.62,0.79,3987.01
ART_03202,98,41,4018,2.39,digital,pop_art,5,26,4.03,Italy,1,1,excellent,2013,159,0.79,0.68,0.57,0.90,0.61,0.81,0.29,0.67,1132.41
ART_03203,87,123,10701,0.71,digital,portrait,1,411,3.48,UAE,1,1,excellent,2023,171,0.99,0.73,0.47,0.32,0.78,0.75,0.45,0.58,2798.35
ART_03204,113,30,3390,3.77,mixed_media,realism,15,214,3.35,Pakistan,1,1,fair,2006,201,0.99,0.91,0.66,0.65,0.73,0.79,0.29,0.84,1680.99
ART_03205,54,143,7722,0.38,oil,landscape,12,7,3.81,UAE,1,1,fair,1996,25,0.71,0.87,0.80,0.71,0.74,0.63,0.34,0.55,1633.99
ART_03206,48,67,3216,0.72,mixed_media,landscape,15,87,4.77,Bangladesh,1,1,fair,2022,241,0.99,0.81,0.49,0.43,0.69,0.93,0.93,0.72,2129.20
ART_03207,24,153,3672,0.16,mixed_media,minimalism,13,59,3.98,Japan,1,1,excellent,2026,219,0.77,0.87,0.45,0.74,0.97,0.49,0.74,0.83,1725.74
ART_03208,29,59,1711,0.49,acrylic,realism,7,327,3.97,UAE,1,1,new,2003,45,0.79,0.94,0.66,0.80,0.91,0.92,0.58,0.42,1195.13
ART_03209,135,37,4995,3.65,ink,portrait,12,43,4.65,Pakistan,1,1,new,2006,57,0.97,0.73,0.54,0.92,0.81,0.98,0.28,0.43,1253.46
ART_03210,133,53,7049,2.51,digital,portrait,21,18,5.38,Pakistan,0,66,fair,2024,140,0.99,0.55,0.43,0.46,0.64,0.92,0.46,0.81,1345.48
ART_03211,37,49,1813,0.76,oil,realism,5,201,3.99,Canada,1,1,fair,1998,133,0.99,0.77,0.53,0.31,0.80,0.90,0.73,0.54,1052.30
ART_03212,104,128,13312,0.81,ink,abstract,6,413,3.97,UAE,1,1,fair,2004,192,0.99,0.72,0.34,0.83,0.59,0.69,0.58,0.78,2827.92
ART_03213,122,46,5612,2.65,watercolor,pop_art,20,8,4.91,Germany,1,1,fair,2026,210,0.92,0.60,0.58,0.44,0.73,0.91,0.26,0.43,1406.69
ART_03214,59,64,3776,0.92,mixed_media,landscape,15,105,3.75,Italy,1,1,excellent,1998,109,0.99,0.71,0.34,0.47,0.61,0.52,0.60,0.54,1443.68
ART_03215,64,55,3520,1.16,acrylic,abstract,6,57,4.62,Pakistan,1,1,good,2025,143,0.89,0.92,0.41,0.78,0.70,0.97,0.46,0.91,1691.38
ART_03216,76,157,11932,0.48,charcoal,abstract,8,134,3.46,Italy,1,1,fair,1990,135,0.99,0.67,0.52,0.45,0.77,0.65,0.26,0.49,1949.60
ART_03217,108,24,2592,4.50,gouache,portrait,12,31,3.08,Japan,1,1,good,2006,214,0.72,0.88,0.60,0.83,0.83,0.75,0.67,0.48,660.39
ART_03218,20,135,2700,0.15,pastel,realism,0,50,3.74,USA,0,26,fair,1992,171,0.99,0.81,0.36,0.74,0.86,0.69,0.75,0.97,864.11
ART_03219,97,56,5432,1.73,oil,pop_art,14,118,5.26,USA,1,1,good,2023,91,0.88,0.84,0.81,0.55,0.54,0.97,0.68,0.76,3347.51
ART_03220,67,37,2479,1.81,oil,realism,21,275,5.95,Turkey,1,1,good,2021,176,0.96,0.67,0.70,0.72,0.97,0.92,0.74,0.48,2249.03
ART_03221,119,150,17850,0.79,acrylic,impressionism,5,207,2.99,Japan,1,1,new,2019,65,0.99,0.76,0.79,0.57,0.99,0.60,0.54,0.58,4113.04
ART_03222,129,104,13416,1.24,charcoal,expressionism,8,108,3.79,USA,1,1,good,2000,113,0.99,0.71,0.43,0.48,0.89,0.94,0.47,0.59,2836.80
ART_03223,75,144,10800,0.52,oil,surrealism,0,10,4.80,Italy,1,1,fair,1994,240,0.83,0.71,0.69,0.43,0.77,0.56,0.31,0.99,3368.83
ART_03224,43,23,989,1.87,pastel,minimalism,13,47,5.02,Bangladesh,1,1,fair,1993,111,0.79,0.64,0.42,0.51,0.64,0.78,0.41,0.53,467.29
ART_03225,49,45,2205,1.09,acrylic,impressionism,14,146,3.30,Turkey,1,1,good,2013,83,0.95,0.66,0.37,0.70,0.99,0.88,0.68,0.65,1188.61
ART_03226,149,76,11324,1.96,pastel,portrait,11,3,4.76,India,1,1,good,2007,183,0.61,0.61,0.38,0.32,0.75,0.76,0.51,0.93,2373.23
ART_03227,118,93,10974,1.27,pastel,realism,6,20,2.77,Italy,1,1,excellent,2006,233,0.77,0.68,0.32,0.57,0.68,0.51,0.39,0.54,1629.53
ART_03228,87,150,13050,0.58,gouache,portrait,20,61,4.87,UAE,1,1,fair,2001,109,0.99,0.77,0.61,0.76,0.62,0.85,0.30,0.59,2745.70
ART_03229,111,47,5217,2.36,oil,conceptual,23,56,4.55,USA,1,1,fair,2014,12,0.99,0.91,0.60,0.37,0.78,0.74,0.77,0.73,2789.27
ART_03230,44,66,2904,0.67,watercolor,impressionism,7,162,3.30,Italy,0,16,new,2008,208,0.75,0.49,0.68,0.80,0.67,0.58,0.29,0.82,971.68
ART_03231,30,87,2610,0.34,mixed_media,impressionism,23,298,4.87,UAE,1,1,fair,2005,154,0.99,0.89,0.42,0.85,0.66,0.99,0.26,0.45,1635.85
ART_03232,48,157,7536,0.31,watercolor,impressionism,22,16,4.59,Turkey,1,1,fair,1992,171,0.99,0.60,0.40,0.85,0.60,0.73,0.87,0.47,2381.57
ART_03233,23,23,529,1.00,mixed_media,surrealism,21,406,4.92,Turkey,1,1,fair,2026,115,0.99,0.66,0.55,0.90,0.69,0.76,0.76,0.63,667.46
ART_03234,35,59,2065,0.59,acrylic,realism,19,182,5.25,UAE,1,1,good,2024,33,0.99,0.94,0.76,0.94,0.55,0.99,0.54,0.41,1402.98
ART_03235,27,115,3105,0.23,digital,expressionism,10,24,4.33,USA,1,1,fair,2018,107,0.99,0.70,0.81,0.43,0.64,0.58,0.67,0.53,740.71
ART_03236,100,147,14700,0.68,watercolor,impressionism,4,123,3.18,USA,0,78,excellent,1996,107,0.75,0.53,0.72,0.69,0.64,0.69,0.84,0.45,1491.96
ART_03237,132,114,15048,1.16,oil,surrealism,24,238,5.48,Italy,1,1,new,2015,181,0.99,0.78,0.41,0.31,0.81,0.60,0.48,0.42,6341.71
ART_03238,57,70,3990,0.81,pastel,surrealism,24,53,3.31,Pakistan,1,1,fair,1995,91,0.99,0.59,0.62,0.52,0.55,0.55,0.52,0.97,1346.75
ART_03239,109,54,5886,2.02,watercolor,expressionism,12,1,2.98,India,1,1,excellent,2013,183,0.80,0.61,0.81,0.61,0.85,0.65,0.82,0.65,1672.48
ART_03240,105,126,13230,0.83,ink,abstract,25,77,4.26,Japan,1,1,new,2000,10,0.93,0.77,0.86,0.79,0.95,0.92,0.89,0.96,5448.91
ART_03241,70,63,4410,1.11,watercolor,minimalism,20,61,4.67,Japan,1,1,excellent,1990,63,0.99,0.85,0.83,0.81,0.99,0.87,0.30,0.83,2213.58
ART_03242,138,22,3036,6.27,gouache,minimalism,20,6,5.41,UAE,1,1,excellent,1997,209,0.99,0.85,0.80,0.32,0.79,0.99,0.90,0.54,1930.80
ART_03243,40,56,2240,0.71,ink,abstract,17,1,4.67,UK,0,83,excellent,2003,232,0.68,0.77,0.46,0.80,0.75,0.63,0.91,0.81,669.70
ART_03244,153,87,13311,1.76,gouache,portrait,1,127,4.15,UK,1,1,excellent,2016,222,0.99,0.83,0.40,0.53,0.70,0.83,0.91,0.62,3574.87
ART_03245,116,38,4408,3.05,watercolor,realism,25,1,5.20,Canada,1,1,good,2015,138,0.89,0.57,0.44,0.40,0.93,0.83,0.76,0.74,1998.96
ART_03246,104,130,13520,0.80,pastel,landscape,24,12,3.92,France,1,1,excellent,2024,216,0.99,0.83,0.47,0.53,0.95,0.62,0.55,0.55,2761.15
ART_03247,64,145,9280,0.44,pastel,realism,11,7,3.38,Pakistan,1,1,excellent,2000,199,0.99,0.67,0.67,0.51,0.68,0.69,0.86,0.45,2056.98
ART_03248,151,100,15100,1.51,acrylic,landscape,24,61,3.59,USA,1,1,new,1994,42,0.92,0.76,0.81,0.50,0.83,0.76,0.74,0.98,6212.46
ART_03249,129,99,12771,1.30,mixed_media,impressionism,6,413,3.79,UK,1,1,new,2024,197,0.90,0.91,0.49,0.54,0.88,0.98,0.31,0.71,5835.15
ART_03250,53,67,3551,0.79,watercolor,minimalism,17,131,4.50,USA,0,49,excellent,2021,171,0.90,0.68,0.51,0.40,0.57,0.99,0.63,0.69,1131.02
ART_03251,120,126,15120,0.95,mixed_media,realism,16,3,4.60,Germany,0,81,excellent,2026,57,0.65,0.61,0.81,0.77,0.53,0.83,0.87,0.58,2010.75
ART_03252,22,114,2508,0.19,charcoal,surrealism,16,329,3.59,Canada,1,1,excellent,2018,230,0.95,0.78,0.73,0.56,0.60,0.99,0.72,0.48,1453.25
ART_03253,101,156,15756,0.65,ink,surrealism,7,146,4.90,Bangladesh,1,1,good,1997,93,0.92,0.90,0.46,0.33,0.88,0.74,0.37,0.86,3836.08
ART_03254,159,114,18126,1.39,mixed_media,conceptual,20,24,5.34,Germany,1,1,good,2021,17,0.99,0.94,0.68,0.74,0.62,0.99,0.64,0.63,4886.64
ART_03255,82,128,10496,0.64,oil,minimalism,21,168,5.07,USA,1,1,fair,2019,51,0.99,0.60,0.70,0.72,0.84,0.99,0.39,0.68,4456.16
ART_03256,92,142,13064,0.65,pastel,pop_art,7,341,5.66,Turkey,1,1,excellent,1999,170,0.99,0.64,0.61,0.53,0.96,0.59,0.51,0.55,3987.85
ART_03257,123,132,16236,0.93,acrylic,landscape,19,286,3.66,Turkey,1,1,good,2001,78,0.98,0.89,0.89,0.67,0.77,0.68,0.91,0.68,5996.22
ART_03258,153,124,18972,1.23,watercolor,portrait,4,19,4.09,Canada,1,1,excellent,1994,138,0.69,0.85,0.79,0.63,0.67,0.92,0.71,0.46,2820.93
ART_03259,65,130,8450,0.50,digital,expressionism,10,13,2.81,India,1,1,new,2019,81,0.76,0.63,0.62,0.73,0.84,0.92,0.65,0.77,1540.13
ART_03260,85,86,7310,0.99,digital,minimalism,10,51,2.98,France,1,1,good,2024,216,0.99,0.76,0.52,0.78,0.57,0.73,0.75,0.93,1810.46
ART_03261,143,117,16731,1.22,gouache,pop_art,18,74,4.54,USA,1,1,fair,2000,156,0.96,0.84,0.75,0.76,0.75,0.79,0.49,0.48,2958.51
ART_03262,123,42,5166,2.93,pastel,abstract,9,380,3.80,Turkey,1,1,new,2001,189,0.94,0.96,0.72,0.39,0.86,0.81,0.85,0.76,2610.48
ART_03263,153,90,13770,1.70,ink,minimalism,7,188,4.06,Pakistan,1,1,good,2025,88,0.92,0.62,0.29,0.56,0.62,0.52,0.93,0.62,1938.29
ART_03264,31,68,2108,0.46,watercolor,realism,11,177,5.20,Bangladesh,0,76,good,2016,52,0.94,0.79,0.59,0.54,0.99,0.95,0.31,0.68,751.34
ART_03265,78,107,8346,0.73,gouache,landscape,12,10,3.30,USA,1,1,excellent,1998,218,0.87,0.64,0.36,0.46,0.61,0.79,0.78,0.96,2396.64
ART_03266,40,103,4120,0.39,digital,surrealism,25,35,4.68,Pakistan,0,75,excellent,2007,222,0.99,0.73,0.63,0.63,0.99,0.78,0.31,0.97,1848.43
ART_03267,80,149,11920,0.54,pastel,surrealism,9,81,4.99,Japan,1,1,fair,2018,110,0.99,0.58,0.76,0.69,0.82,0.66,0.94,0.85,2713.89
ART_03268,136,128,17408,1.06,digital,portrait,18,189,4.55,France,0,44,new,2020,128,0.99,0.77,0.33,0.80,0.99,0.59,0.91,0.42,3404.87
ART_03269,22,27,594,0.81,oil,pop_art,7,68,3.78,UAE,1,1,new,2009,174,0.99,0.73,0.43,0.67,0.74,0.93,0.93,0.67,605.23
ART_03270,37,148,5476,0.25,watercolor,abstract,2,4,4.70,USA,1,1,good,2009,116,0.56,0.83,0.29,0.78,0.76,0.95,0.28,0.41,1036.14
ART_03271,107,58,6206,1.84,pastel,realism,23,60,3.35,UAE,1,1,excellent,2005,157,0.99,0.79,0.67,0.90,0.75,0.93,0.43,0.62,1894.12
ART_03272,108,59,6372,1.83,pastel,pop_art,13,121,5.21,UK,0,21,new,2024,156,0.96,0.82,0.65,0.75,0.86,0.89,0.49,0.73,2200.92
ART_03273,59,28,1652,2.11,acrylic,portrait,7,112,3.56,Japan,0,65,good,2026,216,0.99,0.60,0.46,0.83,0.99,0.99,0.87,0.75,686.02
ART_03274,128,109,13952,1.17,digital,abstract,1,317,3.97,Pakistan,0,42,excellent,2001,142,0.98,0.58,0.49,0.47,0.85,0.68,0.85,0.48,2288.11
ART_03275,101,117,11817,0.86,ink,portrait,6,196,3.16,India,0,74,excellent,2024,112,0.99,0.81,0.28,0.60,0.85,0.87,0.25,0.77,1622.42
ART_03276,140,121,16940,1.16,gouache,expressionism,7,2,3.86,Canada,0,7,fair,1998,145,0.80,0.67,0.60,0.78,0.94,0.63,0.30,0.91,2139.46
ART_03277,54,123,6642,0.44,gouache,surrealism,21,333,4.00,Canada,1,1,new,2016,237,0.88,0.72,0.53,0.86,0.74,0.74,0.32,0.84,2970.01
ART_03278,49,35,1715,1.40,mixed_media,minimalism,4,0,3.49,France,1,1,new,2026,26,0.75,0.79,0.84,0.53,0.62,0.88,0.54,0.87,811.19
ART_03279,145,87,12615,1.67,charcoal,landscape,6,243,5.13,France,0,10,good,2015,230,0.99,0.71,0.79,0.46,0.57,0.99,0.61,0.47,2628.16
ART_03280,158,64,10112,2.47,watercolor,pop_art,19,122,5.49,Canada,0,82,new,2002,87,0.99,0.51,0.85,0.72,0.69,0.51,0.76,0.49,1697.24
ART_03281,31,62,1922,0.50,ink,impressionism,20,1,3.96,Turkey,1,1,fair,2014,195,0.77,0.69,0.75,0.81,0.87,0.68,0.78,0.64,793.86
ART_03282,112,70,7840,1.60,mixed_media,minimalism,21,371,5.37,Italy,1,1,excellent,2013,224,0.91,0.90,0.80,0.55,0.54,0.91,0.36,0.68,4936.46
ART_03283,150,150,22500,1.00,gouache,abstract,4,198,4.04,Canada,1,1,fair,2016,115,0.80,0.80,0.52,0.31,0.83,0.82,0.37,0.65,3652.57
ART_03284,21,37,777,0.57,digital,impressionism,24,201,4.93,Canada,1,1,new,1997,151,0.99,0.60,0.86,0.62,0.62,0.69,0.47,0.87,951.03
ART_03285,152,121,18392,1.26,gouache,portrait,4,66,3.95,Pakistan,0,34,good,2005,14,0.81,0.54,0.71,0.76,0.73,0.77,0.88,0.89,1930.91
ART_03286,33,45,1485,0.73,mixed_media,pop_art,8,0,4.62,USA,1,1,excellent,2021,226,0.84,0.60,0.28,0.92,0.86,0.73,0.42,0.81,1049.49
ART_03287,94,130,12220,0.72,ink,realism,12,24,4.81,France,1,1,new,2021,52,0.99,0.74,0.89,0.53,0.64,0.85,0.59,0.94,3442.21
ART_03288,156,29,4524,5.38,watercolor,landscape,2,257,3.65,UAE,1,1,new,2019,202,0.87,0.78,0.56,0.88,0.78,0.83,0.97,0.79,1856.64
ART_03289,51,152,7752,0.34,mixed_media,pop_art,4,29,4.24,France,0,28,good,2010,155,0.71,0.87,0.61,0.32,0.79,0.47,0.67,0.44,1128.21
ART_03290,148,84,12432,1.76,pastel,portrait,19,287,5.47,Turkey,1,1,excellent,1997,20,0.99,0.96,0.86,0.64,0.86,0.79,0.74,0.69,6073.21
ART_03291,51,121,6171,0.42,mixed_media,portrait,20,218,4.94,Turkey,1,1,new,1990,226,0.99,0.81,0.29,0.63,0.88,0.89,0.91,0.92,5605.79
ART_03292,111,26,2886,4.27,ink,impressionism,12,173,3.74,Germany,1,1,new,2024,81,0.89,0.65,0.87,0.51,0.91,0.72,0.39,0.83,1172.46
ART_03293,105,72,7560,1.46,charcoal,pop_art,14,1,4.89,Bangladesh,1,1,good,2024,194,0.70,0.70,0.78,0.78,0.84,0.75,0.65,0.47,1487.32
ART_03294,80,151,12080,0.53,pastel,portrait,23,303,5.41,India,1,1,good,1998,141,0.89,0.63,0.59,0.85,0.58,0.85,0.25,0.75,4619.57
ART_03295,98,60,5880,1.63,ink,portrait,20,36,3.12,Germany,1,1,fair,2010,244,0.78,0.75,0.54,0.37,0.66,0.96,0.87,0.46,1319.36
ART_03296,72,139,10008,0.52,pastel,impressionism,22,1,4.45,India,1,1,good,2009,220,0.99,0.78,0.77,0.47,0.99,0.93,0.96,0.51,2893.37
ART_03297,120,153,18360,0.78,oil,pop_art,22,81,3.71,Bangladesh,1,1,fair,1998,221,0.99,0.91,0.58,0.70,0.99,0.78,0.31,0.81,5833.41
ART_03298,105,49,5145,2.14,oil,impressionism,2,242,5.01,Italy,1,1,fair,1990,66,0.71,0.95,0.73,0.85,0.85,0.88,0.33,0.92,2605.48
ART_03299,75,66,4950,1.14,watercolor,pop_art,15,412,5.56,UK,0,24,new,2023,103,0.99,0.58,0.86,0.71,0.56,0.93,0.57,0.83,2362.45
ART_03300,109,22,2398,4.95,pastel,landscape,7,8,3.35,USA,0,5,good,2024,31,0.67,0.67,0.59,0.37,0.68,0.78,0.92,0.96,602.43
ART_03301,40,67,2680,0.60,digital,realism,18,44,4.02,Turkey,1,1,new,2024,29,0.99,0.71,0.68,0.67,0.89,0.56,0.28,0.92,1433.82
ART_03302,129,39,5031,3.31,pastel,landscape,2,320,4.13,Japan,1,1,excellent,1996,121,0.99,0.62,0.45,0.52,0.77,0.65,0.75,0.77,2186.47
ART_03303,130,42,5460,3.10,watercolor,landscape,22,109,4.50,USA,1,1,fair,2007,214,0.89,0.85,0.38,0.80,0.80,0.97,0.37,0.97,2397.09
ART_03304,85,115,9775,0.74,ink,minimalism,25,347,5.79,UAE,1,1,good,2025,244,0.99,0.83,0.42,0.31,0.99,0.85,0.52,0.41,3323.96
ART_03305,21,118,2478,0.18,charcoal,surrealism,20,11,4.71,France,1,1,fair,2002,43,0.80,0.69,0.80,0.38,0.99,0.67,0.74,0.56,968.53
ART_03306,133,155,20615,0.86,mixed_media,minimalism,13,122,4.66,USA,0,28,good,2026,68,0.99,0.67,0.41,0.71,0.73,0.99,0.93,0.66,3672.83
ART_03307,87,118,10266,0.74,ink,impressionism,19,86,3.63,Canada,0,18,new,1998,21,0.99,0.73,0.69,0.87,0.70,0.89,0.34,0.83,2460.51
ART_03308,84,32,2688,2.63,watercolor,landscape,20,163,3.65,Germany,1,1,new,2026,205,0.99,0.73,0.28,0.51,0.62,0.76,0.79,0.45,1227.53
ART_03309,98,85,8330,1.15,pastel,surrealism,11,262,4.69,USA,1,1,excellent,1997,22,0.89,0.73,0.75,0.41,0.91,0.68,0.73,0.88,3687.54
ART_03310,125,94,11750,1.33,mixed_media,expressionism,13,343,4.53,India,1,1,fair,2018,22,0.99,0.89,0.29,0.37,0.62,0.70,0.65,0.98,5074.28
ART_03311,58,151,8758,0.38,mixed_media,pop_art,21,60,4.61,India,1,1,fair,2019,60,0.99,0.94,0.54,0.41,0.83,0.51,0.41,0.64,2495.13
ART_03312,148,143,21164,1.03,ink,minimalism,10,0,4.93,UAE,1,1,new,2007,159,0.78,0.80,0.56,0.72,0.68,0.52,0.92,0.69,3811.06
ART_03313,141,22,3102,6.41,acrylic,pop_art,11,0,4.26,Pakistan,1,1,excellent,2003,11,0.85,0.78,0.48,0.89,0.91,0.78,0.84,0.53,1250.43
ART_03314,131,36,4716,3.64,watercolor,landscape,25,57,3.90,Turkey,1,1,good,2024,79,0.99,0.58,0.83,0.83,0.95,0.99,0.37,0.91,2002.87
ART_03315,50,145,7250,0.34,watercolor,pop_art,8,63,4.26,Germany,1,1,fair,1990,232,0.96,0.71,0.80,0.51,0.89,0.93,0.86,0.95,2768.12
ART_03316,135,66,8910,2.05,pastel,expressionism,2,319,3.26,USA,0,59,new,1993,39,0.75,0.72,0.41,0.47,0.99,0.96,0.35,0.74,1851.09
ART_03317,32,72,2304,0.44,digital,abstract,7,167,3.77,Italy,0,58,fair,2013,190,0.99,0.50,0.34,0.83,0.76,0.67,0.28,0.88,657.13
ART_03318,140,21,2940,6.67,watercolor,pop_art,25,15,3.03,Bangladesh,1,1,good,1994,172,0.83,0.65,0.63,0.60,0.73,0.61,0.41,0.57,1008.50
ART_03319,69,94,6486,0.73,gouache,impressionism,22,57,4.09,India,1,1,fair,1994,192,0.99,0.82,0.63,0.59,0.70,0.99,0.30,0.88,2183.90
ART_03320,88,138,12144,0.64,mixed_media,portrait,16,34,3.00,Canada,0,37,new,2015,186,0.99,0.78,0.47,0.52,0.96,0.56,0.30,0.77,2868.41
ART_03321,121,77,9317,1.57,gouache,pop_art,16,294,3.77,UK,1,1,excellent,2001,135,0.99,0.91,0.54,0.48,0.58,0.69,0.45,0.46,2387.80
ART_03322,142,137,19454,1.04,mixed_media,landscape,4,254,4.20,USA,1,1,fair,1995,112,0.78,0.58,0.78,0.63,0.94,0.81,0.72,0.47,4159.39
ART_03323,140,100,14000,1.40,charcoal,landscape,10,45,4.21,USA,0,78,excellent,2022,220,0.94,0.67,0.87,0.41,0.96,0.67,0.47,0.78,1942.31
ART_03324,71,115,8165,0.62,digital,surrealism,22,264,4.01,India,1,1,new,1997,162,0.95,0.79,0.47,0.37,0.57,0.96,0.44,0.98,4970.33
ART_03325,156,31,4836,5.03,pastel,surrealism,0,111,3.56,Turkey,1,1,excellent,2003,11,0.77,0.88,0.48,0.45,0.75,0.75,0.41,0.93,1762.24
ART_03326,80,142,11360,0.56,watercolor,impressionism,9,42,4.44,Italy,0,58,excellent,1996,199,0.80,0.54,0.80,0.44,0.94,0.49,0.69,0.82,2068.27
ART_03327,46,74,3404,0.62,acrylic,realism,24,7,4.24,Pakistan,1,1,excellent,2023,78,0.99,0.83,0.56,0.88,0.68,0.54,0.27,0.78,2008.57
ART_03328,50,101,5050,0.50,mixed_media,conceptual,14,126,4.90,Pakistan,0,45,new,2013,116,0.99,0.55,0.52,0.94,0.68,0.93,0.50,0.77,2043.74
ART_03329,58,73,4234,0.79,watercolor,expressionism,25,150,4.88,Canada,1,1,good,2006,129,0.99,0.85,0.83,0.59,0.90,0.99,0.28,0.97,3228.67
ART_03330,62,52,3224,1.19,pastel,expressionism,8,353,4.39,UK,1,1,new,2000,147,0.99,0.84,0.29,0.75,0.99,0.52,0.74,0.42,1881.44
ART_03331,77,96,7392,0.80,ink,landscape,1,26,4.51,Turkey,1,1,new,2000,207,0.81,0.75,0.77,0.31,0.73,0.86,0.26,0.77,1564.41
ART_03332,62,57,3534,1.09,pastel,pop_art,17,127,3.63,Japan,1,1,fair,2003,130,0.99,0.83,0.51,0.55,0.58,0.99,0.36,0.78,1396.68
ART_03333,147,36,5292,4.08,acrylic,surrealism,12,185,5.26,Bangladesh,1,1,fair,1995,148,0.94,0.81,0.32,0.93,0.67,0.99,0.76,0.67,2998.78
ART_03334,151,139,20989,1.09,mixed_media,pop_art,20,69,4.42,UAE,1,1,fair,1990,218,0.83,0.73,0.69,0.53,0.71,0.84,0.74,0.85,6828.54
ART_03335,75,79,5925,0.95,pastel,surrealism,18,360,4.26,France,1,1,good,2020,226,0.91,0.93,0.47,0.94,0.99,0.82,0.50,0.72,2816.05
ART_03336,157,129,20253,1.22,ink,minimalism,6,189,4.53,Japan,1,1,excellent,1992,206,0.99,0.79,0.77,0.65,0.99,0.70,0.67,0.78,5647.52
ART_03337,86,87,7482,0.99,charcoal,pop_art,23,65,5.45,Italy,0,79,good,2000,108,0.99,0.67,0.88,0.34,0.92,0.52,0.28,0.74,1705.19
ART_03338,88,38,3344,2.32,mixed_media,landscape,1,0,2.64,India,0,50,excellent,2021,234,0.84,0.56,0.59,0.95,0.65,0.73,0.52,0.92,621.63
ART_03339,68,27,1836,2.52,charcoal,realism,12,308,4.21,Canada,1,1,fair,2018,110,0.99,0.81,0.81,0.45,0.78,0.65,0.33,0.93,838.40
ART_03340,91,132,12012,0.69,watercolor,pop_art,23,211,3.50,Pakistan,1,1,excellent,2001,187,0.98,0.82,0.35,0.71,0.97,0.75,0.78,0.72,4875.84
ART_03341,33,46,1518,0.72,mixed_media,pop_art,11,1,4.38,Canada,1,1,new,2015,123,0.73,0.73,0.63,0.53,0.63,0.98,0.88,0.72,943.46
ART_03342,108,93,10044,1.16,gouache,portrait,18,46,5.25,UAE,0,51,new,1990,206,0.80,0.73,0.29,0.71,0.87,0.66,0.54,0.65,2292.13
ART_03343,104,97,10088,1.07,digital,expressionism,10,337,4.07,Japan,1,1,fair,2006,76,0.83,0.84,0.80,0.64,0.86,0.70,0.49,0.46,1838.19
ART_03344,123,29,3567,4.24,digital,minimalism,20,152,4.79,Turkey,0,15,good,2006,195,0.99,0.56,0.73,0.89,0.99,0.84,0.81,0.83,1357.80
ART_03345,131,136,17816,0.96,pastel,surrealism,5,26,3.70,France,0,9,fair,2024,83,0.92,0.74,0.72,0.81,0.76,0.87,0.91,0.56,1915.94
ART_03346,76,85,6460,0.89,watercolor,landscape,6,130,3.66,UK,1,1,new,2020,181,0.99,0.65,0.63,0.55,0.63,0.87,0.88,0.67,1898.98
ART_03347,108,50,5400,2.16,charcoal,realism,25,60,4.86,Canada,0,27,new,2021,169,0.99,0.65,0.82,0.70,0.83,0.73,0.69,0.49,1684.25
ART_03348,142,131,18602,1.08,charcoal,abstract,2,54,4.21,UAE,1,1,fair,1996,81,0.76,0.56,0.78,0.48,0.52,0.48,0.29,0.53,1846.77
ART_03349,112,134,15008,0.84,charcoal,pop_art,10,91,5.11,Pakistan,1,1,good,2022,108,0.88,0.88,0.60,0.86,0.70,0.90,0.28,0.82,3155.10
ART_03350,131,143,18733,0.92,mixed_media,landscape,21,15,4.20,Germany,1,1,new,1992,95,0.79,0.62,0.85,0.33,0.69,0.75,0.35,0.94,5077.00
ART_03351,57,136,7752,0.42,oil,impressionism,22,183,4.28,Turkey,1,1,fair,2010,191,0.99,0.79,0.69,0.77,0.68,0.62,0.86,0.43,3311.09
ART_03352,33,50,1650,0.66,mixed_media,conceptual,16,90,3.92,Italy,0,24,fair,2021,146,0.99,0.74,0.76,0.54,0.65,0.83,0.82,0.77,710.24
ART_03353,103,80,8240,1.29,acrylic,impressionism,7,394,4.04,India,1,1,fair,2014,193,0.99,0.75,0.55,0.57,0.91,0.76,0.86,0.78,3541.65
ART_03354,102,103,10506,0.99,ink,expressionism,18,327,5.59,France,1,1,new,2025,135,0.99,0.59,0.46,0.30,0.87,0.94,0.28,0.88,4493.03
ART_03355,158,136,21488,1.16,oil,portrait,2,57,4.23,Japan,0,26,good,2014,244,0.85,0.53,0.52,0.90,0.74,0.94,0.49,0.87,4563.68
ART_03356,110,122,13420,0.90,charcoal,impressionism,21,125,3.23,France,0,80,good,2014,36,0.86,0.54,0.59,0.71,0.64,0.56,0.37,0.53,1092.51
ART_03357,150,60,9000,2.50,mixed_media,abstract,8,210,5.05,Bangladesh,1,1,good,2000,201,0.98,0.88,0.30,0.64,0.93,0.73,0.93,0.64,4441.45
ART_03358,139,33,4587,4.21,digital,abstract,13,27,3.87,Italy,1,1,good,1994,59,0.94,0.95,0.37,0.49,0.63,0.72,0.40,0.48,1402.04
ART_03359,84,121,10164,0.69,watercolor,surrealism,2,344,5.52,Pakistan,1,1,fair,2013,155,0.91,0.93,0.54,0.57,0.62,0.65,0.75,0.64,2995.50
ART_03360,95,155,14725,0.61,charcoal,realism,19,86,4.16,Italy,1,1,good,1996,201,0.99,0.67,0.52,0.81,0.93,0.62,0.93,0.85,4846.12
ART_03361,110,122,13420,0.90,gouache,impressionism,14,299,5.42,France,0,23,good,2018,106,0.99,0.59,0.56,0.83,0.76,0.72,0.73,0.55,2894.03
ART_03362,32,142,4544,0.23,watercolor,pop_art,15,41,3.56,Canada,1,1,excellent,1994,33,0.77,0.57,0.73,0.65,0.74,0.67,0.38,0.94,1605.88
ART_03363,50,114,5700,0.44,watercolor,minimalism,24,37,5.03,UK,1,1,new,2004,99,0.83,0.89,0.81,0.74,0.81,0.88,0.58,0.87,2725.67
ART_03364,104,56,5824,1.86,mixed_media,minimalism,11,52,4.91,India,1,1,fair,1999,146,0.99,0.67,0.45,0.71,0.71,0.91,0.52,0.87,2352.69
ART_03365,65,20,1300,3.25,gouache,minimalism,14,12,2.95,India,1,1,new,2003,95,0.93,0.75,0.53,0.69,0.73,0.91,0.38,0.72,637.12
ART_03366,158,94,14852,1.68,watercolor,minimalism,8,0,4.62,Italy,1,1,good,2019,183,0.88,0.84,0.84,0.67,0.78,0.55,0.41,0.55,2606.91
ART_03367,98,46,4508,2.13,gouache,conceptual,14,223,3.27,Japan,1,1,fair,2001,112,0.99,0.86,0.61,0.84,0.78,0.78,0.90,0.47,1153.20
ART_03368,116,79,9164,1.47,oil,portrait,18,10,4.00,France,0,14,new,2007,148,0.99,0.73,0.34,0.79,0.69,0.57,0.46,0.43,2170.58
ART_03369,145,54,7830,2.69,digital,surrealism,22,36,4.24,Germany,1,1,fair,2004,48,0.84,0.90,0.75,0.61,0.81,0.83,0.65,0.97,2937.88
ART_03370,117,68,7956,1.72,oil,abstract,10,32,4.98,Bangladesh,1,1,good,2003,119,0.75,0.71,0.34,0.69,0.89,0.70,0.84,0.93,3840.85
ART_03371,138,100,13800,1.38,mixed_media,realism,5,10,3.77,Pakistan,1,1,excellent,2004,237,0.67,0.79,0.38,0.92,0.51,0.76,0.58,0.88,4014.68
ART_03372,150,20,3000,7.50,oil,portrait,4,34,4.81,Bangladesh,1,1,new,2021,215,0.96,0.60,0.39,0.89,0.80,0.82,0.90,0.58,1634.13
ART_03373,155,71,11005,2.18,acrylic,realism,4,180,4.86,UAE,1,1,good,2021,210,0.77,0.57,0.65,0.68,0.79,0.82,0.34,0.48,2314.48
ART_03374,105,34,3570,3.09,watercolor,surrealism,19,18,5.13,Germany,1,1,good,2010,111,0.99,0.74,0.76,0.46,0.58,0.59,0.90,0.74,1985.67
ART_03375,147,117,17199,1.26,charcoal,impressionism,15,8,4.28,USA,1,1,new,2001,224,0.86,0.70,0.66,0.61,0.94,0.71,0.38,0.87,5251.17
ART_03376,66,54,3564,1.22,acrylic,pop_art,0,131,4.77,Canada,1,1,fair,2011,148,0.99,0.81,0.53,0.67,0.85,0.69,0.50,0.47,1122.29
ART_03377,134,107,14338,1.25,mixed_media,expressionism,11,247,4.78,Japan,1,1,excellent,2023,178,0.99,0.75,0.52,0.51,0.86,0.72,0.77,0.87,5947.39
ART_03378,57,86,4902,0.66,acrylic,realism,0,158,5.18,USA,1,1,fair,2020,101,0.74,0.87,0.80,0.64,0.99,0.57,0.80,0.94,2290.08
ART_03379,109,122,13298,0.89,oil,pop_art,1,28,2.80,Japan,1,1,new,2026,55,0.89,0.66,0.55,0.72,0.96,0.69,0.56,0.89,3184.80
ART_03380,54,108,5832,0.50,charcoal,surrealism,22,290,5.43,Canada,1,1,new,1997,203,0.99,0.74,0.30,0.52,0.63,0.70,0.63,0.57,3391.21
ART_03381,78,54,4212,1.44,acrylic,landscape,12,4,5.20,Turkey,1,1,good,2015,241,0.87,0.89,0.70,0.74,0.90,0.91,0.34,0.56,1917.50
ART_03382,24,149,3576,0.16,mixed_media,landscape,1,66,4.08,Bangladesh,0,24,good,2016,152,0.83,0.57,0.48,0.30,0.65,0.59,0.83,0.68,886.57
ART_03383,58,55,3190,1.05,acrylic,portrait,17,47,3.92,Germany,1,1,excellent,1993,88,0.99,0.64,0.47,0.42,0.99,0.69,0.88,0.74,2268.48
ART_03384,30,90,2700,0.33,watercolor,portrait,12,89,5.23,Japan,0,71,fair,1992,68,0.99,0.52,0.51,0.59,0.68,0.99,0.51,0.45,705.42
ART_03385,64,160,10240,0.40,watercolor,minimalism,16,380,4.55,India,1,1,excellent,2010,87,0.95,0.65,0.36,0.57,0.96,0.62,0.51,0.52,3031.61
ART_03386,59,73,4307,0.81,digital,impressionism,18,21,3.00,Pakistan,0,75,good,2005,21,0.99,0.78,0.53,0.86,0.99,0.70,0.28,0.85,854.17
ART_03387,68,152,10336,0.45,digital,abstract,4,264,5.31,India,1,1,good,2018,96,0.87,0.64,0.37,0.75,0.53,0.84,0.30,0.58,2402.11
ART_03388,33,82,2706,0.40,mixed_media,landscape,25,36,5.32,India,1,1,new,2016,162,0.99,0.95,0.75,0.51,0.61,0.57,0.69,0.67,2397.96
ART_03389,151,120,18120,1.26,ink,landscape,5,242,5.19,India,0,59,good,2022,205,0.74,0.68,0.52,0.95,0.54,0.92,0.90,0.53,1876.13
ART_03390,55,75,4125,0.73,mixed_media,pop_art,1,53,4.92,Japan,1,1,new,1995,146,0.99,0.89,0.59,0.43,0.71,0.65,0.56,0.98,2337.40
ART_03391,21,21,441,1.00,gouache,abstract,14,261,5.04,Japan,0,76,fair,2018,57,0.97,0.53,0.82,0.64,0.56,0.86,0.81,0.67,219.53
ART_03392,158,93,14694,1.70,ink,impressionism,3,318,3.42,Germany,0,76,fair,1994,99,0.99,0.60,0.46,0.71,0.58,0.83,0.29,0.94,1788.52
ART_03393,72,60,4320,1.20,charcoal,portrait,15,89,3.33,Germany,1,1,fair,2010,127,0.99,0.87,0.63,0.80,0.97,0.70,0.66,0.46,1045.86
ART_03394,111,76,8436,1.46,ink,surrealism,7,413,4.54,Germany,1,1,excellent,1998,25,0.99,0.87,0.41,0.58,0.67,0.70,0.76,0.86,3730.26
ART_03395,59,132,7788,0.45,ink,portrait,6,225,4.52,UAE,1,1,fair,1999,68,0.99,0.95,0.56,0.88,0.69,0.69,0.56,0.88,2078.12
ART_03396,52,104,5408,0.50,digital,landscape,10,384,5.44,Japan,1,1,excellent,2022,30,0.99,0.93,0.46,0.56,0.67,0.79,0.50,0.85,2765.40
ART_03397,89,102,9078,0.87,charcoal,portrait,13,419,5.57,Japan,0,40,fair,2017,240,0.99,0.57,0.69,0.65,0.80,0.67,0.35,0.47,1631.00
ART_03398,99,106,10494,0.93,charcoal,minimalism,24,102,4.23,Bangladesh,1,1,excellent,1995,176,0.98,0.94,0.79,0.37,0.76,0.70,0.71,0.56,3079.32
ART_03399,100,85,8500,1.18,gouache,pop_art,20,0,4.49,Italy,1,1,excellent,2019,135,0.92,0.57,0.76,0.76,0.66,0.68,0.88,0.56,2032.51
ART_03400,145,83,12035,1.75,acrylic,portrait,3,94,3.89,France,0,69,fair,2010,203,0.78,0.49,0.62,0.42,0.75,0.60,0.51,0.68,1536.55
ART_03401,50,81,4050,0.62,oil,impressionism,17,21,5.05,Bangladesh,1,1,new,2002,121,0.99,0.58,0.48,0.30,0.99,0.68,0.70,0.82,3291.06
ART_03402,74,103,7622,0.72,pastel,abstract,21,182,5.56,India,1,1,fair,1995,124,0.99,0.63,0.83,0.57,0.68,0.92,0.40,0.63,2991.52
ART_03403,62,33,2046,1.88,oil,landscape,4,224,4.92,India,1,1,excellent,2001,179,0.79,0.87,0.78,0.70,0.85,0.69,0.45,0.76,1880.34
ART_03404,81,116,9396,0.70,mixed_media,realism,2,124,3.04,UAE,1,1,fair,2023,246,0.72,0.65,0.38,0.32,0.55,0.87,0.47,0.93,2217.51
ART_03405,135,135,18225,1.00,pastel,pop_art,23,275,5.71,Japan,1,1,good,2011,31,0.99,0.72,0.79,0.57,0.68,0.63,0.96,0.43,4423.92
ART_03406,113,113,12769,1.00,ink,minimalism,5,19,4.68,Bangladesh,1,1,new,2005,51,0.85,0.77,0.43,0.68,0.62,0.91,0.87,0.72,2497.84
ART_03407,149,91,13559,1.64,acrylic,pop_art,2,75,4.52,USA,1,1,fair,2006,102,0.96,0.71,0.67,0.67,0.73,0.61,0.70,0.97,3445.47
ART_03408,143,44,6292,3.25,pastel,abstract,22,0,4.76,USA,1,1,fair,2005,72,0.95,0.65,0.42,0.55,0.63,0.76,0.44,0.87,1759.38
ART_03409,90,35,3150,2.57,mixed_media,portrait,7,25,5.14,France,1,1,fair,2000,221,0.82,0.66,0.47,0.75,0.66,0.81,0.32,0.78,1603.50
ART_03410,64,71,4544,0.90,charcoal,pop_art,14,110,4.56,Canada,1,1,fair,2017,72,0.98,0.58,0.76,0.77,0.63,0.98,0.73,0.74,1191.05
ART_03411,132,60,7920,2.20,digital,expressionism,22,99,3.80,USA,0,67,fair,1996,9,0.85,0.65,0.76,0.34,0.67,0.91,0.65,0.86,1557.39
ART_03412,86,30,2580,2.87,pastel,landscape,22,332,5.94,India,0,55,new,2011,204,0.99,0.64,0.54,0.49,0.85,0.51,0.40,0.89,1366.81
ART_03413,125,30,3750,4.17,ink,realism,2,52,4.56,Germany,1,1,excellent,2001,191,0.98,0.95,0.89,0.45,0.99,0.99,0.84,0.59,1393.84
ART_03414,143,56,8008,2.55,oil,impressionism,16,343,4.51,USA,1,1,good,2015,82,0.99,0.62,0.79,0.88,0.79,0.57,0.38,0.56,3630.40
ART_03415,116,118,13688,0.98,pastel,impressionism,7,324,5.10,France,1,1,fair,2005,188,0.98,0.91,0.45,0.39,0.87,0.67,0.35,0.48,3627.01
ART_03416,29,37,1073,0.78,acrylic,expressionism,12,145,5.45,UK,0,84,good,2007,75,0.97,0.58,0.34,0.53,0.98,0.69,0.92,0.58,599.80
ART_03417,123,126,15498,0.98,pastel,portrait,15,348,3.80,India,1,1,new,2021,211,0.84,0.92,0.51,0.71,0.88,0.71,0.95,0.57,4808.89
ART_03418,24,44,1056,0.55,charcoal,landscape,7,98,3.53,India,1,1,fair,1992,88,0.95,0.85,0.57,0.38,0.99,0.84,0.31,0.91,528.70
ART_03419,113,125,14125,0.90,oil,impressionism,13,0,3.63,Japan,1,1,excellent,2016,155,0.70,0.59,0.48,0.77,0.93,0.80,0.60,0.88,4060.56
ART_03420,37,43,1591,0.86,acrylic,abstract,9,4,4.78,UAE,1,1,new,1998,153,0.60,0.90,0.84,0.66,0.69,0.78,0.79,0.49,995.57
ART_03421,133,46,6118,2.89,acrylic,realism,24,0,4.54,Turkey,0,44,fair,2017,24,0.74,0.83,0.41,0.43,0.57,0.89,0.50,0.47,997.01
ART_03422,39,135,5265,0.29,gouache,portrait,14,117,4.05,France,1,1,good,2022,29,0.91,0.73,0.38,0.69,0.65,0.77,0.47,0.69,1338.22
ART_03423,44,104,4576,0.42,watercolor,conceptual,14,21,4.45,Japan,1,1,new,2016,225,0.72,0.58,0.28,0.79,0.78,0.87,0.53,0.83,1945.14
ART_03424,53,103,5459,0.51,mixed_media,abstract,18,49,4.76,Germany,1,1,new,2022,75,0.99,0.66,0.38,0.67,0.91,0.66,0.31,0.49,2437.93
ART_03425,101,53,5353,1.91,watercolor,abstract,17,83,5.19,USA,0,72,good,2001,9,0.99,0.55,0.39,0.72,0.93,0.78,0.28,0.64,1310.80
ART_03426,132,23,3036,5.74,oil,landscape,25,56,5.38,Bangladesh,1,1,excellent,2005,234,0.84,0.64,0.64,0.90,0.99,0.99,0.58,0.89,2804.94
ART_03427,152,100,15200,1.52,gouache,realism,21,43,3.52,Japan,1,1,fair,2016,158,0.99,0.91,0.47,0.47,0.60,0.77,0.49,0.98,3244.99
ART_03428,40,125,5000,0.32,gouache,realism,3,255,4.34,Turkey,1,1,good,2002,149,0.86,0.59,0.49,0.55,0.99,0.51,0.45,0.56,1734.18
ART_03429,69,33,2277,2.09,watercolor,conceptual,25,254,3.58,Japan,1,1,new,1991,53,0.99,0.80,0.86,0.48,0.89,0.68,0.35,0.53,1474.52
ART_03430,97,61,5917,1.59,gouache,conceptual,15,78,3.50,UK,1,1,excellent,2020,129,0.83,0.66,0.31,0.74,0.91,0.54,0.83,0.44,1311.69
ART_03431,121,75,9075,1.61,ink,portrait,9,12,5.19,Germany,1,1,good,2019,158,0.93,0.64,0.66,0.86,0.78,0.78,0.26,0.87,2265.14
ART_03432,159,38,6042,4.18,oil,landscape,18,354,5.46,Italy,1,1,fair,2012,46,0.99,0.76,0.89,0.63,0.75,0.78,0.55,0.68,3955.80
ART_03433,141,149,21009,0.95,watercolor,expressionism,18,30,3.11,USA,0,55,new,2000,187,0.99,0.85,0.79,0.41,0.62,0.78,0.29,0.67,3100.13
ART_03434,66,129,8514,0.51,ink,surrealism,18,262,5.70,Turkey,1,1,excellent,2025,31,0.99,0.62,0.43,0.36,0.65,0.70,0.36,0.84,2736.87
ART_03435,64,48,3072,1.33,watercolor,realism,0,251,3.78,India,1,1,new,1996,230,0.79,0.68,0.69,0.93,0.66,0.63,0.78,0.65,1286.36
ART_03436,150,114,17100,1.32,mixed_media,abstract,6,313,4.35,Pakistan,1,1,excellent,2022,23,0.99,0.71,0.54,0.89,0.90,0.56,0.27,0.43,4238.81
ART_03437,103,52,5356,1.98,digital,portrait,3,13,4.38,Canada,0,49,fair,2019,62,0.68,0.58,0.55,0.61,0.60,0.71,0.66,0.58,560.54
ART_03438,143,73,10439,1.96,mixed_media,realism,11,2,5.22,India,1,1,good,2013,109,0.93,0.56,0.35,0.41,0.93,0.66,0.32,0.57,3001.40
ART_03439,148,76,11248,1.95,watercolor,expressionism,15,62,3.56,Pakistan,1,1,fair,1993,20,0.99,0.58,0.79,0.89,0.97,0.99,0.52,0.95,2821.57
ART_03440,105,58,6090,1.81,gouache,pop_art,10,59,3.98,USA,1,1,good,2024,58,0.90,0.85,0.49,0.82,0.96,0.97,0.47,0.47,1415.39
ART_03441,21,124,2604,0.17,mixed_media,realism,19,50,3.81,Bangladesh,1,1,fair,2021,41,0.81,0.80,0.43,0.57,0.57,0.84,0.71,0.53,1065.80
ART_03442,124,100,12400,1.24,gouache,abstract,1,13,3.68,Canada,1,1,excellent,2025,231,0.59,0.78,0.30,0.44,0.85,0.67,0.57,0.59,1866.11
ART_03443,129,92,11868,1.40,digital,realism,12,92,3.53,Germany,1,1,excellent,1992,71,0.94,0.91,0.73,0.91,0.77,0.57,0.95,0.84,3648.87
ART_03444,92,79,7268,1.16,digital,realism,3,187,3.05,Turkey,1,1,good,1992,188,0.89,0.62,0.39,0.56,0.86,0.97,0.32,0.62,1842.29
ART_03445,76,153,11628,0.50,mixed_media,surrealism,12,17,5.29,Bangladesh,1,1,excellent,2005,75,0.94,0.94,0.85,0.72,0.73,0.66,0.64,0.87,5779.30
ART_03446,53,46,2438,1.15,ink,expressionism,6,212,5.26,Italy,1,1,good,2024,131,0.85,0.61,0.54,0.71,0.85,0.59,0.92,0.47,970.25
ART_03447,153,28,4284,5.46,digital,landscape,0,12,4.12,USA,1,1,good,1996,26,0.75,0.93,0.32,0.93,0.82,0.81,0.65,0.86,1307.43
ART_03448,82,22,1804,3.73,gouache,expressionism,19,60,4.49,Japan,0,62,fair,2000,172,0.81,0.48,0.71,0.93,0.61,0.57,0.71,0.97,463.55
ART_03449,152,120,18240,1.27,pastel,expressionism,5,280,5.42,Turkey,1,1,good,2008,142,0.99,0.72,0.47,0.85,0.85,0.66,0.26,0.98,6201.24
ART_03450,147,29,4263,5.07,watercolor,conceptual,2,52,3.06,Turkey,1,1,new,1992,130,0.99,0.69,0.40,0.58,0.80,0.74,0.65,0.78,1394.31
ART_03451,129,43,5547,3.00,gouache,pop_art,25,224,5.16,UAE,1,1,fair,2006,74,0.99,0.66,0.38,0.70,0.69,0.84,0.37,0.52,1709.38
ART_03452,114,124,14136,0.92,pastel,pop_art,0,81,5.07,Canada,1,1,good,2021,245,0.99,0.83,0.38,0.71,0.99,0.52,0.80,0.84,3305.65
ART_03453,41,21,861,1.95,acrylic,pop_art,2,0,2.95,Japan,0,73,excellent,2024,214,0.64,0.77,0.31,0.85,0.82,0.46,0.67,0.42,174.32
ART_03454,147,80,11760,1.84,acrylic,surrealism,18,282,5.77,Germany,1,1,good,2012,213,0.99,0.83,0.87,0.46,0.99,0.80,0.39,0.63,6059.16
ART_03455,112,75,8400,1.49,ink,pop_art,17,105,3.49,India,1,1,new,1996,72,0.90,0.82,0.33,0.87,0.64,0.94,0.27,0.57,2028.24
ART_03456,67,25,1675,2.68,oil,conceptual,18,145,3.78,Turkey,1,1,good,2000,98,0.99,0.81,0.72,0.59,0.79,0.93,0.94,0.44,1242.39
ART_03457,38,20,760,1.90,acrylic,expressionism,1,212,4.37,Italy,1,1,fair,2026,42,0.92,0.93,0.88,0.53,0.77,0.95,0.41,0.59,501.23
ART_03458,108,112,12096,0.96,gouache,minimalism,15,336,3.72,Germany,1,1,good,2024,232,0.95,0.88,0.85,0.52,0.92,0.99,0.72,0.65,3973.52
ART_03459,111,66,7326,1.68,digital,pop_art,25,250,5.76,Bangladesh,1,1,good,1992,92,0.99,0.83,0.50,0.91,0.99,0.72,0.32,0.44,2835.97
ART_03460,149,31,4619,4.81,oil,surrealism,19,328,4.86,France,1,1,new,2002,109,0.99,0.78,0.67,0.88,0.99,0.82,0.78,0.73,4273.18
ART_03461,136,70,9520,1.94,watercolor,expressionism,13,2,4.09,Bangladesh,1,1,new,2026,83,0.90,0.93,0.48,0.57,0.77,0.57,0.71,0.97,3232.26
ART_03462,78,29,2262,2.69,mixed_media,surrealism,0,307,4.81,Pakistan,0,58,good,2004,174,0.87,0.74,0.41,0.64,0.71,0.55,0.92,0.78,1284.60
ART_03463,124,121,15004,1.02,acrylic,landscape,14,90,5.05,Turkey,1,1,excellent,2011,120,0.99,0.60,0.72,0.64,0.73,0.75,0.28,0.86,5536.44
ART_03464,139,79,10981,1.76,watercolor,realism,6,2,4.11,Germany,1,1,good,1993,187,0.82,0.68,0.47,0.57,0.81,0.92,0.43,0.56,2283.06
ART_03465,65,77,5005,0.84,charcoal,impressionism,8,152,4.32,UAE,1,1,excellent,2006,57,0.99,0.67,0.79,0.84,0.63,0.87,0.60,0.78,1985.06
ART_03466,103,95,9785,1.08,mixed_media,abstract,24,323,5.71,Japan,1,1,fair,2008,117,0.90,0.59,0.50,0.64,0.69,0.69,0.77,0.95,6418.72
ART_03467,111,157,17427,0.71,acrylic,surrealism,3,342,4.53,Italy,1,1,excellent,2023,121,0.99,0.86,0.60,0.60,0.99,0.99,0.84,0.46,5080.46
ART_03468,70,138,9660,0.51,charcoal,realism,3,12,3.46,Pakistan,1,1,good,1997,66,0.88,0.62,0.46,0.67,0.99,0.90,0.29,0.41,1238.66
ART_03469,97,77,7469,1.26,gouache,conceptual,13,18,2.88,UK,1,1,new,1998,108,0.77,0.91,0.66,0.89,0.78,0.92,0.86,0.44,1373.63
ART_03470,124,82,10168,1.51,mixed_media,realism,4,7,2.85,Turkey,0,52,good,2021,176,0.78,0.70,0.52,0.32,0.55,0.68,0.31,0.85,1417.29
ART_03471,82,148,12136,0.55,acrylic,realism,7,173,4.00,Japan,1,1,new,1991,227,0.89,0.71,0.37,0.84,0.78,0.85,0.43,0.96,5219.87
ART_03472,73,62,4526,1.18,digital,minimalism,2,155,3.97,UAE,0,60,excellent,1990,138,0.73,0.48,0.35,0.84,0.98,0.85,0.89,0.66,788.56
ART_03473,26,51,1326,0.51,oil,minimalism,17,118,4.41,India,1,1,fair,2023,233,0.83,0.58,0.52,0.36,0.59,0.85,0.61,0.55,843.96
ART_03474,133,95,12635,1.40,charcoal,realism,8,190,5.50,Turkey,0,52,new,2010,12,0.99,0.54,0.86,0.81,0.77,0.52,0.87,0.88,2975.45
ART_03475,23,137,3151,0.17,oil,expressionism,18,0,4.60,Italy,0,64,new,2026,168,0.67,0.63,0.80,0.65,0.59,0.64,0.42,0.57,964.00
ART_03476,37,57,2109,0.65,pastel,surrealism,22,40,5.56,Bangladesh,0,74,excellent,2017,139,0.81,0.73,0.63,0.91,0.84,0.54,0.61,0.78,859.79
ART_03477,36,151,5436,0.24,digital,impressionism,2,3,3.19,Turkey,1,1,new,2003,106,0.77,0.60,0.71,0.52,0.82,0.91,0.29,0.67,1177.38
ART_03478,148,86,12728,1.72,watercolor,pop_art,12,0,4.59,UK,1,1,new,2022,19,0.73,0.65,0.79,0.33,0.75,0.93,0.30,0.83,2566.95
ART_03479,75,159,11925,0.47,oil,impressionism,0,0,4.16,India,1,1,new,2004,33,0.85,0.68,0.68,0.52,0.62,0.63,0.69,0.88,3204.07
ART_03480,31,85,2635,0.36,pastel,portrait,17,2,4.92,France,1,1,excellent,1991,200,0.92,0.67,0.47,0.51,0.77,0.95,0.73,0.74,1761.47
ART_03481,123,45,5535,2.73,ink,conceptual,5,60,3.40,Japan,1,1,new,2019,178,0.98,0.57,0.59,0.57,0.90,0.99,0.25,0.74,1390.64
ART_03482,39,42,1638,0.93,digital,conceptual,20,33,3.39,Japan,0,14,fair,1992,231,0.99,0.82,0.54,0.85,0.68,0.52,0.85,0.61,522.48
ART_03483,155,91,14105,1.70,mixed_media,impressionism,25,169,3.81,Bangladesh,1,1,good,2014,73,0.99,0.85,0.42,0.37,0.63,0.77,0.70,0.76,5250.94
ART_03484,26,151,3926,0.17,digital,landscape,6,161,3.91,Italy,0,33,fair,1994,129,0.97,0.83,0.52,0.61,0.99,0.56,0.69,0.77,1208.99
ART_03485,143,38,5434,3.76,ink,landscape,24,17,3.46,Japan,0,41,new,2026,67,0.99,0.48,0.72,0.86,0.97,0.81,0.65,0.86,1397.72
ART_03486,97,30,2910,3.23,acrylic,conceptual,20,374,5.94,Japan,1,1,good,2012,175,0.98,0.84,0.45,0.94,0.61,0.73,0.36,0.61,2089.53
ART_03487,130,102,13260,1.27,mixed_media,pop_art,2,111,4.89,USA,1,1,good,2009,127,0.99,0.79,0.75,0.86,0.91,0.85,0.65,0.86,4039.21
ART_03488,123,46,5658,2.67,oil,abstract,21,25,3.06,UK,1,1,good,2021,124,0.99,0.81,0.90,0.88,0.74,0.74,0.66,0.42,2179.47
ART_03489,70,59,4130,1.19,gouache,abstract,24,0,4.45,Pakistan,1,1,excellent,2003,179,0.67,0.57,0.52,0.62,0.84,0.82,0.44,0.76,1951.17
ART_03490,112,153,17136,0.73,acrylic,portrait,2,261,3.72,UAE,1,1,good,2018,84,0.84,0.74,0.75,0.90,0.99,0.81,0.71,0.66,4176.98
ART_03491,107,147,15729,0.73,gouache,conceptual,18,0,4.74,UK,0,27,good,2006,205,0.64,0.62,0.43,0.31,0.95,0.82,0.81,0.69,2532.98
ART_03492,104,86,8944,1.21,digital,realism,9,42,5.07,UAE,1,1,good,2000,50,0.95,0.74,0.75,0.41,0.57,0.97,0.77,0.95,2743.15
ART_03493,152,38,5776,4.00,ink,pop_art,0,258,4.05,India,1,1,good,1999,92,0.96,0.82,0.76,0.68,0.61,0.90,0.94,0.53,1611.23
ART_03494,117,26,3042,4.50,acrylic,realism,19,190,4.73,Germany,1,1,fair,2007,172,0.99,0.75,0.42,0.66,0.65,0.96,0.35,0.56,1840.96
ART_03495,80,76,6080,1.05,oil,realism,25,352,4.82,Turkey,1,1,good,2025,129,0.92,0.62,0.41,0.49,0.61,0.78,0.54,0.48,3487.14
ART_03496,153,115,17595,1.33,ink,landscape,18,58,3.12,India,1,1,excellent,1990,104,0.99,0.94,0.59,0.90,0.56,0.69,0.96,0.84,4226.84
ART_03497,47,103,4841,0.46,digital,realism,19,48,3.76,Bangladesh,1,1,good,2020,193,0.99,0.62,0.80,0.92,0.71,0.94,0.56,0.65,1792.06
ART_03498,123,51,6273,2.41,oil,expressionism,2,112,4.02,Italy,1,1,new,1994,212,0.99,0.75,0.74,0.76,0.99,0.85,0.50,0.57,3626.53
ART_03499,52,110,5720,0.47,charcoal,abstract,3,3,3.00,France,0,24,good,2010,73,0.94,0.59,0.73,0.43,0.56,0.79,0.63,0.43,640.04
ART_03500,129,83,10707,1.55,charcoal,portrait,16,19,3.48,Italy,0,21,new,2024,207,0.87,0.61,0.52,0.93,0.63,0.57,0.63,0.91,1958.84
ART_03501,27,73,1971,0.37,mixed_media,minimalism,0,0,4.76,India,1,1,good,1999,209,0.71,0.73,0.49,0.62,0.63,0.50,0.28,0.73,726.03
ART_03502,102,50,5100,2.04,watercolor,portrait,19,100,4.40,UK,1,1,fair,2014,84,0.93,0.88,0.32,0.83,0.82,0.86,0.69,0.56,1825.79
ART_03503,135,116,15660,1.16,watercolor,abstract,1,34,3.71,Germany,0,5,excellent,1994,67,0.81,0.71,0.39,0.71,0.87,0.95,0.92,0.69,2911.97
ART_03504,78,83,6474,0.94,pastel,expressionism,4,1,4.22,Italy,1,1,new,2005,238,0.66,0.62,0.88,0.72,0.58,0.72,0.87,0.75,1573.07
ART_03505,88,152,13376,0.58,ink,expressionism,19,17,5.46,UAE,1,1,fair,2006,16,0.99,0.60,0.69,0.77,0.76,0.62,0.42,0.98,2809.75
ART_03506,68,65,4420,1.05,watercolor,surrealism,4,159,3.46,UK,1,1,new,1992,227,0.73,0.78,0.72,0.38,0.71,0.64,0.34,0.86,1996.70
ART_03507,131,70,9170,1.87,watercolor,minimalism,10,104,3.43,Germany,0,55,excellent,1999,214,0.99,0.61,0.30,0.57,0.80,0.58,0.82,0.57,1449.75
ART_03508,93,44,4092,2.11,gouache,abstract,12,79,4.63,Turkey,0,63,new,1995,79,0.95,0.82,0.65,0.63,0.62,0.80,0.67,0.78,1411.17
ART_03509,129,132,17028,0.98,charcoal,surrealism,1,334,3.68,Canada,1,1,new,1990,62,0.84,0.74,0.87,0.51,0.81,0.78,0.32,0.43,3675.84
ART_03510,100,147,14700,0.68,ink,portrait,4,0,5.02,Turkey,1,1,good,1999,243,0.72,0.60,0.66,0.80,0.67,0.80,0.85,0.55,2375.40
ART_03511,141,151,21291,0.93,acrylic,portrait,9,42,5.27,UK,1,1,excellent,2018,26,0.99,0.91,0.60,0.32,0.75,0.93,0.27,0.44,5132.34
ART_03512,40,135,5400,0.30,oil,surrealism,19,29,3.94,Pakistan,1,1,new,1991,122,0.99,0.74,0.68,0.66,0.72,0.70,0.81,0.72,4180.75
ART_03513,75,135,10125,0.56,acrylic,abstract,2,119,3.96,UK,1,1,good,1990,74,0.93,0.93,0.90,0.66,0.69,0.94,0.72,0.95,4264.24
ART_03514,92,29,2668,3.17,mixed_media,realism,24,347,3.64,Italy,0,66,good,2018,96,0.99,0.77,0.73,0.33,0.79,0.98,0.31,0.79,1150.00
ART_03515,41,92,3772,0.45,gouache,surrealism,21,104,5.05,USA,1,1,excellent,2014,179,0.99,0.71,0.65,0.38,0.96,0.72,0.49,0.54,2085.93
ART_03516,132,80,10560,1.65,charcoal,landscape,16,393,5.16,Pakistan,1,1,fair,1993,219,0.99,0.68,0.73,0.31,0.69,0.70,0.52,0.96,3840.70
ART_03517,91,27,2457,3.37,gouache,conceptual,7,365,3.41,Turkey,1,1,excellent,2015,189,0.99,0.77,0.74,0.77,0.71,0.81,0.33,0.93,1404.91
ART_03518,128,59,7552,2.17,gouache,realism,15,95,4.35,UAE,1,1,fair,2007,63,0.78,0.81,0.31,0.88,0.82,0.54,0.82,0.57,1846.76
ART_03519,101,70,7070,1.44,acrylic,impressionism,23,1,4.04,Pakistan,1,1,fair,2023,144,0.87,0.60,0.32,0.35,0.97,0.79,0.49,0.78,2811.33
ART_03520,144,90,12960,1.60,digital,landscape,11,81,3.12,India,1,1,fair,2000,58,0.99,0.66,0.59,0.42,0.93,0.59,0.88,0.93,2848.85
ART_03521,22,64,1408,0.34,watercolor,impressionism,8,403,4.35,UAE,1,1,new,1999,239,0.81,0.70,0.39,0.48,0.63,0.97,0.65,0.46,1033.12
ART_03522,157,50,7850,3.14,digital,expressionism,13,25,3.42,Italy,1,1,new,2024,169,0.71,0.73,0.69,0.61,0.74,0.79,0.90,0.86,2134.59
ART_03523,32,34,1088,0.94,digital,conceptual,2,387,4.33,France,1,1,new,2016,73,0.99,0.81,0.75,0.92,0.80,0.83,0.38,0.42,587.21
ART_03524,90,79,7110,1.14,ink,pop_art,7,240,4.88,Japan,1,1,fair,2024,204,0.99,0.61,0.45,0.77,0.60,0.87,0.29,0.94,1714.95
ART_03525,77,95,7315,0.81,digital,realism,2,51,3.67,UK,1,1,fair,1993,142,0.91,0.77,0.49,0.69,0.76,0.70,0.31,0.75,1456.49
ART_03526,155,134,20770,1.16,pastel,realism,2,49,4.57,France,1,1,fair,2017,101,0.71,0.80,0.81,0.94,0.69,0.67,0.62,0.95,3154.57
ART_03527,55,141,7755,0.39,ink,landscape,1,32,2.63,Germany,0,48,good,2006,183,0.85,0.69,0.43,0.57,0.78,0.51,0.25,0.71,704.55
ART_03528,147,152,22344,0.97,pastel,minimalism,17,283,5.22,Canada,0,73,fair,2010,231,0.99,0.68,0.63,0.42,0.55,0.73,0.39,0.93,3025.49
ART_03529,125,121,15125,1.03,oil,minimalism,11,396,5.76,UAE,1,1,good,2024,39,0.84,0.90,0.68,0.85,0.78,0.92,0.72,0.73,7484.20
ART_03530,93,36,3348,2.58,oil,portrait,17,3,4.49,India,1,1,good,2000,107,0.88,0.76,0.69,0.50,0.98,0.76,0.85,0.78,2217.54
ART_03531,117,142,16614,0.82,acrylic,abstract,21,293,5.45,Bangladesh,0,28,fair,2017,134,0.99,0.60,0.64,0.63,0.81,0.80,0.50,0.44,4071.81
ART_03532,33,127,4191,0.26,digital,expressionism,5,230,3.21,Japan,1,1,fair,2020,73,0.91,0.64,0.49,0.48,0.98,0.99,0.86,0.78,1432.11
ART_03533,145,136,19720,1.07,acrylic,expressionism,12,80,3.65,Pakistan,1,1,excellent,2000,73,0.88,0.66,0.63,0.58,0.87,0.53,0.65,0.81,4805.99
ART_03534,86,107,9202,0.80,digital,abstract,3,245,4.59,Pakistan,1,1,good,2010,94,0.77,0.78,0.68,0.39,0.64,0.82,0.29,0.57,1933.02
ART_03535,132,95,12540,1.39,charcoal,impressionism,20,72,5.34,India,0,36,fair,2003,143,0.99,0.53,0.45,0.66,0.58,0.61,0.58,0.75,2442.50
ART_03536,45,144,6480,0.31,charcoal,minimalism,15,15,4.15,Canada,1,1,excellent,1991,20,0.75,0.90,0.50,0.41,0.70,0.66,0.43,0.49,1522.54
ART_03537,87,110,9570,0.79,acrylic,realism,17,129,3.63,India,1,1,good,1997,76,0.99,0.73,0.74,0.65,0.93,0.84,0.43,0.45,3308.74
ART_03538,147,47,6909,3.13,gouache,realism,2,16,3.18,Bangladesh,1,1,excellent,2006,238,0.82,0.85,0.87,0.82,0.96,0.57,0.97,0.64,1470.50
ART_03539,114,23,2622,4.96,watercolor,expressionism,7,43,5.21,India,0,14,new,1993,122,0.97,0.76,0.57,0.55,0.64,0.50,0.30,0.59,1061.88
ART_03540,55,36,1980,1.53,mixed_media,realism,21,106,3.91,Turkey,0,10,excellent,2009,25,0.92,0.64,0.59,0.78,0.61,0.77,0.29,0.96,1231.44
ART_03541,144,103,14832,1.40,watercolor,abstract,22,89,3.85,Bangladesh,1,1,excellent,2009,193,0.99,0.58,0.79,0.46,0.85,0.54,0.31,0.53,3388.61
ART_03542,104,100,10400,1.04,digital,surrealism,14,14,4.93,Turkey,1,1,fair,1994,26,0.83,0.68,0.46,0.36,0.91,0.82,0.78,0.77,2661.94
ART_03543,36,124,4464,0.29,ink,portrait,4,277,4.46,Bangladesh,1,1,new,2005,209,0.99,0.57,0.53,0.93,0.67,0.79,0.74,0.79,2004.46
ART_03544,70,108,7560,0.65,acrylic,impressionism,22,414,3.50,Japan,1,1,excellent,2025,204,0.99,0.67,0.41,0.33,0.99,0.77,0.58,0.65,4546.62
ART_03545,103,68,7004,1.51,acrylic,conceptual,24,284,5.79,Italy,1,1,new,2025,50,0.99,0.81,0.66,0.56,0.98,0.62,0.37,0.58,3302.29
ART_03546,110,38,4180,2.89,charcoal,abstract,14,234,4.66,India,1,1,fair,2013,188,0.99,0.67,0.46,0.57,0.82,0.93,0.30,0.94,1811.57
ART_03547,124,60,7440,2.07,gouache,pop_art,12,352,3.64,UK,1,1,excellent,2023,126,0.81,0.74,0.89,0.71,0.83,0.60,0.53,0.97,2400.87
ART_03548,37,143,5291,0.26,digital,minimalism,5,348,4.42,Bangladesh,1,1,fair,2010,200,0.99,0.64,0.65,0.44,0.71,0.81,0.45,0.67,1586.35
ART_03549,98,131,12838,0.75,mixed_media,minimalism,16,39,3.67,Pakistan,1,1,fair,2023,235,0.86,0.86,0.88,0.54,0.57,0.73,0.67,0.98,3040.46
ART_03550,101,146,14746,0.69,digital,abstract,24,67,3.62,Germany,1,1,new,1991,14,0.99,0.78,0.87,0.46,0.92,0.76,0.59,0.48,4046.38
ART_03551,82,73,5986,1.12,watercolor,pop_art,11,134,3.03,France,1,1,fair,1996,80,0.99,0.58,0.51,0.92,0.92,0.75,0.41,0.84,1494.47
ART_03552,20,142,2840,0.14,oil,pop_art,1,239,2.98,Italy,1,1,fair,2006,43,0.99,0.70,0.45,0.51,0.79,0.57,0.80,0.99,1471.02
ART_03553,75,87,6525,0.86,oil,expressionism,12,249,3.48,France,1,1,good,2011,129,0.99,0.66,0.54,0.89,0.82,0.63,0.58,0.55,3061.45
ART_03554,45,160,7200,0.28,watercolor,portrait,10,21,4.14,France,1,1,new,2013,101,0.97,0.95,0.72,0.48,0.97,0.67,0.60,0.46,2345.01
ART_03555,69,99,6831,0.70,gouache,conceptual,6,358,4.98,France,1,1,excellent,2013,73,0.78,0.92,0.80,0.48,0.56,0.94,0.72,0.75,2508.32
ART_03556,159,36,5724,4.42,ink,expressionism,12,2,3.06,Italy,1,1,fair,2025,87,0.82,0.78,0.90,0.39,0.91,0.77,0.33,0.63,1011.35
ART_03557,80,104,8320,0.77,charcoal,abstract,16,338,5.85,Turkey,0,19,fair,2010,231,0.86,0.67,0.56,0.57,0.99,0.94,0.74,0.58,2157.19
ART_03558,45,24,1080,1.88,gouache,surrealism,1,0,4.09,Turkey,0,15,fair,2013,178,0.76,0.63,0.52,0.66,0.52,0.79,0.62,0.84,297.74
ART_03559,120,37,4440,3.24,digital,pop_art,9,168,3.52,France,1,1,new,1995,22,0.85,0.70,0.51,0.73,0.66,0.90,0.89,0.73,1627.15
ART_03560,158,108,17064,1.46,pastel,expressionism,18,174,5.68,Japan,1,1,excellent,2003,197,0.86,0.62,0.65,0.62,0.97,0.63,0.87,0.57,6054.72
ART_03561,97,65,6305,1.49,watercolor,realism,12,358,4.47,India,1,1,new,2012,63,0.89,0.56,0.48,0.76,0.86,0.61,0.31,0.91,2583.37
ART_03562,89,24,2136,3.71,mixed_media,minimalism,19,2,3.84,USA,1,1,good,2005,189,0.86,0.78,0.82,0.44,0.86,0.83,0.44,0.78,1219.23
ART_03563,38,46,1748,0.83,mixed_media,realism,0,142,3.70,Japan,0,25,good,2025,162,0.99,0.65,0.36,0.38,0.90,0.52,0.30,0.43,536.27
ART_03564,83,69,5727,1.20,pastel,impressionism,21,233,4.31,Bangladesh,1,1,excellent,2019,55,0.99,0.83,0.67,0.95,0.99,0.53,0.85,0.78,3104.81
ART_03565,121,157,18997,0.77,oil,expressionism,21,0,4.88,India,1,1,good,2000,73,0.99,0.60,0.54,0.95,0.57,0.84,0.58,0.52,5910.86
ART_03566,73,77,5621,0.95,oil,surrealism,21,150,5.70,USA,0,21,fair,2009,197,0.99,0.53,0.83,0.89,0.58,0.91,0.46,0.64,2973.32
ART_03567,20,76,1520,0.26,watercolor,pop_art,4,0,3.16,Pakistan,1,1,new,1994,71,0.82,0.93,0.60,0.80,0.69,0.74,0.78,0.96,868.12
ART_03568,143,107,15301,1.34,ink,expressionism,14,23,5.32,UK,0,20,fair,2025,94,0.95,0.53,0.28,0.74,0.54,0.95,0.49,0.95,1864.91
ART_03569,54,90,4860,0.60,digital,impressionism,0,231,3.98,Germany,0,78,good,2006,53,0.92,0.58,0.55,0.45,0.56,0.53,0.50,0.67,704.19
ART_03570,52,121,6292,0.43,mixed_media,abstract,22,117,5.07,France,1,1,fair,2007,17,0.99,0.67,0.41,0.72,0.76,0.77,0.78,0.75,2974.47
ART_03571,150,125,18750,1.20,oil,minimalism,0,20,3.90,Canada,1,1,new,2000,14,0.79,0.91,0.61,0.40,0.61,0.93,0.70,0.87,4146.09
ART_03572,139,47,6533,2.96,pastel,portrait,13,86,3.20,France,1,1,fair,2025,51,0.75,0.59,0.33,0.37,0.65,0.96,0.49,0.55,902.23
ART_03573,138,101,13938,1.37,digital,minimalism,15,241,4.73,Italy,1,1,fair,2019,231,0.99,0.57,0.70,0.84,0.88,0.74,0.51,0.88,4141.27
ART_03574,47,78,3666,0.60,pastel,expressionism,11,210,4.86,Bangladesh,1,1,fair,2016,238,0.92,0.67,0.65,0.82,0.61,0.51,0.86,0.94,1746.05
ART_03575,99,155,15345,0.64,mixed_media,minimalism,25,187,4.88,UAE,1,1,excellent,2001,143,0.99,0.66,0.89,0.93,0.84,0.54,0.53,0.67,5998.45
ART_03576,143,46,6578,3.11,gouache,minimalism,3,31,3.26,Germany,0,40,new,1996,194,0.85,0.66,0.66,0.92,0.87,0.60,0.36,0.86,1090.33
ART_03577,34,135,4590,0.25,acrylic,pop_art,4,207,3.40,Italy,1,1,new,2005,123,0.99,0.63,0.41,0.52,0.67,0.64,0.63,0.44,1357.23
ART_03578,94,89,8366,1.06,digital,landscape,21,376,4.78,Japan,1,1,excellent,2026,229,0.99,0.65,0.34,0.57,0.79,0.56,0.66,0.69,3143.29
ART_03579,47,100,4700,0.47,mixed_media,minimalism,19,404,3.55,Japan,1,1,excellent,2011,69,0.99,0.69,0.45,0.36,0.56,0.82,0.52,0.98,2743.34
ART_03580,32,50,1600,0.64,pastel,abstract,20,41,5.47,Germany,1,1,excellent,1995,120,0.99,0.64,0.42,0.40,0.61,0.82,0.47,0.63,1275.06
ART_03581,143,155,22165,0.92,watercolor,pop_art,5,187,3.06,USA,1,1,fair,2011,64,0.99,0.75,0.32,0.66,0.83,0.57,0.50,0.65,3119.61
ART_03582,39,124,4836,0.31,charcoal,abstract,4,1,2.87,UAE,1,1,excellent,2008,199,0.91,0.87,0.54,0.64,0.77,0.55,0.52,0.76,1259.81
ART_03583,61,97,5917,0.63,pastel,realism,15,18,4.52,Canada,1,1,new,2002,141,0.98,0.92,0.72,0.35,0.58,0.80,0.59,0.75,2361.89
ART_03584,116,119,13804,0.97,pastel,expressionism,11,46,3.53,Canada,1,1,fair,2010,158,0.99,0.60,0.86,0.69,0.63,0.68,0.38,0.86,2371.68
ART_03585,91,24,2184,3.79,charcoal,realism,14,297,4.31,Bangladesh,0,75,new,2022,120,0.99,0.79,0.78,0.31,0.97,0.70,0.87,0.83,932.86
ART_03586,85,150,12750,0.57,charcoal,surrealism,18,1,3.17,Turkey,0,28,good,2012,85,0.75,0.87,0.56,0.40,0.94,0.91,0.43,0.82,2365.63
ART_03587,61,142,8662,0.43,gouache,minimalism,13,182,4.56,Bangladesh,1,1,new,2010,131,0.99,0.72,0.47,0.95,0.87,0.63,0.37,0.52,2235.67
ART_03588,49,61,2989,0.80,digital,landscape,15,81,5.16,Bangladesh,1,1,good,2012,28,0.99,0.73,0.35,0.91,0.98,0.85,0.74,0.74,1661.31
ART_03589,64,83,5312,0.77,pastel,realism,6,245,4.06,Germany,1,1,good,2017,49,0.99,0.85,0.69,0.43,0.78,0.99,0.38,0.64,1731.98
ART_03590,107,140,14980,0.76,digital,impressionism,23,349,3.65,Germany,1,1,fair,2010,15,0.99,0.60,0.75,0.80,0.71,0.54,0.37,0.95,3586.75
ART_03591,101,46,4646,2.20,acrylic,surrealism,6,374,3.97,Pakistan,1,1,excellent,2006,215,0.99,0.80,0.47,0.65,0.57,0.67,0.81,0.44,2368.27
ART_03592,160,23,3680,6.96,charcoal,realism,8,11,2.86,India,1,1,fair,2010,111,0.99,0.82,0.33,0.50,0.63,0.86,0.89,0.68,905.87
ART_03593,22,120,2640,0.18,gouache,minimalism,6,79,3.55,Germany,0,9,excellent,2024,215,0.73,0.85,0.55,0.37,0.74,0.61,0.95,0.46,549.04
ART_03594,41,105,4305,0.39,watercolor,pop_art,21,190,3.51,France,1,1,fair,2024,43,0.99,0.85,0.53,0.32,0.88,0.97,0.62,0.86,1967.73
ART_03595,52,123,6396,0.42,digital,expressionism,20,24,3.43,UAE,1,1,new,2012,35,0.92,0.80,0.86,0.33,0.88,0.86,0.55,0.53,1745.65
ART_03596,20,24,480,0.83,charcoal,surrealism,1,163,4.04,Germany,1,1,new,2009,91,0.80,0.82,0.74,0.55,0.64,0.75,0.72,0.93,445.11
ART_03597,156,109,17004,1.43,acrylic,expressionism,6,358,5.48,Turkey,1,1,good,2016,34,0.99,0.73,0.48,0.40,0.98,0.79,0.45,0.64,5866.35
ART_03598,107,42,4494,2.55,charcoal,realism,7,320,3.80,France,1,1,fair,2020,66,0.95,0.74,0.34,0.51,0.90,0.65,0.56,0.58,1176.16
ART_03599,108,117,12636,0.92,acrylic,minimalism,16,115,4.56,Germany,1,1,new,2021,199,0.99,0.60,0.65,0.73,0.64,0.55,0.55,0.47,3490.27
ART_03600,84,43,3612,1.95,gouache,abstract,25,409,4.58,USA,1,1,fair,2005,106,0.99,0.91,0.83,0.36,0.76,0.87,0.48,0.84,2373.70
ART_03601,69,55,3795,1.25,pastel,conceptual,0,75,2.64,Turkey,1,1,new,2016,233,0.99,0.63,0.83,0.64,0.99,0.70,0.74,0.72,1029.76
ART_03602,35,129,4515,0.27,gouache,pop_art,10,315,3.53,Italy,1,1,good,1993,221,0.99,0.79,0.42,0.52,0.94,0.61,0.73,0.65,1628.28
ART_03603,85,30,2550,2.83,mixed_media,portrait,1,27,3.90,Turkey,1,1,fair,2000,13,0.70,0.67,0.81,0.47,0.97,0.97,0.45,0.78,985.93
ART_03604,82,122,10004,0.67,acrylic,surrealism,14,66,3.07,USA,1,1,good,2010,8,0.99,0.80,0.73,0.61,0.68,0.53,0.85,0.72,2686.31
ART_03605,56,149,8344,0.38,gouache,landscape,2,153,4.31,Japan,0,42,excellent,2009,40,0.83,0.71,0.47,0.39,0.90,0.51,0.80,0.64,1578.08
ART_03606,139,71,9869,1.96,oil,realism,17,298,4.54,India,1,1,fair,2002,139,0.99,0.70,0.73,0.42,0.76,0.81,0.73,0.56,4073.99
ART_03607,135,131,17685,1.03,gouache,minimalism,19,32,4.75,Germany,1,1,fair,2005,32,0.81,0.84,0.63,0.78,0.65,0.92,0.67,0.72,2988.35
ART_03608,28,138,3864,0.20,mixed_media,expressionism,2,71,4.73,Japan,1,1,excellent,2025,113,0.66,0.85,0.75,0.61,0.69,0.86,0.66,0.82,1767.26
ART_03609,49,126,6174,0.39,digital,conceptual,18,293,4.66,France,1,1,fair,1999,19,0.99,0.66,0.43,0.70,0.99,0.83,0.62,0.84,2460.78
ART_03610,124,115,14260,1.08,pastel,landscape,22,220,4.80,Germany,1,1,good,1996,94,0.91,0.59,0.31,0.86,0.98,0.58,0.47,0.98,5713.09
ART_03611,125,134,16750,0.93,watercolor,impressionism,4,246,5.48,Pakistan,1,1,new,1997,73,0.99,0.62,0.32,0.62,0.77,0.77,0.71,0.83,6790.80
ART_03612,58,112,6496,0.52,oil,surrealism,24,61,3.21,Pakistan,1,1,good,2016,211,0.99,0.57,0.42,0.95,0.99,0.97,0.86,0.62,3572.17
ART_03613,106,22,2332,4.82,gouache,surrealism,25,2,3.37,Italy,0,70,fair,2004,40,0.79,0.66,0.64,0.82,0.78,0.91,0.27,0.68,485.59
ART_03614,28,159,4452,0.18,digital,surrealism,24,10,4.46,Pakistan,0,57,fair,1999,242,0.80,0.79,0.50,0.42,0.98,0.55,0.43,0.43,1005.37
ART_03615,26,80,2080,0.33,watercolor,abstract,12,5,4.06,Turkey,1,1,excellent,2016,40,0.88,0.83,0.44,0.78,0.99,0.70,0.54,0.78,1029.10
ART_03616,118,36,4248,3.28,acrylic,landscape,14,372,4.20,USA,0,10,fair,2010,51,0.99,0.84,0.47,0.77,0.86,0.73,0.41,0.47,1431.55
ART_03617,88,130,11440,0.68,watercolor,conceptual,20,2,3.65,Turkey,0,73,excellent,2010,85,0.80,0.71,0.54,0.94,0.61,0.73,0.95,0.87,1923.24
ART_03618,120,93,11160,1.29,gouache,expressionism,6,1,4.51,India,1,1,good,2023,14,0.58,0.82,0.70,0.65,0.58,0.60,0.72,0.49,1548.96
ART_03619,153,131,20043,1.17,watercolor,impressionism,22,417,5.85,India,1,1,fair,2000,247,0.99,0.94,0.72,0.68,0.64,0.56,0.83,0.53,7169.56
ART_03620,42,120,5040,0.35,acrylic,landscape,5,356,3.87,UK,0,42,good,2006,39,0.95,0.54,0.32,0.40,0.88,0.88,0.70,0.94,2115.12
ART_03621,106,120,12720,0.88,watercolor,landscape,4,31,3.64,UAE,0,77,fair,1997,73,0.78,0.57,0.31,0.94,0.92,0.75,0.91,0.86,1544.41
ART_03622,156,118,18408,1.32,mixed_media,pop_art,2,43,3.24,Turkey,1,1,new,2000,57,0.97,0.88,0.42,0.32,0.98,0.72,0.25,0.64,4418.73
ART_03623,37,65,2405,0.57,watercolor,realism,22,32,4.40,India,0,76,good,2004,79,0.96,0.87,0.88,0.51,0.69,0.75,0.48,0.82,952.59
ART_03624,142,143,20306,0.99,gouache,surrealism,6,298,4.00,Pakistan,1,1,new,2006,95,0.94,0.59,0.54,0.72,0.73,0.85,0.42,0.52,4113.74
ART_03625,90,159,14310,0.57,charcoal,minimalism,1,154,4.75,UK,1,1,new,2007,190,0.99,0.91,0.80,0.59,0.57,0.66,0.33,0.94,3973.81
ART_03626,54,127,6858,0.43,charcoal,conceptual,11,301,5.58,USA,1,1,excellent,2012,116,0.99,0.94,0.41,0.43,0.69,0.51,0.27,0.51,2507.07
ART_03627,90,26,2340,3.46,watercolor,pop_art,25,51,4.34,France,1,1,excellent,1993,109,0.99,0.77,0.62,0.87,0.93,0.65,0.70,0.85,1785.50
ART_03628,93,145,13485,0.64,watercolor,conceptual,14,108,4.78,Bangladesh,1,1,good,1998,19,0.81,0.90,0.81,0.86,0.77,0.52,0.80,0.65,3593.47
ART_03629,74,52,3848,1.42,watercolor,conceptual,11,130,5.33,UK,1,1,excellent,2007,106,0.88,0.80,0.53,0.82,0.88,0.88,0.67,0.45,1701.98
ART_03630,73,61,4453,1.20,digital,pop_art,22,62,4.68,Italy,0,63,excellent,1999,89,0.99,0.69,0.58,0.67,0.79,0.92,0.66,0.66,1335.36
ART_03631,74,96,7104,0.77,watercolor,portrait,19,229,4.79,Canada,1,1,good,2021,126,0.91,0.64,0.77,0.47,0.73,0.97,0.55,0.54,2673.72
ART_03632,51,99,5049,0.52,oil,realism,25,96,3.18,Germany,1,1,fair,2013,200,0.99,0.57,0.51,0.88,0.96,0.80,0.83,0.52,2037.79
ART_03633,122,125,15250,0.98,ink,surrealism,1,5,2.96,Japan,1,1,new,2022,215,0.87,0.85,0.66,0.65,0.59,0.75,0.94,0.62,2503.30
ART_03634,123,41,5043,3.00,acrylic,landscape,4,198,4.82,Canada,1,1,fair,2010,162,0.78,0.95,0.77,0.91,0.77,0.83,0.73,0.87,2446.13
ART_03635,102,21,2142,4.86,mixed_media,expressionism,6,71,2.93,Italy,1,1,fair,2000,55,0.99,0.75,0.52,0.78,0.67,0.91,0.60,0.66,934.10
ART_03636,81,115,9315,0.70,ink,abstract,3,75,2.81,USA,0,21,new,1993,130,0.78,0.68,0.59,0.72,0.92,0.77,0.51,0.46,1307.43
ART_03637,31,103,3193,0.30,mixed_media,portrait,16,56,4.96,France,1,1,good,2001,157,0.80,0.57,0.66,0.89,0.75,0.55,0.58,0.96,2128.55
ART_03638,69,153,10557,0.45,ink,expressionism,21,73,3.82,USA,1,1,excellent,1994,119,0.90,0.57,0.41,0.46,0.70,0.75,0.64,0.82,2468.83
ART_03639,104,61,6344,1.70,ink,pop_art,4,125,3.70,Bangladesh,0,61,fair,2002,65,0.94,0.70,0.82,0.62,0.94,0.99,0.50,0.62,919.08
ART_03640,77,53,4081,1.45,watercolor,landscape,12,297,5.55,Italy,1,1,new,2000,34,0.86,0.63,0.65,0.78,0.93,0.74,0.86,0.74,2612.47
ART_03641,76,45,3420,1.69,acrylic,landscape,23,5,3.12,Italy,0,32,excellent,2023,95,0.85,0.85,0.48,0.94,0.73,0.72,0.68,0.77,1076.42
ART_03642,76,78,5928,0.97,watercolor,minimalism,16,0,3.10,UK,0,68,new,2000,99,0.85,0.87,0.83,0.84,0.62,0.95,0.38,0.98,1263.78
ART_03643,23,116,2668,0.20,gouache,surrealism,4,74,4.70,Canada,1,1,new,2006,168,0.99,0.59,0.77,0.64,0.96,0.86,0.53,0.56,1385.16
ART_03644,159,78,12402,2.04,mixed_media,portrait,2,351,3.34,Canada,1,1,new,2015,94,0.99,0.76,0.87,0.47,0.55,0.69,0.84,0.66,3732.63
ART_03645,118,24,2832,4.92,charcoal,minimalism,19,238,5.30,Germany,1,1,excellent,2005,174,0.99,0.92,0.71,0.64,0.75,0.76,0.89,0.97,2293.55
ART_03646,154,27,4158,5.70,watercolor,portrait,8,160,5.32,USA,1,1,good,1992,73,0.80,0.76,0.35,0.49,0.78,0.86,0.86,0.74,2265.24
ART_03647,38,144,5472,0.26,watercolor,landscape,20,2,5.30,Canada,1,1,new,2012,159,0.67,0.59,0.36,0.46,0.69,0.47,0.48,0.92,1742.54
ART_03648,85,81,6885,1.05,mixed_media,minimalism,3,274,4.76,France,1,1,excellent,1990,61,0.99,0.88,0.60,0.30,0.79,0.85,0.35,0.44,2583.23
ART_03649,125,78,9750,1.60,gouache,abstract,21,46,5.55,UAE,1,1,new,2022,52,0.86,0.63,0.31,0.64,0.71,0.84,0.79,0.84,3601.57
ART_03650,40,63,2520,0.63,charcoal,pop_art,15,0,3.60,France,0,27,excellent,2016,141,0.72,0.62,0.80,0.32,0.91,0.48,0.96,0.67,696.30
ART_03651,158,121,19118,1.31,pastel,minimalism,11,39,4.53,Italy,1,1,excellent,1993,51,0.99,0.56,0.53,0.45,0.71,0.97,0.63,0.87,5077.33
ART_03652,29,69,2001,0.42,digital,pop_art,11,57,3.43,India,1,1,new,2002,130,0.99,0.87,0.32,0.52,0.96,0.96,0.90,0.77,1242.55
ART_03653,113,37,4181,3.05,gouache,portrait,24,360,3.94,Japan,1,1,new,2022,123,0.92,0.75,0.31,0.36,0.67,0.67,0.64,0.44,1761.24
ART_03654,45,156,7020,0.29,charcoal,minimalism,8,330,4.50,USA,0,31,new,1993,164,0.82,0.61,0.59,0.80,0.99,0.91,0.78,0.47,1485.09
ART_03655,107,66,7062,1.62,charcoal,portrait,9,121,4.13,Pakistan,1,1,fair,2025,215,0.93,0.57,0.39,0.47,0.99,0.99,0.67,0.97,2365.18
ART_03656,72,41,2952,1.76,acrylic,impressionism,25,152,3.62,UK,1,1,fair,2013,223,0.94,0.82,0.36,0.93,0.67,0.50,0.62,0.76,1449.61
ART_03657,36,76,2736,0.47,ink,abstract,14,16,3.21,UAE,1,1,new,1995,164,0.85,0.59,0.41,0.41,0.63,0.74,0.73,0.75,955.38
ART_03658,86,53,4558,1.62,watercolor,pop_art,23,267,4.66,France,1,1,excellent,2013,138,0.94,0.62,0.51,0.80,0.69,0.54,0.94,0.46,2208.46
ART_03659,90,140,12600,0.64,gouache,minimalism,22,145,5.59,Bangladesh,1,1,fair,2001,35,0.91,0.79,0.82,0.65,0.89,0.80,0.45,0.94,3541.83
ART_03660,60,157,9420,0.38,pastel,landscape,0,1,4.26,Bangladesh,0,76,fair,2018,136,0.60,0.61,0.52,0.81,0.99,0.55,0.91,0.43,677.84
ART_03661,116,70,8120,1.66,watercolor,impressionism,22,108,4.56,Italy,0,69,excellent,2016,109,0.99,0.70,0.59,0.66,0.99,0.57,0.96,0.65,2034.12
ART_03662,22,81,1782,0.27,pastel,pop_art,6,198,5.38,Germany,0,18,excellent,2020,62,0.93,0.83,0.61,0.74,0.69,0.90,0.39,0.64,786.94
ART_03663,112,120,13440,0.93,oil,minimalism,1,359,4.27,UAE,0,41,fair,1996,12,0.99,0.53,0.54,0.42,0.57,0.70,0.26,0.75,2719.58
ART_03664,140,155,21700,0.90,gouache,minimalism,15,317,5.57,UK,1,1,good,2004,200,0.99,0.87,0.87,0.63,0.85,0.82,0.59,0.51,5472.76
ART_03665,152,68,10336,2.24,mixed_media,expressionism,7,256,5.06,Pakistan,1,1,excellent,2018,14,0.99,0.75,0.30,0.86,0.62,0.58,0.27,0.83,3525.95
ART_03666,120,57,6840,2.11,watercolor,abstract,2,62,2.77,India,1,1,fair,2010,33,0.90,0.89,0.62,0.90,0.69,0.99,0.28,0.72,1441.54
ART_03667,91,79,7189,1.15,oil,abstract,25,42,4.39,Bangladesh,0,47,new,1996,243,0.95,0.67,0.32,0.55,0.78,0.69,0.68,0.82,3544.79
ART_03668,110,67,7370,1.64,ink,portrait,11,401,5.44,USA,1,1,good,2020,64,0.97,0.79,0.38,0.46,0.60,0.64,0.60,0.51,1921.99
ART_03669,107,121,12947,0.88,mixed_media,portrait,25,14,3.61,Bangladesh,1,1,new,2025,234,0.99,0.94,0.84,0.81,0.63,0.68,0.72,0.48,3564.54
ART_03670,64,88,5632,0.73,acrylic,realism,24,81,4.93,France,0,76,fair,2013,77,0.92,0.82,0.32,0.35,0.99,0.82,0.36,0.54,1249.88
ART_03671,63,125,7875,0.50,watercolor,conceptual,16,0,4.22,Turkey,0,37,fair,2004,187,0.93,0.80,0.33,0.58,0.99,0.54,0.60,0.57,1165.88
ART_03672,45,30,1350,1.50,ink,expressionism,25,212,5.15,Bangladesh,1,1,fair,1993,18,0.99,0.56,0.87,0.52,0.75,0.93,0.65,0.42,632.86
ART_03673,38,129,4902,0.29,ink,landscape,21,253,5.71,France,0,44,excellent,2007,155,0.87,0.66,0.49,0.78,0.95,0.73,0.52,0.88,1634.97
ART_03674,73,126,9198,0.58,pastel,minimalism,18,324,3.81,Bangladesh,1,1,new,1999,79,0.99,0.58,0.74,0.47,0.61,0.55,0.79,0.98,3042.80
ART_03675,123,74,9102,1.66,digital,minimalism,11,354,4.01,Turkey,1,1,excellent,2015,169,0.99,0.76,0.60,0.79,0.82,0.83,0.30,0.49,2534.70
ART_03676,40,148,5920,0.27,gouache,portrait,18,5,3.55,UK,1,1,excellent,2013,189,0.94,0.73,0.71,0.49,0.99,0.91,0.96,0.59,2327.70
ART_03677,61,26,1586,2.35,ink,portrait,3,15,4.09,Canada,1,1,good,1995,121,0.62,0.89,0.79,0.94,0.77,0.71,0.93,0.82,651.67
ART_03678,74,127,9398,0.58,acrylic,surrealism,16,183,4.16,Turkey,1,1,fair,1990,45,0.99,0.65,0.41,0.59,0.67,0.87,0.42,0.63,3296.48
ART_03679,148,28,4144,5.29,pastel,landscape,14,42,4.01,USA,0,59,good,1993,230,0.99,0.55,0.30,0.94,0.80,0.99,0.89,0.95,1540.09
ART_03680,149,99,14751,1.51,oil,abstract,23,208,3.75,India,1,1,new,1999,53,0.99,0.66,0.63,0.77,0.69,0.59,0.88,0.55,7247.37
ART_03681,41,98,4018,0.42,mixed_media,impressionism,20,3,3.39,UAE,1,1,good,2007,110,0.89,0.79,0.72,0.35,0.99,0.61,0.42,0.74,1921.22
ART_03682,111,140,15540,0.79,pastel,abstract,17,294,5.41,Japan,1,1,fair,1991,91,0.91,0.77,0.84,0.32,0.56,0.91,0.40,0.46,3797.43
ART_03683,20,158,3160,0.13,watercolor,pop_art,19,355,4.31,France,0,31,fair,2020,9,0.87,0.57,0.85,0.93,0.83,0.92,0.89,0.91,1203.73
ART_03684,42,116,4872,0.36,watercolor,portrait,6,11,4.62,UAE,0,77,new,2002,62,0.87,0.59,0.80,0.33,0.79,0.71,0.44,0.88,1037.94
ART_03685,139,32,4448,4.34,pastel,expressionism,14,2,3.54,Japan,1,1,excellent,2003,74,0.71,0.78,0.66,0.84,0.90,0.56,0.46,0.41,1013.48
ART_03686,128,77,9856,1.66,digital,realism,10,151,3.37,Turkey,0,75,good,2004,182,0.98,0.50,0.32,0.71,0.69,0.64,0.72,0.76,1315.71
ART_03687,152,100,15200,1.52,gouache,pop_art,11,20,2.92,Pakistan,1,1,good,1990,106,0.94,0.60,0.66,0.70,0.68,0.98,0.67,0.44,2396.18
ART_03688,31,32,992,0.97,watercolor,conceptual,24,303,5.84,Bangladesh,0,37,fair,2010,26,0.99,0.55,0.59,0.52,0.83,0.95,0.87,0.81,741.88
ART_03689,101,88,8888,1.15,pastel,abstract,17,159,4.93,Japan,1,1,new,2020,231,0.97,0.85,0.29,0.61,0.94,0.99,0.35,0.87,4480.29
ART_03690,155,71,11005,2.18,oil,abstract,10,224,5.54,Pakistan,1,1,fair,1995,63,0.99,0.74,0.49,0.36,0.84,0.83,0.27,0.71,5524.70
ART_03691,103,57,5871,1.81,pastel,surrealism,0,136,4.89,Canada,1,1,new,2017,91,0.87,0.90,0.76,0.72,0.94,0.64,0.77,0.55,2237.86
ART_03692,34,27,918,1.26,pastel,pop_art,22,31,5.51,Bangladesh,0,18,good,1990,79,0.99,0.50,0.59,0.33,0.68,0.99,0.65,0.71,582.90
ART_03693,149,80,11920,1.86,pastel,surrealism,13,371,4.45,Germany,1,1,good,2016,209,0.91,0.59,0.36,0.90,0.99,0.70,0.64,0.63,4401.81
ART_03694,69,93,6417,0.74,pastel,realism,0,139,3.50,Canada,1,1,new,1992,168,0.99,0.87,0.71,0.38,0.81,0.83,0.94,0.75,2378.22
ART_03695,150,148,22200,1.01,oil,expressionism,4,173,4.71,Italy,1,1,fair,2005,82,0.98,0.80,0.46,0.66,0.99,0.78,0.29,0.66,5395.66
ART_03696,113,46,5198,2.46,ink,impressionism,17,244,5.55,UK,1,1,excellent,2003,102,0.97,0.68,0.74,0.57,0.73,0.56,0.67,0.77,2777.93
ART_03697,144,156,22464,0.92,ink,minimalism,12,1,3.83,India,1,1,good,1995,14,0.94,0.62,0.33,0.61,0.99,0.59,0.84,0.64,3433.74
ART_03698,98,122,11956,0.80,acrylic,realism,20,4,3.78,Italy,1,1,good,2023,181,0.99,0.65,0.38,0.73,0.76,0.79,0.69,0.64,3796.77
ART_03699,131,65,8515,2.02,pastel,expressionism,15,33,3.98,UK,1,1,good,2024,43,0.95,0.78,0.28,0.66,0.99,0.58,0.87,0.48,1789.64
ART_03700,43,104,4472,0.41,ink,surrealism,4,237,4.45,Japan,0,18,fair,1991,225,0.99,0.64,0.82,0.57,0.65,0.68,0.73,0.47,997.51
ART_03701,31,127,3937,0.24,charcoal,portrait,5,11,3.99,UAE,1,1,good,2022,187,0.73,0.67,0.63,0.49,0.68,0.50,0.93,0.94,1031.37
ART_03702,38,29,1102,1.31,digital,landscape,5,199,3.08,Japan,1,1,new,2010,129,0.74,0.75,0.31,0.88,0.99,0.73,0.73,0.72,681.27
ART_03703,149,122,18178,1.22,pastel,portrait,19,402,3.60,Japan,1,1,new,1991,67,0.88,0.61,0.55,0.52,0.57,0.59,0.27,0.54,3791.80
ART_03704,84,115,9660,0.73,mixed_media,landscape,16,406,4.39,France,1,1,good,2025,17,0.99,0.77,0.38,0.52,0.84,0.95,0.31,0.58,4063.97
ART_03705,46,102,4692,0.45,ink,landscape,8,206,4.46,Canada,1,1,new,1994,117,0.99,0.78,0.41,0.53,0.70,0.99,0.37,0.84,1817.07
ART_03706,105,62,6510,1.69,gouache,expressionism,19,4,3.87,UK,1,1,good,1997,239,0.99,0.61,0.72,0.83,0.61,0.88,0.33,0.76,2062.85
ART_03707,159,116,18444,1.37,pastel,impressionism,25,46,3.65,France,1,1,excellent,1994,89,0.99,0.92,0.85,0.31,0.63,0.74,0.34,0.64,3988.00
ART_03708,97,57,5529,1.70,watercolor,minimalism,10,71,3.78,Turkey,1,1,excellent,2004,184,0.99,0.77,0.33,0.91,0.77,0.99,0.72,0.73,1882.30
ART_03709,129,34,4386,3.79,ink,portrait,10,27,2.87,Canada,1,1,new,2024,193,0.92,0.57,0.88,0.69,0.86,0.69,0.86,0.82,1089.36
ART_03710,60,145,8700,0.41,acrylic,surrealism,0,130,4.69,Bangladesh,1,1,new,1999,188,0.86,0.88,0.72,0.54,0.88,0.99,0.29,0.64,3633.54
ART_03711,28,44,1232,0.64,watercolor,realism,22,145,4.25,UK,0,49,excellent,2000,8,0.92,0.76,0.62,0.88,0.97,0.71,0.70,0.92,732.32
ART_03712,104,96,9984,1.08,ink,surrealism,23,34,4.04,France,1,1,fair,1996,165,0.87,0.79,0.56,0.52,0.80,0.62,0.38,0.66,2035.16
ART_03713,52,23,1196,2.26,ink,impressionism,19,182,3.85,Turkey,1,1,fair,1990,21,0.99,0.78,0.66,0.47,0.90,0.73,0.58,0.97,797.99
ART_03714,107,120,12840,0.89,acrylic,landscape,3,166,3.90,Germany,1,1,excellent,2012,13,0.99,0.76,0.61,0.88,0.92,0.99,0.61,0.65,3423.44
ART_03715,127,61,7747,2.08,charcoal,expressionism,7,292,3.17,Japan,0,52,fair,2019,92,0.96,0.80,0.88,0.68,0.99,0.92,0.44,0.75,1369.09
ART_03716,79,67,5293,1.18,oil,pop_art,25,145,3.42,Turkey,1,1,fair,2023,210,0.99,0.67,0.65,0.52,0.81,0.65,0.46,0.48,1984.96
ART_03717,99,41,4059,2.41,watercolor,portrait,13,335,4.88,USA,1,1,fair,1995,180,0.99,0.96,0.38,0.55,0.67,0.70,0.33,0.42,1528.96
ART_03718,109,150,16350,0.73,watercolor,portrait,17,409,4.44,Turkey,1,1,new,2022,121,0.85,0.85,0.76,0.73,0.60,0.53,0.76,0.51,4610.75
ART_03719,113,73,8249,1.55,ink,conceptual,9,351,4.69,Bangladesh,1,1,excellent,2006,200,0.99,0.77,0.69,0.59,0.92,0.87,0.60,0.73,3717.18
ART_03720,112,27,3024,4.15,watercolor,expressionism,15,30,3.48,Turkey,1,1,good,2000,15,0.99,0.62,0.33,0.30,0.64,0.72,0.71,0.85,1252.72
ART_03721,28,65,1820,0.43,oil,pop_art,25,17,4.80,France,1,1,good,2002,25,0.78,0.92,0.73,0.94,0.77,0.64,0.33,0.81,1608.45
ART_03722,125,122,15250,1.02,acrylic,surrealism,17,8,3.66,Pakistan,1,1,new,2002,180,0.90,0.91,0.74,0.47,0.61,0.90,0.84,0.69,6045.63
ART_03723,70,63,4410,1.11,watercolor,pop_art,12,27,3.81,Pakistan,1,1,fair,1998,102,0.93,0.76,0.64,0.68,0.79,0.63,0.25,0.86,1325.40
ART_03724,37,35,1295,1.06,charcoal,portrait,10,268,4.28,Germany,1,1,excellent,1993,100,0.83,0.79,0.74,0.64,0.99,0.78,0.82,0.53,938.93
ART_03725,50,125,6250,0.40,watercolor,abstract,0,27,4.20,France,1,1,fair,2000,149,0.84,0.78,0.63,0.54,0.87,0.77,0.67,0.84,1901.94
ART_03726,156,100,15600,1.56,charcoal,conceptual,14,145,3.25,USA,1,1,new,2004,74,0.99,0.88,0.83,0.87,0.88,0.68,0.67,0.45,2530.86
ART_03727,51,60,3060,0.85,watercolor,portrait,3,262,3.52,Italy,1,1,excellent,2016,118,0.99,0.85,0.35,0.76,0.99,0.84,0.93,0.55,1213.55
ART_03728,157,149,23393,1.05,ink,impressionism,14,148,4.22,Germany,1,1,fair,2014,178,0.99,0.80,0.50,0.75,0.59,0.68,0.28,0.82,3590.81
ART_03729,103,115,11845,0.90,pastel,impressionism,4,100,3.81,India,0,81,excellent,2010,43,0.94,0.86,0.43,0.81,0.85,0.95,0.53,0.91,1865.45
ART_03730,39,47,1833,0.83,watercolor,portrait,9,239,3.18,India,1,1,good,1992,92,0.99,0.79,0.35,0.32,0.56,0.53,0.67,0.77,1018.04
ART_03731,153,92,14076,1.66,charcoal,landscape,13,128,5.48,Germany,1,1,fair,1991,144,0.95,0.71,0.63,0.61,0.62,0.81,0.50,0.57,2805.06
ART_03732,77,127,9779,0.61,charcoal,minimalism,2,0,3.59,Canada,1,1,fair,2015,199,0.82,0.70,0.50,0.44,0.59,0.67,0.37,0.65,1143.68
ART_03733,110,99,10890,1.11,mixed_media,surrealism,5,65,4.40,Bangladesh,0,60,good,1999,220,0.99,0.50,0.63,0.81,0.65,0.93,0.83,0.55,2285.34
ART_03734,149,51,7599,2.92,gouache,landscape,3,41,3.65,Canada,1,1,excellent,2011,139,0.99,0.69,0.48,0.52,0.77,0.98,0.89,0.74,1936.92
ART_03735,39,95,3705,0.41,mixed_media,conceptual,6,184,5.25,Italy,1,1,excellent,2013,132,0.99,0.83,0.75,0.89,0.84,0.80,0.50,0.53,2135.81
ART_03736,23,123,2829,0.19,digital,minimalism,15,247,4.38,Turkey,1,1,good,2001,164,0.99,0.73,0.34,0.81,0.57,0.59,0.71,0.73,1605.44
ART_03737,41,85,3485,0.48,mixed_media,realism,4,2,2.64,Pakistan,1,1,good,2024,188,0.81,0.67,0.33,0.60,0.59,0.80,0.95,0.63,943.71
ART_03738,112,85,9520,1.32,gouache,realism,10,286,4.46,India,1,1,good,2022,157,0.99,0.86,0.85,0.93,0.99,0.93,0.57,0.44,2970.83
ART_03739,132,68,8976,1.94,pastel,expressionism,2,404,4.55,Italy,1,1,new,1998,135,0.99,0.73,0.65,0.56,0.78,0.65,0.74,0.98,4948.72
ART_03740,52,144,7488,0.36,oil,abstract,1,76,3.79,Canada,1,1,new,2025,94,0.87,0.87,0.70,0.63,0.76,0.49,0.80,0.79,2451.78
ART_03741,82,82,6724,1.00,ink,conceptual,7,236,3.48,Canada,1,1,fair,1995,109,0.98,0.80,0.35,0.51,0.99,0.71,0.44,0.82,1607.74
ART_03742,68,66,4488,1.03,charcoal,minimalism,11,308,4.48,Canada,1,1,excellent,1999,210,0.99,0.79,0.69,0.41,0.58,0.75,0.92,0.93,2691.79
ART_03743,85,145,12325,0.59,watercolor,abstract,16,7,3.10,Italy,1,1,new,2000,162,0.86,0.78,0.43,0.81,0.56,0.87,0.96,0.66,2967.64
ART_03744,59,143,8437,0.41,digital,expressionism,9,19,3.40,UK,1,1,fair,2017,175,0.93,0.92,0.80,0.31,0.99,0.57,0.37,0.58,1499.89
ART_03745,104,153,15912,0.68,charcoal,landscape,22,184,3.73,UK,1,1,excellent,2020,160,0.95,0.62,0.71,0.50,0.74,0.99,0.26,0.67,3539.33
ART_03746,104,145,15080,0.72,mixed_media,minimalism,13,177,3.55,India,1,1,new,2008,78,0.99,0.85,0.70,0.52,0.70,0.91,0.66,0.72,5639.06
ART_03747,143,51,7293,2.80,watercolor,portrait,17,217,3.60,USA,1,1,good,2014,248,0.94,0.84,0.78,0.33,0.64,0.80,0.39,0.77,2722.62
ART_03748,108,89,9612,1.21,gouache,conceptual,17,64,4.57,USA,1,1,fair,1998,99,0.79,0.69,0.67,0.39,0.82,0.88,0.68,0.44,2133.67
ART_03749,35,20,700,1.75,acrylic,surrealism,8,118,3.70,India,1,1,good,1995,240,0.90,0.67,0.73,0.59,0.97,0.77,0.50,0.72,708.03
ART_03750,92,54,4968,1.70,oil,surrealism,24,172,5.18,Bangladesh,1,1,excellent,2017,131,0.99,0.77,0.65,0.94,0.88,0.79,0.57,0.96,4989.25
ART_03751,97,61,5917,1.59,oil,surrealism,10,12,3.57,Canada,1,1,excellent,2022,170,0.73,0.83,0.63,0.87,0.56,0.79,0.40,0.74,2139.98
ART_03752,145,113,16385,1.28,oil,surrealism,25,79,4.59,UAE,1,1,fair,1999,174,0.99,0.57,0.37,0.72,0.67,0.51,0.69,0.59,6411.78
ART_03753,59,38,2242,1.55,mixed_media,abstract,13,38,3.37,Germany,1,1,good,2024,239,0.99,0.65,0.67,0.55,0.79,0.78,0.81,0.99,1353.80
ART_03754,93,91,8463,1.02,ink,surrealism,16,127,5.58,USA,1,1,fair,2026,17,0.99,0.60,0.56,0.89,0.93,0.64,0.60,0.66,2213.26
ART_03755,60,55,3300,1.09,mixed_media,pop_art,4,376,3.81,UK,1,1,fair,2009,116,0.89,0.78,0.55,0.66,0.67,0.91,0.74,0.42,1195.73
ART_03756,79,122,9638,0.65,pastel,portrait,6,233,3.54,France,1,1,new,1997,105,0.99,0.76,0.84,0.51,0.79,0.51,0.66,0.55,2509.98
ART_03757,71,83,5893,0.86,gouache,conceptual,8,370,3.68,UAE,1,1,fair,2025,29,0.84,0.84,0.33,0.89,0.77,0.69,0.77,0.78,1698.84
ART_03758,57,124,7068,0.46,watercolor,portrait,0,8,4.77,Turkey,0,70,good,1998,190,0.89,0.52,0.80,0.36,0.99,0.49,0.95,0.49,956.24
ART_03759,140,148,20720,0.95,digital,minimalism,10,0,4.29,USA,0,10,excellent,2025,125,0.73,0.64,0.31,0.78,0.94,0.90,0.88,0.42,2114.59
ART_03760,96,124,11904,0.77,digital,realism,19,93,4.70,France,0,8,excellent,2010,195,0.99,0.75,0.81,0.41,0.58,0.91,0.96,0.52,2717.49
ART_03761,74,23,1702,3.22,mixed_media,realism,13,124,5.22,UAE,1,1,good,1991,202,0.81,0.65,0.89,0.41,0.62,0.93,0.62,0.76,1364.79
ART_03762,123,119,14637,1.03,pastel,realism,5,193,3.21,Bangladesh,1,1,good,2024,84,0.85,0.72,0.74,0.79,0.96,0.69,0.93,0.44,2326.79
ART_03763,87,116,10092,0.75,mixed_media,impressionism,25,238,4.03,UK,1,1,fair,2013,92,0.99,0.82,0.40,0.65,0.97,0.84,0.61,0.96,6047.54
ART_03764,41,89,3649,0.46,acrylic,pop_art,24,123,5.18,Pakistan,1,1,good,1999,150,0.90,0.66,0.39,0.65,0.99,0.49,0.39,0.59,2002.14
ART_03765,44,144,6336,0.31,watercolor,portrait,14,88,5.10,Bangladesh,1,1,good,2010,102,0.94,0.88,0.33,0.51,0.59,0.77,0.50,0.87,2722.79
ART_03766,46,92,4232,0.50,digital,landscape,23,228,4.24,Japan,1,1,good,1994,31,0.99,0.60,0.28,0.70,0.75,0.74,0.58,0.45,1434.46
ART_03767,117,144,16848,0.81,acrylic,landscape,0,122,3.43,Germany,1,1,new,2005,64,0.99,0.85,0.44,0.93,0.77,0.88,0.73,0.42,3534.54
ART_03768,32,118,3776,0.27,acrylic,pop_art,16,175,4.73,India,1,1,excellent,2000,33,0.99,0.80,0.78,0.94,0.89,0.99,0.61,0.96,3084.36
ART_03769,92,125,11500,0.74,mixed_media,surrealism,22,362,3.96,Pakistan,1,1,good,1998,64,0.99,0.63,0.51,0.58,0.98,0.95,0.41,0.92,6908.99
ART_03770,75,64,4800,1.17,mixed_media,portrait,4,195,3.07,Italy,1,1,excellent,2012,13,0.99,0.83,0.76,0.78,0.82,0.60,0.81,0.52,1896.93
ART_03771,96,39,3744,2.46,gouache,expressionism,17,301,4.77,Italy,1,1,fair,1995,59,0.97,0.80,0.60,0.93,0.92,0.80,0.36,0.63,1475.78
ART_03772,153,120,18360,1.27,acrylic,realism,5,418,4.66,Bangladesh,0,7,excellent,2017,49,0.99,0.47,0.38,0.49,0.80,0.50,0.95,0.98,6646.99
ART_03773,138,133,18354,1.04,mixed_media,expressionism,8,85,4.61,Italy,1,1,good,2008,219,0.99,0.80,0.61,0.38,0.82,0.91,0.52,0.75,5425.54
ART_03774,28,89,2492,0.31,charcoal,portrait,23,8,5.31,UK,1,1,fair,2020,67,0.90,0.82,0.53,0.83,0.93,0.78,0.30,0.83,1127.64
ART_03775,60,40,2400,1.50,watercolor,pop_art,17,184,5.21,UK,0,74,new,2000,241,0.99,0.85,0.79,0.89,0.64,0.99,0.50,0.73,1300.25
ART_03776,117,75,8775,1.56,charcoal,impressionism,4,198,3.92,India,1,1,good,1995,237,0.99,0.92,0.34,0.90,0.63,0.68,0.38,0.52,2059.36
ART_03777,113,129,14577,0.88,watercolor,landscape,21,145,4.81,UK,1,1,new,2011,50,0.92,0.71,0.88,0.77,0.88,0.83,0.67,0.58,4903.14
ART_03778,90,109,9810,0.83,acrylic,abstract,2,288,4.92,UAE,1,1,good,1995,161,0.94,0.67,0.81,0.43,0.85,0.58,0.84,0.66,4900.13
ART_03779,132,111,14652,1.19,mixed_media,minimalism,7,79,3.80,USA,1,1,good,2022,70,0.73,0.61,0.82,0.88,0.84,0.73,0.95,0.85,3737.03
ART_03780,56,118,6608,0.47,mixed_media,minimalism,4,18,3.19,Turkey,1,1,fair,2024,58,0.63,0.80,0.65,0.34,0.54,0.50,0.70,0.44,767.58
ART_03781,40,112,4480,0.36,charcoal,surrealism,9,214,3.85,Turkey,0,17,new,1999,222,0.93,0.55,0.62,0.94,0.80,0.72,0.34,0.72,1604.85
ART_03782,67,125,8375,0.54,charcoal,minimalism,8,363,5.50,Germany,1,1,new,2022,61,0.92,0.90,0.68,0.61,0.69,0.97,0.27,0.88,3439.38
ART_03783,44,129,5676,0.34,charcoal,expressionism,7,107,3.39,India,1,1,good,2005,141,0.99,0.61,0.44,0.74,0.88,0.99,0.62,0.76,1826.19
ART_03784,32,92,2944,0.35,oil,realism,22,408,4.36,Bangladesh,1,1,good,2012,242,0.94,0.78,0.81,0.86,0.79,0.72,0.35,0.82,3002.81
ART_03785,139,96,13344,1.45,mixed_media,portrait,14,175,5.22,Turkey,1,1,new,1998,56,0.99,0.75,0.35,0.45,0.58,0.89,0.95,0.78,7730.39
ART_03786,116,139,16124,0.83,pastel,minimalism,10,347,5.27,Germany,1,1,fair,1995,10,0.94,0.85,0.37,0.84,0.64,0.75,0.45,0.66,3346.91
ART_03787,97,64,6208,1.52,watercolor,minimalism,7,40,3.00,India,1,1,new,2005,134,0.80,0.80,0.74,0.48,0.62,0.66,0.92,0.62,1492.58
ART_03788,86,155,13330,0.55,digital,pop_art,1,168,3.00,USA,1,1,excellent,2006,13,0.80,0.67,0.43,0.66,0.88,0.69,0.89,0.65,2493.36
ART_03789,48,120,5760,0.40,charcoal,landscape,22,8,3.37,Pakistan,1,1,excellent,1998,156,0.99,0.60,0.88,0.65,0.64,0.61,0.85,0.85,2008.56
ART_03790,57,131,7467,0.44,watercolor,realism,15,121,5.46,Turkey,1,1,new,2026,177,0.99,0.63,0.42,0.71,0.62,0.95,0.30,0.95,3374.26
ART_03791,115,87,10005,1.32,digital,realism,16,330,5.18,Bangladesh,1,1,excellent,1996,8,0.84,0.82,0.41,0.64,0.60,0.53,0.96,0.67,4166.93
ART_03792,81,96,7776,0.84,ink,portrait,19,401,5.19,Germany,1,1,good,2009,15,0.99,0.72,0.35,0.36,0.99,0.90,0.49,0.83,3525.35
ART_03793,23,40,920,0.57,gouache,expressionism,13,80,5.10,India,1,1,excellent,1990,130,0.92,0.88,0.49,0.36,0.99,0.87,0.40,0.67,713.97
ART_03794,150,96,14400,1.56,gouache,conceptual,16,0,3.31,Bangladesh,1,1,good,1994,195,0.93,0.77,0.61,0.43,0.65,0.80,0.90,0.76,2762.00
ART_03795,88,64,5632,1.38,mixed_media,pop_art,2,226,3.37,Italy,1,1,new,1995,8,0.76,0.66,0.46,0.92,0.53,0.51,0.40,0.73,1742.58
ART_03796,103,81,8343,1.27,oil,realism,10,1,4.58,UK,1,1,fair,1990,90,0.74,0.89,0.42,0.88,0.98,0.75,0.47,0.72,3009.40
ART_03797,57,33,1881,1.73,ink,realism,16,22,3.55,Italy,1,1,fair,2025,55,0.85,0.63,0.71,0.92,0.74,0.66,0.82,0.88,559.14
ART_03798,41,81,3321,0.51,pastel,realism,6,14,4.23,Bangladesh,1,1,good,2011,60,0.88,0.71,0.66,0.94,0.55,0.99,0.30,0.83,1122.89
ART_03799,146,29,4234,5.03,charcoal,abstract,7,45,4.54,India,1,1,new,2005,15,0.88,0.68,0.61,0.47,0.66,0.73,0.59,0.79,1663.48
ART_03800,83,46,3818,1.80,digital,minimalism,13,16,3.71,USA,1,1,good,2023,195,0.74,0.59,0.47,0.57,0.82,0.93,0.59,0.42,917.04
ART_03801,123,138,16974,0.89,oil,minimalism,17,29,3.36,Turkey,0,59,good,2003,102,0.80,0.50,0.42,0.83,0.56,0.92,0.90,0.84,3336.47
ART_03802,59,30,1770,1.97,acrylic,portrait,9,136,4.94,Italy,0,48,new,2024,24,0.99,0.58,0.28,0.38,0.93,0.76,0.38,0.58,679.86
ART_03803,121,118,14278,1.03,acrylic,conceptual,18,18,3.21,Japan,1,1,fair,2019,123,0.85,0.68,0.53,0.71,0.66,0.86,0.83,0.78,3102.91
ART_03804,124,90,11160,1.38,mixed_media,conceptual,3,176,5.00,UK,0,42,fair,2021,34,0.87,0.70,0.36,0.48,0.86,0.99,0.54,0.64,2017.83
ART_03805,154,83,12782,1.86,gouache,abstract,20,195,5.61,USA,1,1,excellent,2023,207,0.99,0.78,0.63,0.34,0.66,0.87,0.36,0.76,5028.06
ART_03806,108,112,12096,0.96,digital,landscape,21,359,4.78,UK,1,1,new,2026,223,0.99,0.65,0.34,0.51,0.68,0.99,0.58,0.55,3634.31
ART_03807,32,37,1184,0.86,watercolor,surrealism,8,6,3.10,UAE,0,65,new,2022,133,0.93,0.79,0.74,0.39,0.99,0.72,0.36,0.78,463.91
ART_03808,47,83,3901,0.57,acrylic,impressionism,14,27,3.84,Canada,1,1,new,2010,226,0.99,0.87,0.85,0.93,0.99,0.80,0.76,0.49,1823.43
ART_03809,70,155,10850,0.45,gouache,surrealism,21,113,4.67,India,1,1,new,1990,80,0.99,0.72,0.29,0.48,0.66,0.54,0.31,0.83,3477.67
ART_03810,158,43,6794,3.67,gouache,pop_art,6,9,4.79,Italy,1,1,good,2006,211,0.99,0.77,0.60,0.35,0.73,0.96,0.60,0.63,2118.15
ART_03811,132,30,3960,4.40,gouache,landscape,1,130,3.10,Italy,1,1,good,2017,126,0.97,0.85,0.34,0.42,0.87,0.67,0.60,0.62,864.35
ART_03812,48,35,1680,1.37,oil,portrait,18,33,5.05,UK,0,75,new,2007,213,0.79,0.66,0.40,0.46,0.60,0.49,0.82,0.73,937.70
ART_03813,94,37,3478,2.54,watercolor,conceptual,12,17,5.02,Japan,1,1,excellent,2021,71,0.84,0.63,0.38,0.39,0.82,0.73,0.29,0.66,1263.99
ART_03814,34,83,2822,0.41,ink,realism,22,5,3.22,UK,1,1,excellent,2018,100,0.92,0.91,0.85,0.47,0.78,0.97,0.95,0.86,1276.88
ART_03815,110,96,10560,1.15,oil,abstract,8,28,4.37,Japan,1,1,good,2026,96,0.72,0.83,0.36,0.50,0.70,0.59,0.28,0.48,2366.52
ART_03816,125,158,19750,0.79,acrylic,impressionism,12,31,3.59,Japan,1,1,good,2012,209,0.99,0.94,0.60,0.72,0.86,0.54,0.49,0.47,4851.58
ART_03817,93,97,9021,0.96,charcoal,impressionism,22,235,4.20,Germany,1,1,excellent,2014,35,0.99,0.80,0.35,0.73,0.56,0.82,0.32,0.54,2449.59
ART_03818,94,64,6016,1.47,ink,landscape,17,0,3.09,France,1,1,excellent,2005,153,0.85,0.61,0.32,0.61,0.73,0.91,0.74,0.45,1218.17
ART_03819,66,53,3498,1.25,ink,impressionism,2,33,4.16,Pakistan,1,1,fair,1996,90,0.96,0.78,0.39,0.50,0.98,0.81,0.83,0.55,1014.01
ART_03820,63,136,8568,0.46,pastel,minimalism,0,362,3.22,UK,1,1,excellent,2003,23,0.72,0.79,0.66,0.57,0.96,0.75,0.43,0.98,2162.71
ART_03821,86,135,11610,0.64,watercolor,pop_art,24,248,5.68,Canada,0,50,good,2020,85,0.99,0.62,0.29,0.64,0.99,0.87,0.40,0.76,3164.64
ART_03822,85,113,9605,0.75,mixed_media,landscape,12,37,4.75,UK,0,6,excellent,2014,175,0.81,0.83,0.61,0.53,0.55,0.56,0.36,0.51,2004.19
ART_03823,30,135,4050,0.22,acrylic,realism,3,228,4.16,USA,1,1,new,2007,201,0.99,0.59,0.76,0.83,0.89,0.73,0.38,0.59,2045.22
ART_03824,96,102,9792,0.94,charcoal,expressionism,8,57,2.92,Germany,0,36,new,2026,13,0.90,0.73,0.65,0.74,0.83,0.60,0.54,0.53,1130.04
ART_03825,37,93,3441,0.40,mixed_media,minimalism,15,50,3.70,UAE,1,1,good,1992,112,0.87,0.83,0.87,0.38,0.63,0.96,0.43,0.69,1528.07
ART_03826,51,35,1785,1.46,mixed_media,minimalism,23,44,3.53,Canada,1,1,excellent,1995,147,0.96,0.79,0.32,0.54,0.88,0.79,0.83,0.84,1428.88
ART_03827,155,55,8525,2.82,gouache,impressionism,4,211,3.34,Canada,1,1,new,1993,245,0.81,0.92,0.35,0.58,0.99,0.80,0.88,0.73,3010.25
ART_03828,142,110,15620,1.29,charcoal,landscape,2,92,4.79,UAE,1,1,excellent,2008,78,0.73,0.78,0.65,0.95,0.84,0.52,0.36,0.94,3050.51
ART_03829,41,21,861,1.95,ink,expressionism,14,1,3.83,Bangladesh,1,1,good,2018,142,0.73,0.93,0.78,0.42,0.88,0.70,0.58,0.63,347.26
ART_03830,100,62,6200,1.61,mixed_media,portrait,15,0,4.79,Japan,1,1,good,2022,144,0.90,0.73,0.41,0.58,0.99,0.65,0.64,0.57,2508.25
ART_03831,151,45,6795,3.36,ink,landscape,3,13,2.99,India,1,1,new,1995,13,0.88,0.62,0.29,0.74,0.64,0.95,0.55,0.88,1259.20
ART_03832,60,141,8460,0.43,charcoal,minimalism,6,75,3.18,Japan,1,1,fair,2014,231,0.98,0.60,0.79,0.40,0.80,0.94,0.29,0.78,1421.87
ART_03833,144,57,8208,2.53,watercolor,landscape,12,0,3.50,Canada,1,1,excellent,1993,157,0.78,0.89,0.30,0.90,0.93,0.56,0.93,0.66,2769.44
ART_03834,139,75,10425,1.85,mixed_media,abstract,9,9,4.59,UK,1,1,excellent,2017,120,0.68,0.86,0.53,0.43,0.80,0.88,0.33,0.56,2788.37
ART_03835,102,79,8058,1.29,oil,conceptual,21,2,5.45,Pakistan,0,67,excellent,2021,208,0.83,0.61,0.49,0.68,0.98,0.71,0.29,0.43,1728.07
ART_03836,45,125,5625,0.36,gouache,realism,7,409,3.22,India,1,1,excellent,1995,236,0.99,0.64,0.88,0.66,0.99,0.73,0.45,0.54,2125.82
ART_03837,53,145,7685,0.37,pastel,landscape,23,79,4.98,Turkey,1,1,fair,1999,44,0.92,0.68,0.55,0.53,0.85,0.87,0.52,0.69,2462.51
ART_03838,26,96,2496,0.27,ink,conceptual,17,4,3.11,France,1,1,fair,2021,44,0.69,0.60,0.38,0.60,0.98,0.64,0.86,0.76,504.21
ART_03839,109,141,15369,0.77,digital,surrealism,21,8,4.92,Japan,0,69,new,1993,245,0.99,0.67,0.60,0.49,0.78,0.51,0.59,0.41,2232.27
ART_03840,73,93,6789,0.78,mixed_media,minimalism,4,38,4.98,UK,1,1,excellent,1997,245,0.77,0.63,0.84,0.59,0.56,0.60,0.46,0.77,2340.77
ART_03841,51,145,7395,0.35,digital,pop_art,1,100,2.76,France,1,1,excellent,1993,229,0.71,0.58,0.61,0.53,0.90,0.47,0.61,0.53,1399.04
ART_03842,106,32,3392,3.31,digital,landscape,2,5,4.83,Pakistan,1,1,fair,2026,213,0.64,0.77,0.46,0.44,0.61,0.64,0.46,0.91,777.37
ART_03843,136,160,21760,0.85,ink,realism,11,126,3.91,France,1,1,fair,2023,206,0.99,0.72,0.75,0.80,0.79,0.82,0.42,0.92,4077.30
ART_03844,74,118,8732,0.63,ink,pop_art,0,56,3.41,Germany,1,1,fair,2024,147,0.63,0.65,0.52,0.51,0.93,0.66,0.43,0.68,936.22
ART_03845,118,84,9912,1.40,acrylic,pop_art,21,94,3.25,India,1,1,fair,1996,174,0.99,0.88,0.51,0.90,0.74,0.73,0.79,0.95,3658.13
ART_03846,56,45,2520,1.24,digital,surrealism,25,0,4.51,Pakistan,1,1,fair,2026,88,0.99,0.64,0.82,0.89,0.99,0.58,0.44,0.47,890.58
ART_03847,90,82,7380,1.10,charcoal,realism,5,148,3.00,UAE,1,1,new,2002,47,0.86,0.91,0.64,0.66,0.66,0.98,0.58,0.89,1994.24
ART_03848,137,153,20961,0.90,digital,expressionism,2,0,4.49,USA,1,1,fair,2008,247,0.81,0.57,0.49,0.47,0.85,0.79,0.67,0.78,3101.76
ART_03849,108,127,13716,0.85,digital,conceptual,17,43,3.55,Italy,1,1,good,2000,133,0.96,0.69,0.39,0.31,0.90,0.61,0.72,0.83,3472.00
ART_03850,100,38,3800,2.63,oil,minimalism,8,20,3.67,Pakistan,1,1,new,2018,62,0.75,0.85,0.78,0.81,0.99,0.60,0.50,0.58,1492.61
ART_03851,130,28,3640,4.64,ink,landscape,13,10,4.58,India,0,22,good,1992,101,0.72,0.54,0.61,0.44,0.96,0.72,0.97,0.79,965.78
ART_03852,71,40,2840,1.77,gouache,realism,9,76,4.49,Germany,0,36,new,2004,96,0.99,0.61,0.40,0.45,0.89,0.65,0.59,0.53,713.96
ART_03853,126,45,5670,2.80,watercolor,pop_art,0,101,3.06,India,1,1,new,2015,215,0.75,0.64,0.49,0.75,0.77,0.67,0.39,0.72,1057.05
ART_03854,115,87,10005,1.32,mixed_media,abstract,19,12,3.44,Italy,1,1,new,2026,193,0.99,0.58,0.37,0.47,0.94,0.69,0.93,0.88,4276.82
ART_03855,20,104,2080,0.19,digital,minimalism,21,341,3.90,UK,1,1,excellent,1998,162,0.99,0.60,0.69,0.77,0.91,0.91,0.47,0.92,1388.77
ART_03856,150,27,4050,5.56,mixed_media,minimalism,2,219,4.80,Japan,0,28,excellent,2000,147,0.99,0.47,0.55,0.47,0.66,0.87,0.53,0.94,1591.06
ART_03857,81,71,5751,1.14,mixed_media,impressionism,2,3,3.29,Japan,1,1,fair,2020,85,0.75,0.95,0.68,0.38,0.97,0.58,0.71,0.47,1254.10
ART_03858,21,119,2499,0.18,oil,minimalism,2,404,4.03,France,1,1,good,2016,119,0.95,0.60,0.52,0.45,0.99,0.77,0.79,0.47,1260.58
ART_03859,21,97,2037,0.22,acrylic,abstract,5,316,4.27,Canada,1,1,new,2013,241,0.77,0.88,0.44,0.51,0.99,0.70,0.86,0.83,1651.34
ART_03860,39,118,4602,0.33,acrylic,minimalism,9,54,2.92,Canada,1,1,good,1991,57,0.99,0.73,0.40,0.57,0.77,0.99,0.44,0.46,1232.39
ART_03861,96,56,5376,1.71,oil,pop_art,3,92,5.15,UAE,1,1,good,2005,162,0.99,0.60,0.43,0.43,0.86,0.87,0.49,0.89,3177.88
ART_03862,32,27,864,1.19,ink,portrait,25,174,4.62,Germany,0,27,fair,2022,51,0.99,0.52,0.43,0.51,0.83,0.82,0.46,0.86,426.40
ART_03863,79,27,2133,2.93,charcoal,pop_art,21,290,3.93,USA,1,1,good,2011,30,0.96,0.61,0.37,0.93,0.64,0.99,0.50,0.67,989.64
ART_03864,117,95,11115,1.23,mixed_media,conceptual,6,354,5.01,Canada,1,1,new,2001,73,0.99,0.63,0.38,0.89,0.95,0.82,0.79,0.56,5028.37
ART_03865,43,120,5160,0.36,watercolor,impressionism,15,252,3.34,Turkey,0,68,excellent,2001,210,0.99,0.52,0.37,0.35,0.77,0.77,0.81,0.74,1244.94
ART_03866,102,30,3060,3.40,gouache,portrait,18,8,3.11,USA,1,1,good,1997,182,0.99,0.73,0.78,0.49,0.62,0.69,0.65,0.97,1149.11
ART_03867,28,144,4032,0.19,charcoal,portrait,3,136,4.91,USA,1,1,fair,1996,221,0.97,0.82,0.53,0.68,0.92,0.85,0.34,0.67,1473.07
ART_03868,31,131,4061,0.24,mixed_media,expressionism,13,53,3.23,USA,1,1,fair,2022,18,0.98,0.75,0.87,0.92,0.99,0.74,0.61,0.94,1879.43
ART_03869,108,91,9828,1.19,mixed_media,realism,12,75,3.63,USA,1,1,fair,1994,152,0.83,0.78,0.57,0.85,0.60,0.72,0.30,0.65,2115.03
ART_03870,118,76,8968,1.55,pastel,realism,7,105,3.40,Turkey,1,1,good,2025,200,0.74,0.57,0.79,0.76,0.63,0.98,0.69,0.99,2054.18
ART_03871,107,87,9309,1.23,pastel,abstract,11,104,3.47,Turkey,0,18,fair,2022,137,0.99,0.50,0.45,0.33,0.74,0.79,0.55,0.95,1413.51
ART_03872,131,138,18078,0.95,mixed_media,portrait,15,238,3.43,UK,0,44,fair,2002,37,0.85,0.63,0.47,0.89,0.91,0.84,0.44,0.74,3185.86
ART_03873,65,77,5005,0.84,acrylic,surrealism,20,149,4.87,Pakistan,1,1,new,1991,62,0.99,0.76,0.75,0.86,0.99,0.91,0.43,0.72,3478.58
ART_03874,63,146,9198,0.43,watercolor,portrait,23,197,3.67,Germany,1,1,excellent,2018,54,0.99,0.87,0.34,0.65,0.99,0.89,0.30,0.64,2754.19
ART_03875,148,84,12432,1.76,digital,portrait,6,67,3.40,Bangladesh,0,37,good,1999,81,0.99,0.80,0.34,0.31,0.71,0.99,0.27,0.46,1688.25
ART_03876,93,54,5022,1.72,pastel,pop_art,11,13,4.35,Bangladesh,1,1,fair,2016,39,0.78,0.76,0.41,0.85,0.60,0.56,0.97,0.64,876.44
ART_03877,96,73,7008,1.32,pastel,abstract,7,349,5.24,Turkey,1,1,good,2017,37,0.99,0.81,0.64,0.81,0.79,0.70,0.68,0.41,2653.11
ART_03878,109,135,14715,0.81,pastel,surrealism,19,295,3.86,Germany,0,23,good,2023,197,0.88,0.67,0.72,0.31,0.94,0.96,0.92,0.47,3375.99
ART_03879,38,63,2394,0.60,watercolor,landscape,7,31,2.93,France,0,21,new,2004,219,0.83,0.54,0.34,0.91,0.89,0.60,0.26,0.55,525.19
ART_03880,57,63,3591,0.90,gouache,pop_art,16,323,4.01,Pakistan,1,1,good,2003,65,0.99,0.82,0.49,0.56,0.79,0.59,0.40,0.69,1693.17
ART_03881,22,103,2266,0.21,oil,landscape,25,125,4.40,Canada,1,1,fair,2004,79,0.99,0.61,0.89,0.49,0.95,0.61,0.68,0.73,1799.59
ART_03882,133,115,15295,1.16,acrylic,portrait,18,31,3.03,Japan,1,1,new,2023,115,0.89,0.57,0.33,0.93,0.72,0.77,0.48,0.92,3338.07
ART_03883,119,20,2380,5.95,gouache,abstract,10,98,3.38,Pakistan,0,68,excellent,1991,194,0.84,0.57,0.88,0.40,0.69,0.96,0.87,0.83,662.39
ART_03884,50,35,1750,1.43,pastel,impressionism,10,39,4.65,USA,1,1,fair,2021,10,0.72,0.64,0.29,0.92,0.91,0.93,0.45,0.88,646.47
ART_03885,77,71,5467,1.08,gouache,impressionism,21,10,3.70,Turkey,1,1,good,1999,206,0.96,0.89,0.71,0.67,0.99,0.81,0.59,0.42,1977.84
ART_03886,158,117,18486,1.35,watercolor,minimalism,5,285,3.21,Turkey,1,1,good,1995,239,0.99,0.64,0.59,0.93,0.68,0.97,0.95,0.63,4324.21
ART_03887,158,56,8848,2.82,charcoal,surrealism,22,106,4.12,UAE,1,1,excellent,2012,191,0.99,0.66,0.68,0.62,0.73,0.94,0.74,0.76,3311.54
ART_03888,148,138,20424,1.07,watercolor,impressionism,20,132,3.91,Turkey,1,1,good,2004,211,0.95,0.79,0.36,0.58,0.72,0.84,0.75,0.86,6692.06
ART_03889,117,143,16731,0.82,mixed_media,expressionism,21,387,3.91,Italy,0,51,good,2000,222,0.99,0.77,0.72,0.46,0.85,0.63,0.47,0.53,3548.16
ART_03890,49,51,2499,0.96,digital,impressionism,18,414,5.17,Turkey,1,1,fair,2025,97,0.98,0.72,0.88,0.39,0.99,0.60,0.90,0.57,1605.20
ART_03891,86,25,2150,3.44,oil,conceptual,17,108,3.51,UK,1,1,new,2026,23,0.99,0.80,0.87,0.74,0.86,0.61,0.56,0.42,1122.27
ART_03892,89,58,5162,1.53,acrylic,portrait,13,150,3.75,France,1,1,good,2020,111,0.99,0.87,0.41,0.92,0.60,0.51,0.88,0.76,1981.62
ART_03893,85,113,9605,0.75,oil,impressionism,22,371,5.30,Italy,0,40,fair,1992,243,0.99,0.82,0.65,0.39,0.62,0.73,0.68,0.77,5370.21
ART_03894,66,106,6996,0.62,mixed_media,conceptual,15,246,4.39,France,1,1,fair,2004,221,0.93,0.71,0.46,0.94,0.56,0.98,0.67,0.57,2465.76
ART_03895,35,54,1890,0.65,digital,minimalism,24,262,4.81,Canada,1,1,excellent,2009,71,0.99,0.68,0.86,0.57,0.89,0.84,0.56,0.55,1165.23
ART_03896,127,156,19812,0.81,mixed_media,minimalism,15,404,4.84,Germany,1,1,new,2005,205,0.99,0.83,0.54,0.57,0.79,0.99,0.80,0.75,10374.82
ART_03897,136,115,15640,1.18,acrylic,landscape,12,308,4.47,Turkey,1,1,good,2022,60,0.99,0.87,0.59,0.71,0.69,0.96,0.77,0.77,5900.69
ART_03898,32,130,4160,0.25,charcoal,surrealism,2,3,4.63,Pakistan,1,1,fair,1999,99,0.93,0.61,0.59,0.63,0.91,0.62,0.70,0.95,1305.11
ART_03899,69,159,10971,0.43,pastel,expressionism,19,123,4.62,USA,1,1,good,1993,79,0.99,0.77,0.85,0.86,0.74,0.84,0.45,0.94,4219.88
ART_03900,134,134,17956,1.00,pastel,conceptual,17,166,4.71,Canada,1,1,good,1997,129,0.99,0.77,0.42,0.59,0.64,0.81,0.40,0.83,4422.81
ART_03901,148,57,8436,2.60,digital,abstract,25,265,5.27,France,1,1,new,1993,154,0.99,0.84,0.44,0.74,0.82,0.59,0.76,0.95,5142.44
ART_03902,46,45,2070,1.02,acrylic,abstract,2,0,2.80,USA,1,1,new,2014,218,0.72,0.58,0.31,0.42,0.79,0.50,0.64,0.53,679.17
ART_03903,91,44,4004,2.07,oil,abstract,16,74,3.67,Canada,1,1,new,2018,72,0.87,0.73,0.39,0.40,0.67,0.76,0.33,0.98,2745.80
ART_03904,102,49,4998,2.08,oil,abstract,9,55,3.68,UK,0,62,excellent,2026,96,0.99,0.77,0.89,0.35,0.61,0.99,0.90,0.85,1604.37
ART_03905,37,111,4107,0.33,ink,impressionism,12,143,3.72,India,0,27,excellent,2006,204,0.99,0.48,0.60,0.30,0.73,0.92,0.58,0.97,1250.28
ART_03906,85,151,12835,0.56,acrylic,conceptual,12,179,4.66,France,1,1,excellent,1992,67,0.99,0.83,0.81,0.47,0.80,0.75,0.48,0.85,5561.79
ART_03907,94,113,10622,0.83,gouache,expressionism,0,145,3.87,UK,1,1,fair,1992,87,0.83,0.70,0.88,0.69,0.95,0.83,0.85,0.63,1927.53
ART_03908,91,72,6552,1.26,digital,minimalism,23,310,4.02,UAE,1,1,excellent,2007,198,0.99,0.57,0.68,0.95,0.60,0.53,0.90,0.95,2928.98
ART_03909,71,103,7313,0.69,charcoal,pop_art,1,8,2.70,Canada,1,1,new,1991,192,0.58,0.96,0.85,0.90,0.63,0.83,0.80,0.55,1414.72
ART_03910,84,30,2520,2.80,digital,minimalism,18,20,5.47,France,1,1,excellent,2014,230,0.99,0.87,0.85,0.86,0.93,0.53,0.32,0.77,1643.61
ART_03911,79,83,6557,0.95,pastel,landscape,18,0,4.10,India,1,1,good,2001,243,0.85,0.76,0.29,0.34,0.99,0.92,0.58,0.46,1926.74
ART_03912,50,112,5600,0.45,acrylic,conceptual,21,292,3.78,USA,1,1,fair,2010,245,0.99,0.60,0.59,0.93,0.92,0.76,0.67,0.72,2816.88
ART_03913,24,21,504,1.14,watercolor,landscape,13,93,4.08,Pakistan,1,1,excellent,2002,55,0.99,0.81,0.48,0.51,0.88,0.54,0.97,0.52,406.02
ART_03914,34,24,816,1.42,charcoal,impressionism,19,36,5.29,UK,0,64,fair,1992,31,0.99,0.77,0.37,0.46,0.98,0.88,0.54,0.47,341.84
ART_03915,63,93,5859,0.68,mixed_media,impressionism,23,67,5.39,UK,1,1,good,1999,60,0.90,0.76,0.70,0.71,0.77,0.91,0.52,0.61,3417.60
ART_03916,39,96,3744,0.41,acrylic,surrealism,16,260,5.48,Bangladesh,0,36,good,2024,194,0.99,0.75,0.61,0.65,0.60,0.61,0.27,0.73,1983.85
ART_03917,27,78,2106,0.35,oil,expressionism,1,93,4.28,Turkey,1,1,excellent,1998,57,0.68,0.73,0.29,0.38,0.75,0.94,0.64,0.83,1571.36
ART_03918,42,91,3822,0.46,oil,expressionism,20,257,4.50,Germany,0,38,excellent,2009,142,0.99,0.57,0.53,0.56,0.91,0.76,0.31,0.85,2066.01
ART_03919,78,155,12090,0.50,acrylic,pop_art,5,4,2.94,UK,1,1,new,2012,228,0.79,0.70,0.79,0.46,0.58,0.65,0.47,0.65,2302.98
ART_03920,83,38,3154,2.18,digital,realism,11,64,4.77,Turkey,1,1,excellent,2026,223,0.99,0.67,0.72,0.46,0.99,0.67,0.51,0.66,1439.56
ART_03921,96,74,7104,1.30,ink,pop_art,14,89,3.06,Germany,1,1,good,2009,162,0.88,0.82,0.47,0.88,0.99,0.97,0.94,0.96,2559.79
ART_03922,150,23,3450,6.52,ink,surrealism,4,124,4.58,Bangladesh,1,1,fair,2023,13,0.99,0.81,0.59,0.95,0.94,0.92,0.61,0.53,1095.26
ART_03923,65,150,9750,0.43,gouache,expressionism,25,76,3.70,France,0,8,excellent,2005,186,0.99,0.72,0.51,0.45,0.99,0.82,0.50,0.89,3599.64
ART_03924,122,75,9150,1.63,mixed_media,expressionism,23,94,3.45,UK,1,1,good,2004,115,0.85,0.63,0.43,0.76,0.89,0.87,0.96,0.79,3238.94
ART_03925,156,66,10296,2.36,ink,expressionism,11,16,4.37,Germany,1,1,good,2001,204,0.99,0.58,0.85,0.87,0.59,0.84,0.65,0.47,2212.93
ART_03926,121,120,14520,1.01,watercolor,realism,6,378,4.14,UAE,1,1,fair,2008,69,0.86,0.94,0.78,0.59,0.55,0.60,0.67,0.94,3839.83
ART_03927,152,131,19912,1.16,charcoal,realism,23,236,3.82,Turkey,1,1,fair,2003,157,0.90,0.94,0.51,0.69,0.89,0.56,0.57,0.59,3938.18
ART_03928,50,64,3200,0.78,charcoal,surrealism,7,167,4.39,Japan,1,1,excellent,2023,20,0.89,0.64,0.61,0.56,0.64,0.79,0.76,0.52,1163.58
ART_03929,77,133,10241,0.58,gouache,landscape,4,132,3.10,USA,1,1,fair,2025,54,0.84,0.59,0.63,0.69,0.79,0.99,0.65,0.67,1602.31
ART_03930,22,26,572,0.85,gouache,minimalism,22,92,4.02,Japan,1,1,new,2025,38,0.99,0.64,0.83,0.71,0.81,0.96,0.69,0.69,499.05
ART_03931,74,160,11840,0.46,charcoal,conceptual,1,284,3.63,Italy,1,1,fair,1992,82,0.77,0.80,0.57,0.59,0.53,0.61,0.29,0.78,2030.70
ART_03932,80,153,12240,0.52,mixed_media,surrealism,24,209,4.36,UAE,0,77,new,2019,33,0.99,0.62,0.76,0.67,0.96,0.92,0.97,0.99,4208.91
ART_03933,121,108,13068,1.12,charcoal,realism,19,332,4.21,Germany,1,1,excellent,2019,152,0.99,0.79,0.42,0.56,0.81,0.91,0.27,0.55,4281.17
ART_03934,46,46,2116,1.00,pastel,abstract,23,2,3.62,UAE,1,1,good,2012,31,0.77,0.67,0.48,0.38,0.56,0.57,0.84,0.55,832.60
ART_03935,74,112,8288,0.66,watercolor,pop_art,5,213,3.61,Pakistan,1,1,new,2024,219,0.82,0.91,0.70,0.41,0.93,0.62,0.36,0.71,2609.29
ART_03936,107,92,9844,1.16,gouache,impressionism,7,282,4.57,Bangladesh,0,19,excellent,2000,44,0.82,0.62,0.87,0.52,0.89,0.67,0.84,0.94,3363.28
ART_03937,30,132,3960,0.23,acrylic,expressionism,10,162,4.07,Japan,1,1,good,1997,51,0.85,0.65,0.36,0.41,0.73,0.58,0.66,0.56,1445.64
ART_03938,38,44,1672,0.86,acrylic,pop_art,4,331,3.40,Pakistan,1,1,excellent,1999,49,0.76,0.61,0.85,0.39,0.78,0.54,0.42,0.89,1037.92
ART_03939,62,22,1364,2.82,acrylic,abstract,13,85,3.42,Pakistan,1,1,good,2020,175,0.99,0.68,0.54,0.74,0.71,0.62,0.45,0.87,1027.28
ART_03940,87,144,12528,0.60,acrylic,conceptual,12,120,5.02,Pakistan,0,70,excellent,2018,166,0.83,0.49,0.86,0.88,0.54,0.56,0.77,0.72,1976.89
ART_03941,139,143,19877,0.97,oil,realism,6,91,2.88,France,0,5,fair,2000,155,0.99,0.84,0.67,0.43,0.65,0.67,0.76,0.66,4120.66
ART_03942,38,50,1900,0.76,digital,pop_art,10,12,4.62,USA,1,1,good,2001,136,0.65,0.87,0.80,0.60,0.87,0.71,0.27,0.65,746.28
ART_03943,98,65,6370,1.51,mixed_media,pop_art,15,102,3.09,Germany,1,1,excellent,2013,217,0.92,0.93,0.41,0.34,0.95,0.53,0.68,0.87,3474.63
ART_03944,82,62,5084,1.32,watercolor,minimalism,10,35,4.68,France,0,50,new,2012,60,0.86,0.49,0.83,0.61,0.95,0.52,0.93,0.46,1069.13
ART_03945,115,72,8280,1.60,oil,surrealism,0,80,4.02,Turkey,1,1,good,2001,65,0.69,0.90,0.71,0.44,0.74,0.78,0.37,0.67,2698.04
ART_03946,34,141,4794,0.24,ink,conceptual,24,230,5.08,Italy,1,1,good,2007,182,0.99,0.59,0.62,0.67,0.77,0.83,0.30,0.52,1773.40
ART_03947,133,152,20216,0.88,charcoal,impressionism,22,189,3.87,USA,1,1,excellent,1993,172,0.99,0.89,0.74,0.62,0.59,0.89,0.39,0.46,3965.75
ART_03948,43,100,4300,0.43,pastel,abstract,6,317,5.02,UK,0,77,good,1998,137,0.99,0.82,0.88,0.93,0.66,0.68,0.58,0.55,1258.29
ART_03949,69,105,7245,0.66,charcoal,realism,14,17,4.31,UK,0,32,good,1994,23,0.90,0.73,0.43,0.57,0.99,0.65,0.35,0.47,1407.65
ART_03950,55,97,5335,0.57,oil,conceptual,20,286,4.22,Canada,1,1,excellent,2022,85,0.99,0.82,0.69,0.64,0.81,0.62,0.66,0.56,3417.90
ART_03951,58,121,7018,0.48,mixed_media,minimalism,25,123,4.16,UAE,1,1,excellent,2008,72,0.99,0.66,0.88,0.71,0.71,0.75,0.46,0.47,2444.34
ART_03952,60,29,1740,2.07,oil,expressionism,18,98,4.00,UAE,1,1,new,2007,36,0.99,0.85,0.34,0.80,0.99,0.83,0.61,0.48,1688.91
ART_03953,133,150,19950,0.89,gouache,surrealism,6,37,5.00,USA,1,1,new,2023,151,0.68,0.92,0.50,0.41,0.78,0.87,0.64,0.75,3782.48
ART_03954,58,61,3538,0.95,oil,portrait,22,132,4.92,Bangladesh,1,1,excellent,2016,31,0.99,0.81,0.64,0.40,0.61,0.53,0.57,0.65,2565.46
ART_03955,62,139,8618,0.45,ink,portrait,11,308,4.39,Bangladesh,1,1,good,1991,106,0.98,0.78,0.80,0.32,0.75,0.79,0.42,0.65,2393.53
ART_03956,57,52,2964,1.10,charcoal,conceptual,18,123,3.55,Germany,0,56,good,2003,141,0.90,0.73,0.67,0.78,0.63,0.94,0.61,0.98,986.77
ART_03957,88,149,13112,0.59,gouache,minimalism,20,125,4.94,Turkey,1,1,fair,1997,166,0.84,0.87,0.34,0.40,0.66,0.93,0.43,0.53,3065.55
ART_03958,81,51,4131,1.59,digital,conceptual,21,66,3.34,USA,0,67,excellent,2018,182,0.99,0.62,0.73,0.84,0.65,0.99,0.46,0.86,891.00
ART_03959,115,95,10925,1.21,oil,pop_art,7,9,2.75,Bangladesh,1,1,fair,2013,146,0.95,0.88,0.78,0.37,0.72,0.55,0.65,0.66,2364.08
ART_03960,103,112,11536,0.92,gouache,minimalism,15,296,5.61,UK,1,1,fair,1990,244,0.99,0.83,0.48,0.66,0.77,0.86,0.78,0.56,3854.23
ART_03961,44,137,6028,0.32,pastel,expressionism,15,252,4.29,USA,0,40,fair,2018,57,0.91,0.68,0.87,0.76,0.89,0.90,0.27,0.71,1363.82
ART_03962,118,101,11918,1.17,ink,landscape,0,263,3.94,Canada,1,1,excellent,2024,205,0.99,0.73,0.51,0.59,0.85,0.56,0.89,0.77,3228.71
ART_03963,91,51,4641,1.78,acrylic,landscape,13,1,4.86,Italy,0,28,good,2000,212,0.99,0.61,0.66,0.81,0.99,0.82,0.75,0.56,1606.84
ART_03964,74,22,1628,3.36,mixed_media,landscape,19,24,3.30,UAE,1,1,fair,1997,52,0.95,0.91,0.39,0.85,0.92,0.92,0.43,0.82,1176.91
ART_03965,59,109,6431,0.54,pastel,expressionism,17,4,4.40,UAE,1,1,excellent,2000,50,0.71,0.88,0.34,0.57,0.99,0.49,0.71,0.84,1959.65
ART_03966,116,28,3248,4.14,pastel,abstract,7,406,5.05,UAE,1,1,good,2019,168,0.99,0.92,0.49,0.79,0.77,0.81,0.55,0.42,1760.30
ART_03967,80,71,5680,1.13,pastel,impressionism,22,151,4.86,UK,1,1,fair,2017,122,0.97,0.80,0.48,0.80,0.94,0.84,0.77,0.95,2379.87
ART_03968,46,146,6716,0.32,ink,minimalism,17,367,4.79,Bangladesh,1,1,excellent,2003,66,0.99,0.59,0.65,0.36,0.76,0.66,0.39,0.77,2732.73
ART_03969,78,34,2652,2.29,oil,abstract,5,14,3.74,UK,1,1,excellent,2000,153,0.91,0.57,0.77,0.50,0.82,0.86,0.56,0.75,1710.10
ART_03970,51,26,1326,1.96,acrylic,conceptual,12,200,4.71,UAE,1,1,fair,2020,112,0.99,0.63,0.81,0.63,0.70,0.57,0.26,0.85,697.67
ART_03971,31,86,2666,0.36,acrylic,portrait,16,285,4.08,Germany,1,1,excellent,2021,241,0.99,0.73,0.29,0.77,0.99,0.77,0.73,0.86,2649.15
ART_03972,121,147,17787,0.82,digital,abstract,15,17,4.32,UAE,1,1,new,2019,206,0.87,0.66,0.57,0.42,0.53,0.97,0.31,0.89,4039.74
ART_03973,31,158,4898,0.20,oil,pop_art,2,83,5.13,Italy,0,66,excellent,2008,70,0.96,0.52,0.33,0.73,0.56,0.91,0.84,0.43,1319.09
ART_03974,140,90,12600,1.56,pastel,portrait,1,15,4.66,Japan,1,1,new,2026,95,0.89,0.70,0.54,0.43,0.67,0.87,0.39,0.56,1740.33
ART_03975,144,48,6912,3.00,acrylic,abstract,18,283,5.90,Germany,0,13,good,2018,228,0.99,0.81,0.69,0.35,0.83,0.61,0.39,0.95,4524.35
ART_03976,66,24,1584,2.75,ink,portrait,13,38,5.22,USA,0,66,good,2011,113,0.99,0.48,0.56,0.37,0.99,0.86,0.52,0.92,604.24
ART_03977,84,104,8736,0.81,ink,realism,5,381,5.24,Turkey,1,1,new,2019,119,0.99,0.94,0.61,0.34,0.85,0.68,0.93,0.98,4868.60
ART_03978,32,147,4704,0.22,gouache,surrealism,22,9,4.35,USA,1,1,excellent,2007,227,0.78,0.82,0.80,0.42,0.55,0.98,0.70,0.54,1560.48
ART_03979,127,76,9652,1.67,pastel,conceptual,2,41,4.25,France,1,1,good,2006,158,0.75,0.76,0.35,0.93,0.74,0.54,0.38,0.78,1739.12
ART_03980,135,70,9450,1.93,oil,landscape,10,45,3.47,USA,1,1,fair,1995,230,0.86,0.72,0.54,0.79,0.88,0.73,0.92,0.82,3060.19
ART_03981,26,140,3640,0.19,acrylic,landscape,20,188,5.28,Japan,1,1,fair,2012,50,0.99,0.57,0.68,0.42,0.99,0.55,0.94,0.95,2190.90
ART_03982,109,95,10355,1.15,ink,pop_art,11,10,4.30,France,0,22,fair,1993,144,0.74,0.60,0.43,0.47,0.79,0.66,0.73,0.95,1417.82
ART_03983,148,65,9620,2.28,oil,expressionism,18,173,5.01,UK,1,1,excellent,1992,232,0.99,0.91,0.33,0.44,0.60,0.82,0.47,0.74,5374.70
ART_03984,133,41,5453,3.24,pastel,landscape,13,256,4.51,France,1,1,good,2023,212,0.99,0.89,0.51,0.58,0.88,0.89,0.93,0.42,1940.19
ART_03985,147,94,13818,1.56,watercolor,abstract,14,302,5.03,UAE,0,29,new,2007,217,0.90,0.64,0.41,0.75,0.82,0.98,0.87,0.65,4699.59
ART_03986,107,83,8881,1.29,charcoal,realism,18,387,5.76,Pakistan,1,1,excellent,2008,33,0.99,0.92,0.85,0.53,0.98,0.97,0.39,0.47,3953.28
ART_03987,34,23,782,1.48,oil,minimalism,17,91,4.31,UAE,1,1,new,2013,194,0.99,0.73,0.60,0.85,0.97,0.76,0.46,0.45,821.35
ART_03988,119,34,4046,3.50,oil,realism,15,74,4.50,Germany,1,1,fair,2022,93,0.99,0.58,0.73,0.43,0.93,0.57,0.91,0.75,2108.41
ART_03989,104,26,2704,4.00,mixed_media,minimalism,25,108,5.03,Germany,1,1,new,2012,73,0.99,0.78,0.83,0.32,0.80,0.79,0.85,0.92,2781.95
ART_03990,45,79,3555,0.57,oil,impressionism,16,362,4.33,UAE,0,28,new,2003,228,0.99,0.79,0.36,0.47,0.66,0.60,0.80,0.86,3173.41
ART_03991,152,36,5472,4.22,pastel,portrait,16,163,3.62,Turkey,1,1,excellent,2010,135,0.85,0.87,0.72,0.36,0.61,0.68,0.29,0.98,1821.26
ART_03992,126,41,5166,3.07,gouache,portrait,7,23,2.73,Italy,1,1,fair,2004,145,0.81,0.61,0.81,0.36,0.58,0.82,0.41,0.73,940.63
ART_03993,120,96,11520,1.25,mixed_media,minimalism,23,108,3.59,India,0,33,excellent,1995,144,0.99,0.49,0.77,0.86,0.72,0.88,0.33,0.85,3015.40
ART_03994,45,146,6570,0.31,mixed_media,impressionism,20,37,4.37,UAE,1,1,good,1990,82,0.99,0.56,0.70,0.55,0.76,0.55,0.96,0.73,2822.23
ART_03995,143,83,11869,1.72,charcoal,landscape,13,180,3.19,Turkey,1,1,fair,2005,132,0.93,0.74,0.85,0.46,0.57,0.62,0.62,0.99,2805.21
ART_03996,115,124,14260,0.93,digital,landscape,8,298,4.46,France,1,1,good,2010,74,0.99,0.59,0.39,0.38,0.92,0.73,0.77,0.73,3813.03
ART_03997,100,89,8900,1.12,acrylic,landscape,18,164,3.45,Bangladesh,0,24,excellent,1994,36,0.87,0.68,0.67,0.70,0.67,0.66,0.89,0.63,2588.17
ART_03998,28,149,4172,0.19,acrylic,impressionism,8,33,4.05,India,1,1,good,2013,63,0.99,0.71,0.75,0.92,0.75,0.93,0.25,0.78,1498.80
ART_03999,33,123,4059,0.27,oil,impressionism,18,322,4.72,India,0,24,fair,1990,207,0.99,0.53,0.80,0.34,0.78,0.66,0.76,0.88,2726.85
ART_04000,84,21,1764,4.00,charcoal,impressionism,22,8,4.41,Turkey,1,1,new,2018,129,0.96,0.57,0.68,0.69,0.64,0.88,0.29,0.55,769.41
ART_04001,157,107,16799,1.47,charcoal,portrait,25,287,4.27,Turkey,1,1,excellent,2018,134,0.99,0.86,0.57,0.72,0.95,0.86,0.27,0.95,6404.81
ART_04002,123,138,16974,0.89,pastel,minimalism,3,14,4.14,Pakistan,0,16,excellent,1997,69,0.73,0.60,0.75,0.39,0.64,0.90,0.88,0.74,2315.53
ART_04003,102,156,15912,0.65,mixed_media,minimalism,2,102,3.86,Japan,1,1,excellent,2007,190,0.97,0.80,0.52,0.94,0.61,0.91,0.73,0.92,5685.01
ART_04004,121,56,6776,2.16,gouache,abstract,15,177,3.61,Turkey,1,1,new,2023,91,0.99,0.75,0.71,0.35,0.74,0.60,0.45,0.68,1927.63
ART_04005,31,141,4371,0.22,ink,landscape,14,20,4.33,France,1,1,good,1993,155,0.83,0.59,0.35,0.77,0.75,0.53,0.78,0.54,1066.21
ART_04006,57,118,6726,0.48,oil,abstract,13,43,5.12,USA,1,1,excellent,2020,142,0.99,0.67,0.89,0.87,0.89,0.93,0.58,0.97,4353.50
ART_04007,100,100,10000,1.00,gouache,pop_art,5,188,5.06,USA,1,1,new,2017,197,0.99,0.68,0.36,0.59,0.81,0.94,0.77,0.83,3979.64
ART_04008,150,45,6750,3.33,ink,surrealism,23,3,3.50,Italy,1,1,excellent,2015,247,0.99,0.65,0.40,0.52,0.77,0.87,0.76,0.59,1870.38
ART_04009,105,159,16695,0.66,gouache,portrait,20,305,4.20,France,1,1,new,2020,223,0.92,0.92,0.49,0.36,0.91,0.97,0.45,0.85,5255.50
ART_04010,81,106,8586,0.76,charcoal,conceptual,1,36,3.98,Pakistan,0,26,fair,1991,212,0.71,0.62,0.28,0.76,0.84,0.49,0.74,0.54,999.94
ART_04011,66,45,2970,1.47,watercolor,realism,25,227,5.39,Japan,1,1,good,2001,68,0.99,0.58,0.35,0.50,0.70,0.73,0.32,0.84,1961.98
ART_04012,108,145,15660,0.74,oil,realism,23,115,5.18,Turkey,1,1,new,2000,196,0.89,0.63,0.67,0.72,0.83,0.97,0.82,0.92,9126.64
ART_04013,26,129,3354,0.20,pastel,realism,3,349,4.75,Bangladesh,0,45,good,1991,17,0.86,0.53,0.78,0.60,0.86,0.59,0.69,0.46,873.36
ART_04014,84,90,7560,0.93,digital,minimalism,9,342,5.61,Bangladesh,1,1,excellent,2004,151,0.99,0.75,0.62,0.79,0.63,0.67,0.44,0.45,2098.12
ART_04015,110,91,10010,1.21,mixed_media,abstract,16,67,5.24,France,1,1,good,2000,38,0.99,0.91,0.42,0.57,0.85,0.99,0.91,0.49,3936.37
ART_04016,129,151,19479,0.85,pastel,portrait,16,152,3.95,USA,0,32,new,2002,42,0.98,0.80,0.79,0.47,0.99,0.93,0.91,0.81,4086.00
ART_04017,47,84,3948,0.56,oil,expressionism,8,21,5.05,Canada,1,1,good,2021,93,0.99,0.69,0.48,0.75,0.79,0.58,0.69,0.84,2067.67
ART_04018,129,75,9675,1.72,digital,expressionism,3,314,3.85,Italy,1,1,fair,2026,17,0.99,0.93,0.50,0.61,0.71,0.96,0.96,0.73,2634.15
ART_04019,88,130,11440,0.68,watercolor,conceptual,1,296,4.43,USA,1,1,fair,2024,109,0.98,0.93,0.55,0.64,0.62,0.99,0.55,0.58,2733.09
ART_04020,97,126,12222,0.77,charcoal,pop_art,23,282,5.34,Turkey,1,1,new,1994,70,0.91,0.70,0.33,0.77,0.62,0.75,0.54,0.62,4632.35
ART_04021,63,68,4284,0.93,mixed_media,abstract,17,234,5.09,Italy,1,1,new,2020,141,0.99,0.90,0.81,0.89,0.99,0.99,0.95,0.66,4239.01
ART_04022,59,105,6195,0.56,charcoal,pop_art,15,65,4.36,India,0,44,new,1993,113,0.99,0.87,0.40,0.84,0.99,0.99,0.91,0.45,1685.36
ART_04023,96,133,12768,0.72,mixed_media,abstract,12,352,5.02,Germany,1,1,excellent,1993,127,0.93,0.66,0.48,0.31,0.65,0.67,0.32,0.51,5901.36
ART_04024,32,26,832,1.23,watercolor,abstract,18,208,3.31,Pakistan,1,1,new,2003,204,0.99,0.69,0.65,0.58,0.69,0.65,0.91,0.47,587.05
ART_04025,94,109,10246,0.86,watercolor,realism,6,7,3.38,UAE,1,1,fair,2017,140,0.94,0.83,0.64,0.81,0.83,0.85,0.83,0.93,2271.21
ART_04026,51,101,5151,0.50,acrylic,abstract,16,67,4.05,Italy,1,1,good,1996,147,0.99,0.84,0.33,0.39,0.83,0.83,0.51,0.64,2321.62
ART_04027,28,129,3612,0.22,watercolor,impressionism,18,2,4.77,India,1,1,good,2003,35,0.85,0.61,0.50,0.52,0.90,0.88,0.64,0.51,1171.75
ART_04028,27,107,2889,0.25,pastel,portrait,8,17,2.89,UK,1,1,new,2003,138,0.69,0.65,0.57,0.63,0.98,0.97,0.64,0.83,1169.59
ART_04029,87,85,7395,1.02,acrylic,impressionism,19,93,4.31,UK,0,22,fair,1999,198,0.96,0.81,0.49,0.63,0.57,0.85,0.83,0.81,2684.68
ART_04030,132,156,20592,0.85,ink,landscape,9,7,4.98,Japan,1,1,good,2018,215,0.66,0.60,0.36,0.52,0.75,0.87,0.60,0.73,3069.55
ART_04031,131,66,8646,1.98,acrylic,realism,4,112,3.43,Germany,1,1,good,1999,91,0.71,0.77,0.51,0.44,0.62,0.58,0.62,0.94,2543.77
ART_04032,89,39,3471,2.28,acrylic,abstract,4,94,3.86,Canada,1,1,excellent,1992,209,0.81,0.88,0.37,0.80,0.69,0.63,0.56,0.78,2018.59
ART_04033,131,99,12969,1.32,digital,realism,15,358,3.78,Turkey,1,1,excellent,1991,15,0.99,0.93,0.29,0.81,0.98,0.63,0.85,0.95,5531.58
ART_04034,142,31,4402,4.58,acrylic,abstract,20,63,3.68,Bangladesh,1,1,new,2026,82,0.86,0.75,0.44,0.73,0.77,0.94,0.61,0.62,2143.24
ART_04035,131,109,14279,1.20,mixed_media,conceptual,20,25,3.87,Germany,1,1,good,2016,221,0.80,0.90,0.38,0.33,0.85,0.83,0.63,0.49,3910.19
ART_04036,120,155,18600,0.77,gouache,abstract,7,5,3.18,UAE,0,73,fair,1999,232,0.69,0.61,0.54,0.41,0.93,0.91,0.69,0.47,1272.26
ART_04037,154,133,20482,1.16,watercolor,expressionism,13,125,4.05,UAE,1,1,good,2016,172,0.94,0.94,0.45,0.72,0.84,0.79,0.92,0.73,5400.45
ART_04038,44,159,6996,0.28,charcoal,pop_art,22,224,5.25,India,1,1,good,2000,234,0.99,0.86,0.70,0.80,0.77,0.90,0.62,0.51,2656.36
ART_04039,40,83,3320,0.48,gouache,conceptual,24,296,3.84,USA,1,1,good,2010,83,0.99,0.75,0.37,0.48,0.87,0.57,0.26,0.68,1472.78
ART_04040,36,20,720,1.80,digital,abstract,9,40,2.82,Japan,1,1,good,2008,87,0.73,0.95,0.39,0.58,0.75,0.55,0.55,0.44,256.64
ART_04041,76,94,7144,0.81,acrylic,abstract,17,40,3.07,USA,1,1,good,2000,248,0.95,0.57,0.55,0.94,0.74,0.99,0.38,0.55,2557.64
ART_04042,65,117,7605,0.56,watercolor,portrait,17,226,4.27,Pakistan,1,1,excellent,2014,41,0.99,0.62,0.40,0.42,0.65,0.68,0.51,0.88,2838.76
ART_04043,138,118,16284,1.17,gouache,impressionism,20,12,5.50,India,1,1,excellent,2014,211,0.95,0.80,0.46,0.95,0.83,0.80,0.25,0.68,5344.71
ART_04044,102,148,15096,0.69,digital,realism,14,1,3.19,USA,1,1,fair,1994,239,0.99,0.85,0.29,0.56,0.76,0.90,0.70,0.67,2674.01
ART_04045,157,120,18840,1.31,ink,landscape,9,383,5.58,Turkey,0,71,excellent,1999,78,0.99,0.77,0.49,0.71,0.57,0.85,0.94,0.48,3381.70
ART_04046,31,91,2821,0.34,acrylic,realism,25,58,5.12,Canada,0,17,new,2011,39,0.99,0.66,0.47,0.62,0.72,0.57,0.56,0.78,1887.69
ART_04047,136,117,15912,1.16,ink,conceptual,12,18,3.16,USA,1,1,excellent,2002,11,0.69,0.61,0.34,0.31,0.86,0.58,0.68,0.92,2384.86
ART_04048,93,99,9207,0.94,acrylic,portrait,6,103,4.52,Canada,1,1,new,2005,86,0.99,0.79,0.81,0.31,0.95,0.99,0.92,0.73,3709.63
ART_04049,68,149,10132,0.46,charcoal,abstract,11,387,5.70,France,1,1,good,2014,172,0.99,0.58,0.54,0.77,0.63,0.78,0.80,0.46,2829.48
ART_04050,95,66,6270,1.44,ink,landscape,3,208,4.17,UK,1,1,good,2009,163,0.99,0.72,0.48,0.65,0.61,0.89,0.87,0.62,1618.20
ART_04051,104,154,16016,0.68,watercolor,realism,5,34,3.59,Pakistan,1,1,good,2014,169,0.67,0.64,0.68,0.87,0.62,0.54,0.43,0.74,2551.45
ART_04052,127,67,8509,1.90,charcoal,realism,0,153,4.06,UAE,1,1,excellent,2003,38,0.99,0.74,0.58,0.83,0.80,0.79,0.36,0.56,1645.49
ART_04053,101,61,6161,1.66,oil,portrait,13,233,3.26,Canada,1,1,new,1999,147,0.99,0.88,0.78,0.47,0.86,0.92,0.60,0.49,3016.74
ART_04054,41,80,3280,0.51,pastel,landscape,15,401,4.03,Germany,1,1,fair,1995,114,0.99,0.78,0.69,0.36,0.61,0.57,0.26,0.65,1291.82
ART_04055,158,154,24332,1.03,mixed_media,conceptual,21,123,4.30,Turkey,1,1,new,1995,97,0.99,0.74,0.29,0.40,0.90,0.61,0.74,0.55,8497.29
ART_04056,36,30,1080,1.20,acrylic,minimalism,12,357,4.99,Bangladesh,1,1,fair,1996,243,0.84,0.96,0.58,0.86,0.78,0.83,0.36,0.79,1239.46
ART_04057,97,34,3298,2.85,gouache,expressionism,4,241,3.31,Pakistan,1,1,fair,2000,68,0.83,0.64,0.69,0.88,0.78,0.90,0.50,0.55,945.21
ART_04058,91,88,8008,1.03,pastel,impressionism,15,28,3.10,Bangladesh,1,1,fair,1991,199,0.92,0.61,0.83,0.64,0.99,0.57,0.71,0.66,2102.01
ART_04059,85,147,12495,0.58,pastel,surrealism,15,39,4.42,Germany,1,1,excellent,2014,183,0.99,0.64,0.34,0.50,0.76,0.67,0.48,0.67,3859.49
ART_04060,98,100,9800,0.98,ink,surrealism,2,19,4.45,Italy,0,46,new,2004,231,0.62,0.58,0.87,0.32,0.53,0.81,0.84,0.61,1420.40
ART_04061,142,117,16614,1.21,gouache,minimalism,14,418,3.74,Japan,1,1,new,1990,152,0.99,0.86,0.65,0.58,0.99,0.66,0.48,0.96,6101.11
ART_04062,137,31,4247,4.42,mixed_media,impressionism,6,197,3.98,Canada,1,1,fair,2013,128,0.94,0.65,0.77,0.87,0.58,0.54,0.73,0.43,1347.17
ART_04063,33,46,1518,0.72,ink,impressionism,25,73,3.46,India,0,22,new,2023,219,0.99,0.54,0.74,0.89,0.69,0.51,0.94,0.81,781.46
ART_04064,35,26,910,1.35,acrylic,surrealism,22,56,5.17,Canada,0,11,fair,2007,162,0.99,0.50,0.29,0.45,0.85,0.67,0.49,0.93,847.34
ART_04065,47,121,5687,0.39,pastel,landscape,11,390,3.90,Bangladesh,0,26,good,2015,124,0.95,0.75,0.35,0.85,0.73,0.72,0.37,0.46,1148.10
ART_04066,121,34,4114,3.56,mixed_media,impressionism,2,188,3.74,Germany,1,1,excellent,2023,135,0.98,0.71,0.73,0.59,0.67,0.78,0.95,0.98,2261.71
ART_04067,121,86,10406,1.41,watercolor,pop_art,6,102,5.24,Pakistan,1,1,excellent,1992,144,0.78,0.87,0.61,0.46,0.52,0.80,0.52,0.92,3824.64
ART_04068,40,47,1880,0.85,pastel,surrealism,22,105,4.37,France,0,20,good,2019,196,0.86,0.62,0.40,0.34,0.57,0.54,0.75,0.57,593.53
ART_04069,38,69,2622,0.55,mixed_media,conceptual,13,34,3.67,Italy,1,1,new,1997,121,0.76,0.63,0.42,0.35,0.91,0.78,0.61,0.83,1640.88
ART_04070,114,40,4560,2.85,digital,minimalism,16,170,3.92,France,0,78,good,2021,48,0.99,0.54,0.31,0.34,0.85,0.69,0.31,0.67,775.10
ART_04071,99,84,8316,1.18,oil,impressionism,5,12,3.21,Japan,1,1,good,2004,117,0.66,0.93,0.87,0.81,0.73,0.69,0.49,0.61,2354.11
ART_04072,95,101,9595,0.94,ink,minimalism,1,2,3.21,Germany,1,1,fair,2023,220,0.86,0.70,0.79,0.49,0.72,0.64,0.62,0.45,908.50
ART_04073,91,25,2275,3.64,oil,landscape,18,411,5.63,USA,1,1,fair,2016,67,0.99,0.70,0.29,0.37,0.88,0.62,0.62,0.85,2130.43
ART_04074,92,105,9660,0.88,acrylic,minimalism,21,59,3.67,Japan,1,1,good,2024,215,0.99,0.61,0.39,0.36,0.61,0.75,0.61,0.94,2819.82
ART_04075,120,43,5160,2.79,pastel,portrait,11,3,4.92,India,0,53,good,2015,126,0.84,0.62,0.56,0.47,0.76,0.70,0.89,0.92,1232.55
ART_04076,46,151,6946,0.30,digital,pop_art,11,345,4.96,Turkey,1,1,excellent,2022,143,0.99,0.58,0.77,0.80,0.97,0.53,0.77,0.65,2968.92
ART_04077,105,51,5355,2.06,charcoal,impressionism,3,154,5.16,Bangladesh,1,1,good,2011,114,0.99,0.62,0.69,0.46,0.99,0.53,0.52,0.92,2073.90
ART_04078,73,150,10950,0.49,ink,realism,16,137,4.90,USA,1,1,good,1998,179,0.99,0.90,0.28,0.47,0.84,0.79,0.37,0.98,4232.56
ART_04079,125,49,6125,2.55,charcoal,conceptual,18,111,5.47,Canada,0,58,excellent,2017,158,0.99,0.58,0.33,0.73,0.99,0.87,0.55,0.55,1262.02
ART_04080,82,135,11070,0.61,charcoal,expressionism,25,128,4.07,UAE,1,1,excellent,2007,179,0.92,0.59,0.83,0.92,0.84,0.55,0.61,0.93,3958.32
ART_04081,107,71,7597,1.51,pastel,conceptual,10,395,5.31,France,1,1,good,2005,212,0.99,0.59,0.63,0.65,0.77,0.77,0.25,0.96,2965.52
ART_04082,144,111,15984,1.30,ink,pop_art,1,0,5.00,Pakistan,1,1,excellent,2003,145,0.68,0.70,0.38,0.63,0.73,0.55,0.30,0.51,2161.92
ART_04083,132,68,8976,1.94,ink,realism,13,242,5.71,Pakistan,1,1,good,1994,87,0.89,0.81,0.78,0.62,0.85,0.73,0.48,0.77,3363.65
ART_04084,149,114,16986,1.31,mixed_media,impressionism,12,97,4.12,Germany,1,1,good,2005,22,0.90,0.95,0.70,0.49,0.99,0.49,0.47,0.76,4900.11
ART_04085,95,25,2375,3.80,mixed_media,abstract,12,109,3.24,UK,1,1,good,2009,56,0.98,0.66,0.71,0.73,0.78,0.54,0.61,0.75,1368.12
ART_04086,82,104,8528,0.79,mixed_media,minimalism,15,3,3.50,Canada,1,1,new,2015,112,0.87,0.80,0.89,0.40,0.61,0.51,0.45,0.61,2158.09
ART_04087,21,141,2961,0.15,charcoal,impressionism,1,410,3.84,France,1,1,excellent,2009,99,0.87,0.72,0.44,0.61,0.98,0.53,0.44,0.91,1669.84
ART_04088,131,150,19650,0.87,watercolor,impressionism,24,167,3.51,UK,1,1,fair,2016,149,0.91,0.60,0.62,0.35,0.86,0.54,0.93,0.44,3348.95
ART_04089,139,67,9313,2.07,digital,pop_art,25,1,3.39,USA,1,1,good,1992,45,0.99,0.69,0.35,0.88,0.58,0.97,0.89,0.62,2168.25
ART_04090,34,55,1870,0.62,digital,impressionism,4,101,4.88,USA,1,1,fair,2005,95,0.75,0.94,0.46,0.63,0.81,0.79,0.36,0.97,783.66
ART_04091,132,86,11352,1.53,digital,expressionism,24,50,4.68,Canada,1,1,excellent,2023,46,0.99,0.95,0.57,0.38,0.79,0.77,0.60,0.79,3828.80
ART_04092,124,155,19220,0.80,ink,conceptual,13,6,5.28,Germany,0,8,good,2012,200,0.75,0.60,0.83,0.46,0.63,0.52,0.68,0.76,2572.18
ART_04093,26,24,624,1.08,gouache,minimalism,11,417,3.73,Bangladesh,0,5,excellent,2013,68,0.99,0.53,0.37,0.60,0.61,0.50,0.79,0.53,304.47
ART_04094,87,148,12876,0.59,digital,impressionism,19,377,5.11,France,1,1,fair,1998,129,0.99,0.91,0.86,0.36,0.82,0.75,0.31,0.73,4973.97
ART_04095,126,58,7308,2.17,digital,landscape,4,104,3.97,Germany,1,1,excellent,2008,144,0.80,0.82,0.46,0.30,0.78,0.96,0.44,0.93,2462.16
ART_04096,79,45,3555,1.76,pastel,conceptual,4,11,3.90,France,1,1,fair,1995,87,0.85,0.92,0.31,0.64,0.55,0.65,0.55,0.53,635.16
ART_04097,54,85,4590,0.64,watercolor,expressionism,1,399,3.27,France,1,1,excellent,1996,124,0.86,0.63,0.35,0.80,0.65,0.67,0.68,0.43,1384.52
ART_04098,24,118,2832,0.20,ink,landscape,3,44,4.92,UAE,1,1,excellent,1999,202,0.77,0.72,0.80,0.92,0.52,0.87,0.69,0.78,1059.22
ART_04099,44,89,3916,0.49,oil,impressionism,15,135,5.52,UAE,1,1,excellent,1997,225,0.99,0.83,0.81,0.43,0.60,0.60,0.26,0.86,3980.83
ART_04100,154,131,20174,1.18,oil,surrealism,9,27,4.80,India,1,1,fair,2003,119,0.94,0.67,0.44,0.43,0.69,0.61,0.53,0.68,5333.65
ART_04101,118,137,16166,0.86,gouache,realism,19,108,4.63,Pakistan,0,6,fair,1991,166,0.99,0.80,0.69,0.85,0.72,0.51,0.82,0.97,4626.40
ART_04102,119,72,8568,1.65,charcoal,minimalism,13,241,3.90,Pakistan,1,1,excellent,2017,153,0.99,0.87,0.55,0.89,0.72,0.57,0.62,0.87,2296.90
ART_04103,75,62,4650,1.21,oil,minimalism,6,117,2.93,India,1,1,new,1996,109,0.90,0.73,0.32,0.38,0.62,0.53,0.38,0.94,2082.47
ART_04104,41,45,1845,0.91,acrylic,pop_art,13,344,5.46,Bangladesh,1,1,excellent,2012,238,0.99,0.61,0.51,0.73,0.69,0.63,0.87,0.94,1988.84
ART_04105,68,24,1632,2.83,gouache,impressionism,25,106,4.41,Germany,1,1,fair,2023,43,0.99,0.65,0.55,0.91,0.82,0.98,0.51,0.62,730.46
ART_04106,58,88,5104,0.66,mixed_media,conceptual,21,308,3.85,Pakistan,0,27,good,1998,117,0.99,0.81,0.31,0.43,0.67,0.86,0.71,0.49,2216.61
ART_04107,139,153,21267,0.91,charcoal,realism,14,114,4.27,Pakistan,0,31,fair,1994,142,0.99,0.68,0.63,0.76,0.64,0.51,0.51,0.92,3382.33
ART_04108,52,147,7644,0.35,mixed_media,realism,5,310,4.23,Bangladesh,1,1,good,2021,50,0.93,0.91,0.41,0.82,0.89,0.89,0.25,0.76,3062.20
ART_04109,112,31,3472,3.61,gouache,abstract,23,173,4.04,Bangladesh,1,1,fair,2024,108,0.99,0.80,0.37,0.52,0.64,0.65,0.29,0.98,1695.39
ART_04110,24,94,2256,0.26,oil,portrait,22,32,4.47,France,1,1,fair,1992,109,0.99,0.91,0.56,0.61,0.99,0.99,0.90,0.82,2043.71
ART_04111,101,77,7777,1.31,digital,minimalism,9,5,4.90,Turkey,1,1,excellent,2021,80,0.99,0.71,0.60,0.79,0.93,0.67,0.55,0.61,1987.51
ART_04112,113,145,16385,0.78,watercolor,minimalism,19,16,3.14,USA,1,1,new,2026,92,0.93,0.93,0.73,0.58,0.88,0.90,0.88,0.97,4878.44
ART_04113,98,153,14994,0.64,oil,abstract,20,93,5.59,Germany,1,1,fair,2018,125,0.99,0.88,0.65,0.86,0.75,0.86,0.96,0.52,5094.10
ART_04114,57,41,2337,1.39,mixed_media,surrealism,11,134,3.37,India,0,19,excellent,2001,59,0.88,0.59,0.81,0.67,0.81,0.92,0.55,0.57,873.20
ART_04115,39,44,1716,0.89,oil,minimalism,13,164,3.78,Turkey,1,1,excellent,2025,95,0.99,0.91,0.67,0.30,0.73,0.99,0.86,0.67,1607.92
ART_04116,107,72,7704,1.49,watercolor,surrealism,7,77,5.01,Germany,0,52,excellent,2002,215,0.99,0.77,0.56,0.70,0.81,0.93,0.48,0.86,2493.43
ART_04117,102,110,11220,0.93,gouache,expressionism,12,231,4.62,India,1,1,good,2010,99,0.99,0.74,0.32,0.84,0.84,0.57,0.69,0.41,2408.31
ART_04118,128,141,18048,0.91,digital,surrealism,9,169,4.23,Bangladesh,0,65,fair,2023,110,0.83,0.67,0.66,0.62,0.99,0.54,0.46,0.96,2507.35
ART_04119,146,91,13286,1.60,oil,landscape,7,36,2.84,UAE,1,1,new,2026,92,0.93,0.61,0.67,0.54,0.99,0.84,0.92,0.65,3884.18
ART_04120,144,69,9936,2.09,digital,realism,13,20,4.26,Italy,1,1,fair,1992,20,0.84,0.61,0.59,0.73,0.68,0.58,0.38,0.58,1922.92
ART_04121,149,58,8642,2.57,gouache,landscape,18,198,5.49,France,1,1,good,2020,104,0.99,0.86,0.61,0.48,0.97,0.62,0.30,0.58,2997.54
ART_04122,137,108,14796,1.27,mixed_media,portrait,13,326,5.58,France,0,67,new,2014,171,0.99,0.49,0.65,0.60,0.99,0.96,0.94,0.72,5543.16
ART_04123,114,91,10374,1.25,oil,conceptual,13,242,4.20,France,1,1,good,2005,195,0.81,0.82,0.65,0.70,0.68,0.50,0.28,0.96,4627.12
ART_04124,57,135,7695,0.42,pastel,pop_art,21,221,3.88,Germany,1,1,excellent,2008,134,0.99,0.65,0.58,0.63,0.88,0.75,0.46,0.54,2185.17
ART_04125,28,25,700,1.12,mixed_media,minimalism,24,2,3.23,Japan,1,1,excellent,2023,128,0.87,0.83,0.85,0.88,0.81,0.60,0.77,0.41,445.91
ART_04126,150,75,11250,2.00,digital,surrealism,8,240,5.01,Japan,1,1,new,2023,115,0.99,0.81,0.73,0.45,0.89,0.81,0.26,0.96,3828.18
ART_04127,28,123,3444,0.23,ink,surrealism,5,24,5.00,Pakistan,1,1,excellent,1991,170,0.64,0.59,0.39,0.57,0.80,0.70,0.67,0.85,1093.87
ART_04128,107,48,5136,2.23,oil,expressionism,23,209,4.23,Canada,1,1,fair,2000,77,0.99,0.89,0.44,0.92,0.75,0.61,0.54,0.67,3148.58
ART_04129,87,84,7308,1.04,charcoal,abstract,9,98,4.69,Germany,1,1,excellent,2009,107,0.92,0.75,0.33,0.47,0.63,0.91,0.37,0.53,2220.39
ART_04130,54,118,6372,0.46,pastel,portrait,25,111,5.25,Canada,1,1,good,2005,42,0.99,0.76,0.49,0.83,0.99,0.51,0.37,0.48,2204.09
ART_04131,111,72,7992,1.54,oil,conceptual,2,0,3.36,UAE,0,25,new,1998,219,0.89,0.71,0.78,0.41,0.90,0.86,0.62,0.96,2211.42
ART_04132,83,85,7055,0.98,ink,realism,16,313,5.59,UK,1,1,good,1992,177,0.99,0.64,0.52,0.48,0.70,0.77,0.41,0.74,3066.53
ART_04133,66,55,3630,1.20,acrylic,impressionism,1,136,4.93,Canada,1,1,fair,2022,111,0.99,0.67,0.75,0.56,0.67,0.90,0.89,0.72,1594.16
ART_04134,134,154,20636,0.87,oil,realism,19,207,5.30,France,0,43,good,1990,138,0.99,0.49,0.40,0.60,0.69,0.82,0.48,0.56,5066.12
ART_04135,24,65,1560,0.37,charcoal,surrealism,0,249,5.01,Turkey,1,1,good,2002,228,0.97,0.84,0.43,0.35,0.67,0.71,0.86,0.41,977.33
ART_04136,116,154,17864,0.75,watercolor,surrealism,14,174,4.97,Germany,1,1,fair,2023,237,0.99,0.80,0.29,0.55,0.99,0.69,0.89,0.47,5034.89
ART_04137,22,120,2640,0.18,gouache,surrealism,4,0,3.60,Germany,1,1,excellent,2017,165,0.87,0.84,0.44,0.57,0.98,0.53,0.70,0.63,797.81
ART_04138,106,148,15688,0.72,pastel,abstract,18,306,5.34,India,1,1,fair,1995,223,0.87,0.58,0.64,0.88,0.99,0.99,0.26,0.97,6295.33
ART_04139,31,47,1457,0.66,mixed_media,abstract,5,6,4.42,Canada,1,1,fair,2019,141,0.79,0.60,0.34,0.36,0.81,0.84,0.84,0.75,867.35
ART_04140,123,115,14145,1.07,watercolor,conceptual,5,151,4.42,USA,1,1,new,2012,150,0.99,0.68,0.70,0.63,0.82,0.64,0.88,0.56,3018.65
ART_04141,53,128,6784,0.41,watercolor,landscape,10,366,4.46,USA,1,1,good,2018,236,0.99,0.69,0.85,0.44,0.99,0.62,0.48,0.84,3518.24
ART_04142,122,158,19276,0.77,pastel,minimalism,0,135,5.18,Japan,1,1,fair,2001,106,0.93,0.75,0.60,0.49,0.75,0.95,0.54,0.46,2951.81
ART_04143,156,132,20592,1.18,mixed_media,portrait,12,43,2.98,Pakistan,1,1,good,1997,187,0.99,0.78,0.72,0.61,0.65,0.73,0.46,0.92,5127.72
ART_04144,113,156,17628,0.72,ink,expressionism,7,54,4.56,Bangladesh,1,1,fair,2020,94,0.79,0.58,0.82,0.75,0.65,0.51,0.94,0.64,1768.55
ART_04145,53,159,8427,0.33,gouache,minimalism,1,414,4.87,Bangladesh,0,82,excellent,2025,190,0.99,0.58,0.88,0.79,0.86,0.73,0.71,0.78,1384.10
ART_04146,77,141,10857,0.55,ink,pop_art,14,47,5.21,Germany,1,1,good,2006,167,0.99,0.89,0.64,0.52,0.60,0.68,0.68,0.67,2486.26
ART_04147,132,152,20064,0.87,gouache,landscape,15,297,3.85,Bangladesh,0,54,new,1998,15,0.99,0.79,0.83,0.56,0.95,0.67,0.59,0.46,2556.51
ART_04148,110,160,17600,0.69,digital,abstract,24,196,3.99,Bangladesh,1,1,good,2002,82,0.99,0.90,0.31,0.92,0.84,0.52,0.58,0.87,5197.12
ART_04149,56,137,7672,0.41,watercolor,impressionism,16,213,4.66,France,1,1,new,2008,193,0.99,0.60,0.47,0.64,0.66,0.97,0.34,0.98,4521.70
ART_04150,70,97,6790,0.72,acrylic,minimalism,6,46,5.20,UAE,1,1,excellent,2020,74,0.87,0.65,0.50,0.77,0.92,0.70,0.64,0.83,2293.11
ART_04151,70,110,7700,0.64,watercolor,pop_art,22,6,5.18,France,1,1,good,2002,116,0.99,0.70,0.73,0.72,0.84,0.51,0.56,0.72,2686.44
ART_04152,97,46,4462,2.11,digital,minimalism,19,0,4.05,Germany,1,1,excellent,2011,114,0.84,0.71,0.31,0.69,0.81,0.67,0.30,0.44,1230.03
ART_04153,71,90,6390,0.79,watercolor,landscape,14,198,4.73,Japan,1,1,new,1996,92,0.99,0.84,0.68,0.80,0.74,0.87,0.57,0.47,2731.35
ART_04154,20,56,1120,0.36,mixed_media,landscape,4,85,4.91,Italy,0,32,new,2020,15,0.79,0.55,0.49,0.47,0.94,0.79,0.96,0.53,513.75
ART_04155,63,50,3150,1.26,digital,pop_art,13,222,3.30,Italy,0,60,good,1994,33,0.80,0.76,0.53,0.54,0.77,0.68,0.72,0.68,677.44
ART_04156,127,99,12573,1.28,ink,minimalism,19,21,5.12,USA,1,1,fair,2019,72,0.77,0.84,0.45,0.62,0.88,0.51,0.69,0.56,2262.49
ART_04157,118,80,9440,1.48,charcoal,realism,16,230,5.00,Canada,1,1,good,2005,63,0.99,0.93,0.52,0.68,0.88,0.59,0.35,0.43,2315.19
ART_04158,65,136,8840,0.48,oil,pop_art,12,128,5.24,Bangladesh,0,82,new,2023,63,0.88,0.56,0.67,0.54,0.82,0.53,0.55,0.56,1987.15
ART_04159,106,25,2650,4.24,ink,expressionism,14,1,3.36,Bangladesh,1,1,fair,2011,225,0.75,0.92,0.89,0.77,0.69,0.82,0.30,0.88,745.29
ART_04160,154,136,20944,1.13,gouache,pop_art,0,72,5.03,Canada,1,1,good,2017,91,0.83,0.79,0.40,0.53,0.87,0.81,0.68,0.68,3156.65
ART_04161,58,134,7772,0.43,ink,surrealism,0,2,5.00,India,1,1,new,1999,140,0.53,0.62,0.60,0.87,0.79,0.54,0.73,0.86,1560.92
ART_04162,128,81,10368,1.58,pastel,pop_art,19,17,4.06,Germany,1,1,fair,2022,246,0.99,0.64,0.80,0.45,0.58,0.52,0.89,0.91,2068.79
ART_04163,132,46,6072,2.87,gouache,pop_art,11,21,4.95,India,1,1,good,1991,225,0.96,0.57,0.57,0.35,0.85,0.92,0.83,0.64,1921.23
ART_04164,110,112,12320,0.98,watercolor,pop_art,6,358,4.81,Italy,1,1,good,2009,206,0.80,0.84,0.44,0.65,0.93,0.69,0.73,0.93,4198.53
ART_04165,134,149,19966,0.90,pastel,realism,14,27,5.19,Canada,1,1,new,2000,62,0.74,0.91,0.38,0.50,0.58,0.61,0.49,0.42,3810.06
ART_04166,48,112,5376,0.43,ink,realism,20,48,4.44,France,1,1,fair,1991,92,0.99,0.85,0.36,0.93,0.68,0.98,0.58,0.45,1498.68
ART_04167,110,131,14410,0.84,oil,realism,7,51,3.03,Japan,1,1,good,2005,44,0.69,0.90,0.55,0.78,0.72,0.69,0.94,0.72,3831.29
ART_04168,59,137,8083,0.43,mixed_media,pop_art,10,35,3.66,Bangladesh,1,1,new,2014,112,0.99,0.83,0.52,0.49,0.99,0.53,0.32,0.52,2465.69
ART_04169,84,86,7224,0.98,mixed_media,pop_art,18,8,4.74,Turkey,1,1,fair,2016,242,0.87,0.72,0.28,0.40,0.79,0.85,0.35,0.97,2470.27
ART_04170,147,91,13377,1.62,gouache,abstract,9,4,4.80,France,0,15,fair,2019,31,0.65,0.77,0.79,0.94,0.74,0.90,0.32,0.83,1694.88
ART_04171,57,145,8265,0.39,oil,abstract,3,373,4.82,Canada,1,1,good,2009,159,0.99,0.76,0.39,0.40,0.80,0.55,0.91,0.95,5452.54
ART_04172,48,147,7056,0.33,pastel,abstract,0,117,3.29,Japan,1,1,fair,2022,16,0.67,0.81,0.86,0.89,0.64,0.80,0.28,0.89,1201.10
ART_04173,82,94,7708,0.87,oil,expressionism,22,287,5.42,Japan,1,1,good,1994,161,0.99,0.84,0.50,0.39,0.79,0.82,0.75,0.56,5681.75
ART_04174,56,147,8232,0.38,charcoal,pop_art,18,285,5.81,Canada,1,1,new,1992,133,0.85,0.95,0.79,0.86,0.75,0.60,0.87,0.72,3914.18
ART_04175,23,97,2231,0.24,gouache,portrait,13,364,5.67,UAE,1,1,good,2011,49,0.92,0.69,0.89,0.72,0.94,0.69,0.80,0.94,1719.24
ART_04176,157,152,23864,1.03,gouache,surrealism,11,223,4.85,UAE,1,1,excellent,2018,183,0.99,0.74,0.55,0.34,0.84,0.94,0.51,0.87,7225.68
ART_04177,72,51,3672,1.41,watercolor,landscape,21,308,4.07,Canada,1,1,new,2004,120,0.99,0.71,0.39,0.36,0.71,0.95,0.90,0.61,1888.02
ART_04178,109,63,6867,1.73,pastel,abstract,16,239,4.82,UAE,1,1,fair,1998,54,0.99,0.65,0.61,0.52,0.73,0.66,0.85,0.44,1782.13
ART_04179,33,77,2541,0.43,pastel,landscape,7,25,4.20,Italy,1,1,fair,2000,135,0.99,0.88,0.69,0.65,0.76,0.55,0.47,0.79,897.70
ART_04180,148,77,11396,1.92,charcoal,landscape,1,128,4.19,Bangladesh,1,1,fair,2023,216,0.83,0.66,0.88,0.59,0.64,0.98,0.68,0.64,1681.76
ART_04181,135,37,4995,3.65,pastel,surrealism,18,320,4.28,UAE,0,47,fair,1996,171,0.90,0.66,0.79,0.39,0.97,0.87,0.43,0.74,1708.67
ART_04182,65,134,8710,0.49,acrylic,minimalism,12,5,3.93,India,1,1,fair,2016,236,0.91,0.96,0.63,0.46,0.60,0.93,0.60,0.53,1773.18
ART_04183,66,49,3234,1.35,acrylic,minimalism,12,25,3.95,UK,1,1,excellent,2020,42,0.76,0.59,0.79,0.66,0.59,0.95,0.43,0.42,826.64
ART_04184,101,103,10403,0.98,watercolor,landscape,23,11,4.63,UK,1,1,fair,2007,30,0.99,0.89,0.49,0.40,0.99,0.59,0.89,0.53,2487.86
ART_04185,141,135,19035,1.04,ink,realism,16,136,3.41,Turkey,0,58,good,2008,77,0.99,0.62,0.73,0.81,0.56,0.81,0.87,0.44,1875.40
ART_04186,42,102,4284,0.41,charcoal,abstract,12,287,4.11,Pakistan,1,1,fair,2013,64,0.83,0.76,0.34,0.48,0.86,0.68,0.73,0.54,1465.89
ART_04187,151,152,22952,0.99,ink,abstract,21,88,4.11,Canada,1,1,new,2015,81,0.99,0.61,0.66,0.77,0.99,0.61,0.82,0.75,5094.96
ART_04188,157,31,4867,5.06,oil,surrealism,25,291,4.25,France,1,1,good,1995,211,0.99,0.57,0.61,0.81,0.77,0.76,0.43,0.82,4205.25
ART_04189,24,85,2040,0.28,ink,portrait,23,157,4.71,Pakistan,1,1,good,2010,77,0.92,0.58,0.75,0.53,0.65,0.65,0.49,0.57,730.81
ART_04190,129,103,13287,1.25,oil,expressionism,3,148,5.21,Italy,0,73,fair,2015,27,0.99,0.55,0.76,0.87,0.78,0.75,0.65,0.87,2464.22
ART_04191,110,117,12870,0.94,oil,pop_art,17,48,3.80,France,1,1,fair,1993,44,0.98,0.84,0.80,0.34,0.99,0.58,0.44,0.99,4879.59
ART_04192,74,79,5846,0.94,acrylic,conceptual,25,417,5.41,France,1,1,excellent,2006,219,0.99,0.67,0.89,0.32,0.99,0.98,0.31,0.73,5555.11
ART_04193,98,110,10780,0.89,acrylic,minimalism,19,77,3.86,USA,0,79,fair,1992,223,0.89,0.58,0.41,0.87,0.87,0.79,0.79,0.48,1601.60
ART_04194,98,153,14994,0.64,mixed_media,realism,24,219,5.51,Bangladesh,1,1,good,2015,205,0.95,0.72,0.29,0.62,0.68,0.97,0.40,0.74,7893.88
ART_04195,54,77,4158,0.70,charcoal,expressionism,7,79,4.25,Canada,1,1,good,2005,194,0.83,0.64,0.45,0.42,0.65,0.66,0.92,0.76,1122.56
ART_04196,125,36,4500,3.47,oil,impressionism,5,126,4.86,UAE,1,1,fair,2017,205,0.80,0.73,0.46,0.36,0.66,0.93,0.90,0.54,1730.50
ART_04197,66,72,4752,0.92,acrylic,surrealism,11,205,4.32,Bangladesh,1,1,excellent,1992,117,0.99,0.88,0.80,0.30,0.99,0.65,0.72,0.46,2676.34
ART_04198,159,47,7473,3.38,ink,minimalism,14,174,3.93,UK,1,1,excellent,1995,56,0.99,0.85,0.31,0.57,0.78,0.86,0.39,0.53,1799.51
ART_04199,99,80,7920,1.24,watercolor,realism,14,316,4.05,Germany,1,1,new,2003,137,0.99,0.91,0.61,0.59,0.73,0.86,0.70,0.57,3250.34
ART_04200,49,116,5684,0.42,ink,impressionism,6,301,4.40,France,1,1,good,2001,48,0.90,0.63,0.43,0.59,0.60,0.60,0.77,0.41,1235.29
ART_04201,160,79,12640,2.03,charcoal,surrealism,22,65,5.13,Germany,0,44,new,2002,163,0.93,0.59,0.65,0.55,0.68,0.62,0.85,0.99,3242.23
ART_04202,142,66,9372,2.15,ink,pop_art,21,109,5.08,France,0,84,fair,2002,141,0.87,0.69,0.88,0.42,0.56,0.82,0.89,0.76,1523.81
ART_04203,46,159,7314,0.29,mixed_media,impressionism,2,162,4.90,Italy,0,49,fair,1998,27,0.78,0.72,0.82,0.48,0.60,0.54,0.46,0.96,1869.83
ART_04204,64,90,5760,0.71,digital,impressionism,21,40,5.26,Japan,0,44,fair,2017,130,0.99,0.77,0.64,0.46,0.87,0.51,0.59,0.46,1207.14
ART_04205,133,35,4655,3.80,ink,abstract,9,369,4.93,India,1,1,good,2005,111,0.91,0.67,0.55,0.83,0.99,0.79,0.93,0.76,2489.12
ART_04206,109,89,9701,1.22,digital,abstract,17,173,4.94,India,1,1,new,2013,167,0.99,0.61,0.83,0.50,0.71,0.68,0.95,0.53,3454.31
ART_04207,130,59,7670,2.20,charcoal,minimalism,1,163,3.53,Germany,0,69,excellent,1997,229,0.99,0.66,0.37,0.70,0.88,0.61,0.56,0.72,1255.78
ART_04208,60,27,1620,2.22,mixed_media,landscape,11,11,2.99,Bangladesh,1,1,fair,2002,82,0.99,0.75,0.84,0.57,0.97,0.74,0.85,0.96,899.22
ART_04209,123,64,7872,1.92,gouache,abstract,23,236,3.87,UK,1,1,good,2000,113,0.99,0.84,0.31,0.47,0.83,0.99,0.90,0.82,4108.00
ART_04210,98,80,7840,1.23,gouache,impressionism,14,0,3.38,USA,1,1,fair,2002,229,0.58,0.82,0.46,0.93,0.84,0.54,0.84,0.79,1837.00
ART_04211,115,87,10005,1.32,gouache,surrealism,7,308,4.28,France,1,1,new,1993,32,0.97,0.86,0.33,0.83,0.56,0.92,0.51,0.77,3983.19
ART_04212,109,92,10028,1.18,digital,realism,1,151,3.31,Bangladesh,1,1,new,1990,58,0.79,0.94,0.67,0.77,0.80,0.62,0.79,0.57,2384.33
ART_04213,120,28,3360,4.29,charcoal,realism,1,147,3.97,Bangladesh,1,1,excellent,2016,165,0.69,0.74,0.34,0.86,0.83,0.78,0.64,0.87,1094.94
ART_04214,67,140,9380,0.48,gouache,abstract,4,117,4.40,Pakistan,1,1,new,1997,88,0.99,0.78,0.67,0.56,0.87,0.71,0.45,0.77,3274.96
ART_04215,157,110,17270,1.43,charcoal,surrealism,17,71,3.57,Italy,1,1,new,2020,125,0.89,0.91,0.73,0.35,0.58,0.83,0.80,0.79,4501.65
ART_04216,94,129,12126,0.73,pastel,minimalism,23,136,3.87,Canada,1,1,new,1998,132,0.99,0.72,0.39,0.95,0.99,0.99,0.30,0.56,3744.11
ART_04217,127,136,17272,0.93,acrylic,expressionism,11,0,4.12,Pakistan,1,1,fair,2003,190,0.69,0.56,0.57,0.56,0.89,0.82,0.69,0.89,3970.88
ART_04218,98,38,3724,2.58,charcoal,abstract,16,10,4.07,USA,0,54,excellent,1992,222,0.99,0.52,0.78,0.90,0.76,0.98,0.80,0.76,1189.43
ART_04219,152,150,22800,1.01,watercolor,minimalism,8,397,4.23,USA,1,1,excellent,2017,68,0.93,0.64,0.40,0.93,0.88,0.98,0.34,0.44,4887.98
ART_04220,43,126,5418,0.34,ink,portrait,16,3,3.18,USA,1,1,new,1999,29,0.99,0.94,0.45,0.34,0.89,0.59,0.87,0.74,1813.08
ART_04221,92,100,9200,0.92,digital,pop_art,21,186,4.15,UK,1,1,fair,2020,31,0.99,0.77,0.62,0.43,0.76,0.52,0.76,0.94,2204.63
ART_04222,44,103,4532,0.43,gouache,landscape,16,168,3.81,Italy,1,1,fair,2007,168,0.85,0.58,0.39,0.86,0.97,0.55,0.45,0.62,1036.75
ART_04223,79,40,3160,1.98,gouache,impressionism,8,167,3.48,Pakistan,1,1,new,1990,185,0.84,0.94,0.39,0.62,0.71,0.55,0.91,0.52,1305.63
ART_04224,151,106,16006,1.42,digital,landscape,22,240,4.04,UK,1,1,good,2017,55,0.99,0.78,0.63,0.51,0.65,0.72,0.39,0.84,4243.59
ART_04225,123,59,7257,2.08,pastel,pop_art,23,187,5.48,France,1,1,fair,2016,61,0.99,0.58,0.77,0.71,0.64,0.87,0.56,0.95,2964.52
ART_04226,42,131,5502,0.32,gouache,minimalism,22,163,4.08,India,1,1,excellent,2011,114,0.99,0.63,0.54,0.32,0.98,0.99,0.69,0.95,2671.10
ART_04227,119,56,6664,2.13,ink,realism,18,380,4.49,UAE,1,1,fair,2003,18,0.96,0.65,0.63,0.74,0.60,0.60,0.29,0.95,2141.66
ART_04228,82,30,2460,2.73,acrylic,landscape,21,2,4.71,France,1,1,good,2014,125,0.99,0.74,0.35,0.40,0.63,0.61,0.95,0.98,1970.01
ART_04229,85,148,12580,0.57,pastel,minimalism,15,76,5.04,Bangladesh,1,1,fair,2026,166,0.99,0.68,0.61,0.57,0.99,0.57,0.85,0.64,2245.70
ART_04230,89,111,9879,0.80,acrylic,portrait,11,39,4.24,Canada,1,1,fair,2014,195,0.94,0.74,0.34,0.54,0.97,0.50,0.27,0.49,2103.44
ART_04231,57,94,5358,0.61,pastel,landscape,17,35,4.29,USA,0,36,good,2016,80,0.92,0.78,0.39,0.51,0.93,0.88,0.76,0.92,1572.56
ART_04232,110,71,7810,1.55,oil,expressionism,0,0,3.11,Canada,1,1,excellent,2001,129,0.71,0.68,0.35,0.45,0.98,0.58,0.57,0.55,1909.39
ART_04233,35,66,2310,0.53,pastel,impressionism,17,23,4.89,UK,1,1,new,2018,102,0.99,0.77,0.75,0.69,0.91,0.71,0.49,0.63,1129.09
ART_04234,50,62,3100,0.81,pastel,abstract,14,395,3.96,Turkey,0,24,new,2026,54,0.92,0.82,0.84,0.41,0.71,0.72,0.59,0.55,1201.25
ART_04235,46,120,5520,0.38,digital,realism,2,17,2.63,Canada,1,1,good,1997,91,0.62,0.88,0.59,0.39,0.69,0.57,0.78,0.64,973.16
ART_04236,136,147,19992,0.93,watercolor,surrealism,4,7,3.52,Japan,1,1,fair,1995,63,0.85,0.81,0.76,0.40,0.73,0.75,0.46,0.66,3158.24
ART_04237,136,117,15912,1.16,digital,conceptual,17,61,4.70,Germany,1,1,fair,2011,241,0.99,0.61,0.42,0.66,0.81,0.85,0.38,0.45,2732.67
ART_04238,154,138,21252,1.12,digital,surrealism,18,357,5.63,UAE,1,1,good,2025,242,0.99,0.94,0.39,0.67,0.71,0.57,0.28,0.98,6846.21
ART_04239,36,120,4320,0.30,oil,realism,23,162,3.32,Italy,0,63,good,2026,128,0.91,0.86,0.54,0.85,0.68,0.99,0.57,0.59,1338.49
ART_04240,144,146,21024,0.99,watercolor,expressionism,13,5,3.25,Turkey,1,1,new,2016,49,0.78,0.86,0.69,0.72,0.68,0.72,0.88,0.97,4121.75
ART_04241,123,158,19434,0.78,digital,pop_art,0,146,4.49,Italy,1,1,new,2025,104,0.91,0.91,0.73,0.46,0.69,0.53,0.51,0.92,3563.94
ART_04242,81,81,6561,1.00,digital,abstract,14,140,5.21,Japan,1,1,new,2019,92,0.82,0.88,0.57,0.92,0.76,0.93,0.83,0.48,2531.69
ART_04243,106,49,5194,2.16,gouache,pop_art,4,316,3.96,Turkey,1,1,new,2023,137,0.79,0.78,0.64,0.40,0.75,0.91,0.70,0.69,1776.37
ART_04244,73,101,7373,0.72,gouache,impressionism,25,299,4.79,Bangladesh,1,1,new,2005,58,0.99,0.57,0.78,0.71,0.59,0.61,0.39,0.62,3230.17
ART_04245,98,129,12642,0.76,mixed_media,pop_art,10,50,4.49,France,1,1,fair,2026,92,0.75,0.72,0.50,0.55,0.90,0.54,0.37,0.78,2222.35
ART_04246,151,156,23556,0.97,watercolor,landscape,10,301,5.16,India,1,1,excellent,1998,180,0.98,0.56,0.43,0.65,0.69,0.51,0.28,0.64,5482.50
ART_04247,42,117,4914,0.36,pastel,surrealism,3,258,3.61,UK,1,1,excellent,2017,170,0.72,0.89,0.83,0.60,0.83,0.54,0.90,0.63,1761.38
ART_04248,122,79,9638,1.54,charcoal,surrealism,20,23,5.51,Bangladesh,1,1,fair,2011,95,0.99,0.90,0.75,0.49,0.80,0.70,0.67,0.86,2804.58
ART_04249,56,110,6160,0.51,gouache,abstract,20,167,4.05,UAE,1,1,excellent,2015,177,0.99,0.59,0.88,0.82,0.63,0.95,0.40,0.53,2225.16
ART_04250,157,33,5181,4.76,charcoal,impressionism,24,296,3.75,Pakistan,1,1,fair,2013,63,0.99,0.81,0.61,0.67,0.74,0.84,0.34,0.66,1484.66
ART_04251,66,117,7722,0.56,acrylic,abstract,23,11,4.06,UAE,1,1,new,1994,141,0.99,0.80,0.81,0.54,0.89,0.78,0.49,0.48,3348.54
ART_04252,152,147,22344,1.03,ink,impressionism,17,36,3.98,Canada,1,1,new,2004,184,0.78,0.88,0.76,0.55,0.99,0.66,0.90,0.54,4993.58
ART_04253,153,81,12393,1.89,mixed_media,realism,17,107,3.91,India,1,1,good,2008,200,0.86,0.94,0.68,0.41,0.99,0.54,0.69,0.46,3672.29
ART_04254,42,132,5544,0.32,digital,landscape,2,73,4.27,USA,0,6,excellent,2001,109,0.99,0.60,0.55,0.76,0.80,0.66,0.60,0.81,1552.10
ART_04255,155,145,22475,1.07,ink,abstract,3,208,4.29,Germany,1,1,excellent,2001,158,0.99,0.92,0.52,0.38,0.81,0.61,0.95,0.92,7004.63
ART_04256,67,118,7906,0.57,mixed_media,surrealism,19,186,3.66,Italy,1,1,new,2018,235,0.99,0.86,0.80,0.94,0.77,0.54,0.49,0.84,4135.98
ART_04257,136,50,6800,2.72,digital,realism,1,92,2.74,Bangladesh,1,1,good,2000,211,0.99,0.80,0.87,0.94,0.90,0.87,0.63,0.78,1799.41
ART_04258,150,103,15450,1.46,pastel,impressionism,7,326,5.42,USA,0,57,fair,2013,45,0.81,0.85,0.87,0.74,0.59,0.75,0.40,0.76,2496.82
ART_04259,73,157,11461,0.46,pastel,abstract,4,3,2.61,Italy,0,27,fair,1995,118,0.55,0.81,0.41,0.87,0.96,0.85,0.65,0.76,1260.10
ART_04260,22,37,814,0.59,ink,portrait,11,71,4.63,Germany,0,13,excellent,2010,235,0.99,0.72,0.49,0.52,0.94,0.54,0.57,0.98,475.03
ART_04261,92,56,5152,1.64,pastel,abstract,1,17,4.96,France,1,1,new,2001,172,0.88,0.57,0.48,0.58,0.67,0.54,0.76,0.69,1866.31
ART_04262,95,117,11115,0.81,oil,realism,25,153,5.39,France,0,18,new,2012,223,0.99,0.49,0.89,0.88,0.57,0.56,0.73,0.91,6131.81
ART_04263,117,82,9594,1.43,acrylic,surrealism,8,172,5.47,Germany,1,1,good,2019,16,0.76,0.95,0.39,0.48,0.79,0.72,0.77,0.55,3788.52
ART_04264,153,69,10557,2.22,oil,portrait,10,163,3.98,Bangladesh,0,57,excellent,2004,144,0.99,0.59,0.77,0.83,0.67,0.81,0.96,0.65,3424.31
ART_04265,87,96,8352,0.91,charcoal,expressionism,13,91,4.96,USA,1,1,good,2018,58,0.99,0.73,0.87,0.69,0.92,0.92,0.33,0.92,3120.60
ART_04266,75,63,4725,1.19,mixed_media,impressionism,3,140,5.15,Germany,1,1,fair,1994,134,0.70,0.72,0.55,0.63,0.93,0.48,0.40,0.93,1949.63
ART_04267,147,127,18669,1.16,pastel,expressionism,23,105,4.87,UAE,0,83,fair,1997,95,0.96,0.81,0.36,0.88,0.83,0.96,0.85,0.72,3258.09
ART_04268,148,120,17760,1.23,ink,surrealism,25,417,4.17,France,1,1,fair,1990,24,0.99,0.60,0.75,0.64,0.99,0.95,0.80,0.64,4731.48
ART_04269,121,124,15004,0.98,oil,portrait,21,32,5.51,Turkey,1,1,fair,2002,65,0.99,0.63,0.78,0.77,0.67,0.80,0.81,0.66,4859.59
ART_04270,55,130,7150,0.42,pastel,minimalism,1,5,4.78,France,0,38,new,2002,204,0.93,0.82,0.89,0.64,0.96,0.84,0.48,0.52,1430.85
ART_04271,159,96,15264,1.66,gouache,landscape,1,331,4.90,Bangladesh,0,76,excellent,2022,220,0.81,0.64,0.54,0.87,0.72,0.68,0.58,0.58,1785.20
ART_04272,149,66,9834,2.26,mixed_media,abstract,16,36,3.98,France,1,1,excellent,2020,159,0.99,0.84,0.86,0.46,0.63,0.61,0.35,0.75,4082.58
ART_04273,39,39,1521,1.00,pastel,pop_art,23,23,4.97,USA,1,1,fair,1995,213,0.80,0.94,0.59,0.52,0.60,0.80,0.32,0.48,681.42
ART_04274,120,33,3960,3.64,pastel,portrait,21,309,5.18,France,1,1,excellent,2025,185,0.89,0.90,0.41,0.58,0.83,0.88,0.33,0.66,2250.24
ART_04275,137,70,9590,1.96,watercolor,landscape,0,289,5.34,India,1,1,excellent,2014,13,0.79,0.76,0.64,0.72,0.62,0.63,0.68,0.62,2108.82
ART_04276,83,149,12367,0.56,ink,realism,5,41,3.30,Germany,1,1,fair,2014,247,0.82,0.86,0.77,0.58,0.65,0.49,0.82,0.45,1365.10
ART_04277,105,103,10815,1.02,mixed_media,portrait,14,355,3.46,Bangladesh,1,1,new,2024,105,0.88,0.57,0.64,0.46,0.69,0.54,0.88,0.52,3519.12
ART_04278,39,102,3978,0.38,mixed_media,landscape,21,339,3.55,Canada,0,25,excellent,2007,130,0.99,0.73,0.33,0.39,0.74,0.99,0.32,0.86,1914.62
ART_04279,33,79,2607,0.42,oil,landscape,10,137,3.67,Germany,1,1,excellent,2012,76,0.99,0.96,0.77,0.68,0.81,0.57,0.83,0.73,1613.01
ART_04280,58,78,4524,0.74,digital,surrealism,4,10,4.59,Italy,0,54,new,1993,42,0.66,0.50,0.59,0.47,0.88,0.66,0.73,0.74,928.53
ART_04281,81,118,9558,0.69,ink,realism,4,72,3.60,Italy,1,1,fair,2024,103,0.91,0.78,0.74,0.92,0.57,0.69,0.48,0.97,1434.44
ART_04282,78,25,1950,3.12,ink,realism,14,5,3.87,Bangladesh,1,1,good,2003,113,0.93,0.96,0.70,0.58,0.76,0.79,0.60,0.43,752.66
ART_04283,93,31,2883,3.00,pastel,conceptual,9,2,3.80,Canada,1,1,new,2011,19,0.95,0.69,0.38,0.40,0.92,0.73,0.31,0.54,922.89
ART_04284,29,62,1798,0.47,oil,expressionism,12,9,3.81,UK,1,1,fair,2007,236,0.99,0.74,0.76,0.87,0.90,0.98,0.74,0.85,1446.05
ART_04285,135,87,11745,1.55,ink,minimalism,6,11,2.81,Italy,1,1,excellent,2013,181,0.84,0.80,0.89,0.63,0.77,0.57,0.64,0.87,1570.00
ART_04286,119,130,15470,0.92,pastel,pop_art,14,327,5.14,Pakistan,1,1,new,2003,177,0.99,0.89,0.59,0.75,0.65,0.72,0.72,0.67,5591.28
ART_04287,122,68,8296,1.79,watercolor,pop_art,19,193,3.44,France,0,68,new,2014,157,0.90,0.82,0.63,0.36,0.76,0.95,0.46,0.55,1468.28
ART_04288,55,87,4785,0.63,acrylic,abstract,8,83,4.89,Canada,1,1,excellent,2022,104,0.81,0.61,0.42,0.78,0.78,0.76,0.53,0.93,2384.62
ART_04289,146,49,7154,2.98,mixed_media,minimalism,4,13,3.25,Germany,1,1,new,2012,66,0.73,0.70,0.36,0.54,0.80,0.65,0.47,0.54,1445.27
ART_04290,115,80,9200,1.44,mixed_media,abstract,21,269,4.92,USA,0,53,excellent,2014,146,0.88,0.76,0.70,0.59,0.59,0.89,0.45,0.82,3353.43
ART_04291,59,110,6490,0.54,digital,portrait,11,73,4.93,India,1,1,new,2009,98,0.99,0.71,0.73,0.82,0.99,0.75,0.33,0.48,2317.92
ART_04292,148,126,18648,1.17,digital,impressionism,10,23,4.10,Italy,1,1,excellent,2001,238,0.99,0.57,0.59,0.78,0.73,0.82,0.93,0.83,5361.02
ART_04293,59,137,8083,0.43,mixed_media,abstract,21,327,5.86,UAE,1,1,fair,2019,22,0.96,0.84,0.44,0.36,0.65,0.82,0.48,0.43,3243.12
ART_04294,124,124,15376,1.00,pastel,realism,7,89,4.18,Pakistan,1,1,fair,2010,231,0.85,0.60,0.75,0.50,0.71,0.49,0.52,0.72,2512.11
ART_04295,96,121,11616,0.79,acrylic,portrait,22,15,3.77,Canada,1,1,good,1992,244,0.89,0.93,0.64,0.49,0.60,0.83,0.40,0.64,3827.82
ART_04296,61,54,3294,1.13,mixed_media,surrealism,3,84,4.86,Japan,0,24,fair,2024,128,0.89,0.52,0.56,0.69,0.94,0.87,0.69,0.75,1082.55
ART_04297,144,23,3312,6.26,oil,conceptual,20,316,5.22,Turkey,0,53,excellent,1999,165,0.99,0.63,0.66,0.94,0.63,0.70,0.75,0.86,1999.68
ART_04298,115,89,10235,1.29,charcoal,surrealism,12,60,4.55,Germany,1,1,excellent,1990,219,0.93,0.75,0.73,0.39,0.66,0.73,0.55,0.68,3091.89
ART_04299,145,139,20155,1.04,watercolor,portrait,7,46,4.85,Bangladesh,0,26,excellent,2001,166,0.85,0.72,0.48,0.76,0.91,0.99,0.33,0.87,4506.69
ART_04300,98,75,7350,1.31,watercolor,minimalism,15,6,3.33,Italy,1,1,good,2007,215,0.99,0.78,0.56,0.51,0.78,0.87,0.32,0.99,2438.23
ART_04301,121,106,12826,1.14,acrylic,landscape,13,60,4.37,Germany,1,1,good,2010,92,0.79,0.64,0.42,0.45,0.95,0.56,0.51,0.58,2752.41
ART_04302,144,145,20880,0.99,charcoal,landscape,1,6,4.93,UAE,1,1,excellent,2021,57,0.98,0.84,0.54,0.86,0.86,0.56,0.42,0.57,2437.69
ART_04303,152,137,20824,1.11,acrylic,expressionism,23,278,3.57,Turkey,1,1,good,2026,237,0.95,0.60,0.57,0.50,0.87,0.79,0.95,0.58,5974.03
ART_04304,135,42,5670,3.21,mixed_media,portrait,16,197,5.34,Germany,1,1,fair,2008,159,0.89,0.62,0.62,0.75,0.98,0.65,0.92,0.96,3037.45
ART_04305,68,77,5236,0.88,gouache,minimalism,9,293,4.42,Bangladesh,1,1,fair,1998,170,0.99,0.73,0.57,0.59,0.85,0.77,0.42,0.59,1894.63
ART_04306,44,33,1452,1.33,charcoal,realism,7,27,3.50,Canada,1,1,excellent,1994,11,0.87,0.84,0.67,0.42,0.60,0.51,0.39,0.59,460.34
ART_04307,120,141,16920,0.85,ink,realism,10,16,5.02,USA,0,27,fair,2020,99,0.99,0.79,0.71,0.85,0.87,0.65,0.51,0.79,2443.66
ART_04308,21,87,1827,0.24,gouache,abstract,10,371,4.47,Pakistan,0,28,excellent,2025,22,0.89,0.68,0.76,0.76,0.99,0.55,0.62,0.92,1075.66
ART_04309,77,97,7469,0.79,ink,conceptual,21,252,4.04,Bangladesh,1,1,excellent,1998,96,0.99,0.66,0.53,0.39,0.87,0.90,0.96,0.69,2696.73
ART_04310,48,41,1968,1.17,oil,surrealism,18,5,4.55,India,1,1,excellent,1997,24,0.95,0.59,0.62,0.69,0.74,0.71,0.83,0.86,2178.86
ART_04311,55,123,6765,0.45,gouache,landscape,11,403,4.36,Canada,1,1,good,2013,110,0.99,0.71,0.76,0.88,0.68,0.78,0.35,0.56,2441.41
ART_04312,109,77,8393,1.42,charcoal,conceptual,18,15,4.95,Bangladesh,0,84,fair,1997,111,0.99,0.55,0.41,0.43,0.70,0.72,0.51,0.95,1151.01
ART_04313,30,50,1500,0.60,watercolor,surrealism,7,252,3.90,USA,1,1,excellent,1992,25,0.99,0.92,0.77,0.47,0.71,0.69,0.41,0.52,946.18
ART_04314,72,154,11088,0.47,ink,conceptual,4,50,4.79,France,1,1,new,2006,134,0.70,0.85,0.76,0.37,0.94,0.73,0.31,0.81,2258.43
ART_04315,26,143,3718,0.18,charcoal,landscape,1,13,3.10,Germany,1,1,excellent,1997,31,0.97,0.68,0.37,0.84,0.98,0.83,0.54,0.96,1207.13
ART_04316,60,86,5160,0.70,ink,expressionism,15,4,2.89,Japan,1,1,fair,2003,167,0.83,0.89,0.36,0.61,0.87,0.87,0.92,0.44,922.16
ART_04317,157,49,7693,3.20,mixed_media,abstract,0,145,4.40,Bangladesh,1,1,good,2021,129,0.96,0.93,0.54,0.73,0.91,0.76,0.46,0.75,2941.33
ART_04318,62,75,4650,0.83,watercolor,abstract,11,15,4.84,Germany,1,1,new,2006,131,0.68,0.71,0.62,0.59,0.96,0.94,0.87,0.58,2069.13
ART_04319,140,149,20860,0.94,mixed_media,portrait,7,257,4.09,Pakistan,1,1,excellent,2021,100,0.82,0.95,0.48,0.53,0.76,0.51,0.72,0.43,4208.35
ART_04320,136,24,3264,5.67,digital,minimalism,13,148,5.28,Canada,1,1,excellent,2006,182,0.99,0.60,0.31,0.88,0.68,0.74,0.46,0.56,1384.59
ART_04321,72,121,8712,0.60,watercolor,expressionism,11,83,4.11,UK,0,25,excellent,2008,100,0.99,0.72,0.53,0.49,0.99,0.96,0.47,0.93,2355.35
ART_04322,57,156,8892,0.37,gouache,conceptual,7,310,3.99,Japan,1,1,good,1996,102,0.81,0.77,0.50,0.40,0.91,0.49,0.51,0.68,2556.39
ART_04323,27,59,1593,0.46,charcoal,landscape,4,118,4.15,France,0,71,new,2003,246,0.76,0.74,0.84,0.60,0.99,0.63,0.31,0.77,440.65
ART_04324,112,156,17472,0.72,digital,realism,4,30,3.99,Germany,1,1,good,2000,156,0.82,0.79,0.68,0.40,0.90,0.91,0.45,0.52,3148.41
ART_04325,95,49,4655,1.94,ink,expressionism,18,19,4.46,Turkey,1,1,excellent,1991,245,0.78,0.83,0.32,0.58,0.86,0.74,0.84,0.44,1525.80
ART_04326,103,118,12154,0.87,pastel,impressionism,3,374,4.39,Japan,1,1,new,2006,17,0.99,0.76,0.29,0.56,0.77,0.64,0.81,0.71,4361.19
ART_04327,126,140,17640,0.90,gouache,surrealism,12,92,4.96,Canada,0,16,new,2009,144,0.99,0.87,0.64,0.85,0.80,0.93,0.83,0.97,5391.50
ART_04328,101,94,9494,1.07,digital,abstract,1,13,3.75,Bangladesh,1,1,fair,2005,117,0.79,0.58,0.78,0.80,0.93,0.63,0.96,0.64,1595.57
ART_04329,159,135,21465,1.18,pastel,landscape,14,242,3.67,Germany,1,1,excellent,1990,181,0.99,0.84,0.73,0.91,0.68,0.72,0.38,0.84,6319.23
ART_04330,150,44,6600,3.41,watercolor,pop_art,0,224,4.83,UAE,1,1,excellent,2024,61,0.88,0.72,0.85,0.75,0.88,0.70,0.49,0.93,2601.41
ART_04331,113,124,14012,0.91,charcoal,pop_art,9,164,4.88,Canada,0,42,fair,1996,40,0.99,0.64,0.33,0.42,0.64,0.98,0.89,0.81,2501.43
ART_04332,131,132,17292,0.99,mixed_media,conceptual,11,389,4.79,Germany,1,1,good,2004,35,0.99,0.61,0.85,0.90,0.96,0.85,0.68,0.59,7051.43
ART_04333,35,80,2800,0.44,watercolor,pop_art,13,36,5.31,Canada,1,1,good,2011,147,0.90,0.76,0.55,0.47,0.95,0.81,0.76,0.48,1200.10
ART_04334,38,157,5966,0.24,pastel,impressionism,17,75,4.66,India,1,1,new,1991,141,0.99,0.64,0.72,0.36,0.82,0.76,0.48,0.97,3651.69
ART_04335,114,33,3762,3.45,digital,minimalism,19,46,3.26,Pakistan,1,1,fair,2001,85,0.99,0.93,0.55,0.37,0.83,0.59,0.52,0.45,934.26
ART_04336,49,150,7350,0.33,acrylic,conceptual,16,285,4.54,France,1,1,fair,2025,126,0.99,0.70,0.39,0.89,0.99,0.94,0.77,0.52,2797.90
ART_04337,142,132,18744,1.08,mixed_media,realism,20,7,4.77,UAE,0,8,fair,2007,70,0.71,0.59,0.67,0.58,0.99,0.50,0.56,0.46,2596.78
ART_04338,36,106,3816,0.34,ink,landscape,5,48,4.14,Canada,1,1,fair,2003,121,0.73,0.61,0.60,0.44,0.76,0.61,0.37,0.73,694.66
ART_04339,152,128,19456,1.19,acrylic,abstract,7,273,3.71,Canada,1,1,new,2010,79,0.99,0.58,0.77,0.31,0.85,0.75,0.78,0.97,6146.91
ART_04340,151,150,22650,1.01,pastel,conceptual,24,141,5.64,France,1,1,excellent,1991,73,0.99,0.72,0.81,0.76,0.99,0.51,0.86,0.79,6905.21
ART_04341,87,103,8961,0.84,gouache,landscape,5,405,4.48,France,1,1,new,2012,233,0.99,0.78,0.57,0.43,0.88,0.93,0.65,0.73,3351.61
ART_04342,76,121,9196,0.63,charcoal,surrealism,17,246,3.94,Pakistan,1,1,fair,2013,118,0.99,0.80,0.76,0.40,0.63,0.81,0.66,0.66,2385.70
ART_04343,124,116,14384,1.07,digital,minimalism,17,128,4.97,USA,0,65,good,2008,166,0.99,0.70,0.54,0.81,0.87,0.70,0.61,0.84,2351.69
ART_04344,59,156,9204,0.38,acrylic,realism,13,124,4.25,Canada,0,57,good,2004,74,0.98,0.56,0.74,0.79,0.74,0.83,0.52,0.65,2201.20
ART_04345,51,46,2346,1.11,pastel,expressionism,14,70,5.13,Pakistan,1,1,good,2025,106,0.99,0.74,0.37,0.84,0.71,0.85,0.46,0.79,1060.15
ART_04346,122,54,6588,2.26,pastel,pop_art,2,62,3.20,UAE,1,1,new,2005,167,0.87,0.75,0.89,0.38,0.91,0.90,0.33,0.63,1347.83
ART_04347,30,109,3270,0.28,pastel,minimalism,4,27,4.09,India,0,64,excellent,2012,49,0.72,0.61,0.60,0.52,0.62,0.89,0.83,0.58,428.66
ART_04348,99,98,9702,1.01,acrylic,pop_art,23,52,4.37,France,1,1,new,2008,133,0.99,0.76,0.65,0.52,0.82,0.86,0.81,0.93,5240.61
ART_04349,58,27,1566,2.15,pastel,abstract,12,244,5.24,Pakistan,1,1,excellent,2013,162,0.99,0.85,0.54,0.54,0.76,0.82,0.89,0.86,1712.34
ART_04350,112,28,3136,4.00,watercolor,impressionism,18,3,3.19,Pakistan,0,38,fair,2004,63,0.99,0.71,0.40,0.77,0.70,0.55,0.61,0.42,584.16
ART_04351,83,59,4897,1.41,gouache,landscape,19,1,4.42,Japan,0,73,fair,1997,234,0.64,0.67,0.37,0.66,0.65,0.62,0.69,0.45,667.46
ART_04352,47,90,4230,0.52,digital,abstract,11,9,4.94,USA,1,1,excellent,1998,163,0.81,0.61,0.83,0.32,0.73,0.94,0.49,0.97,2282.34
ART_04353,87,148,12876,0.59,oil,portrait,15,43,4.35,Japan,1,1,excellent,1996,157,0.99,0.67,0.44,0.91,0.80,0.77,0.95,0.47,5280.91
ART_04354,95,48,4560,1.98,acrylic,landscape,7,5,4.35,India,0,40,good,2016,187,0.91,0.53,0.43,0.57,0.85,0.68,0.89,0.72,1377.80
ART_04355,87,146,12702,0.60,charcoal,realism,20,264,4.77,UK,0,72,fair,2019,144,0.86,0.76,0.76,0.30,0.82,0.95,0.79,0.97,2498.58
ART_04356,157,138,21666,1.14,pastel,landscape,5,348,5.31,UK,1,1,excellent,1994,95,0.94,0.64,0.45,0.69,0.67,0.70,0.77,0.55,6095.78
ART_04357,51,110,5610,0.46,gouache,pop_art,23,83,4.25,Germany,1,1,new,2025,129,0.99,0.84,0.41,0.78,0.73,0.53,0.67,0.72,2259.40
ART_04358,117,54,6318,2.17,pastel,minimalism,10,134,4.45,UAE,1,1,good,2018,74,0.99,0.71,0.85,0.31,0.58,0.86,0.39,0.68,1588.40
ART_04359,60,145,8700,0.41,ink,landscape,21,306,5.99,Canada,1,1,new,2017,225,0.99,0.66,0.74,0.73,0.94,0.85,0.67,0.57,4038.00
ART_04360,127,125,15875,1.02,watercolor,pop_art,13,285,4.22,Canada,1,1,good,2006,92,0.99,0.80,0.38,0.85,0.59,0.89,0.85,0.51,4180.59
ART_04361,38,81,3078,0.47,gouache,landscape,16,407,3.55,USA,1,1,good,2013,159,0.93,0.62,0.42,0.46,0.58,0.85,0.41,0.76,1334.85
ART_04362,53,90,4770,0.59,charcoal,landscape,24,290,3.90,USA,1,1,good,1992,135,0.99,0.58,0.51,0.31,0.60,0.54,0.96,0.77,1858.64
ART_04363,34,55,1870,0.62,watercolor,expressionism,9,12,3.46,Japan,1,1,fair,2002,11,0.65,0.71,0.35,0.79,0.87,0.74,0.89,0.55,482.41
ART_04364,149,129,19221,1.16,watercolor,portrait,25,286,4.53,USA,0,49,new,2010,78,0.99,0.50,0.55,0.53,0.57,0.99,0.93,0.86,4620.78
ART_04365,78,67,5226,1.16,pastel,abstract,9,24,4.22,UK,1,1,new,2006,95,0.84,0.60,0.52,0.62,0.95,0.77,0.69,0.75,1847.28
ART_04366,66,106,6996,0.62,acrylic,impressionism,20,392,3.58,Pakistan,0,26,fair,2017,145,0.88,0.70,0.43,0.45,0.66,0.81,0.65,0.58,1849.00
ART_04367,142,101,14342,1.41,watercolor,realism,0,19,3.63,Turkey,1,1,excellent,1997,51,0.92,0.96,0.68,0.38,0.99,0.58,0.66,0.87,3704.77
ART_04368,27,131,3537,0.21,digital,impressionism,9,85,4.53,Japan,0,14,fair,1995,237,0.85,0.54,0.55,0.40,0.55,0.97,0.82,0.83,1048.94
ART_04369,48,64,3072,0.75,charcoal,minimalism,3,83,3.62,Bangladesh,1,1,fair,2007,94,0.81,0.85,0.81,0.48,0.72,0.68,0.63,0.78,657.07
ART_04370,133,61,8113,2.18,pastel,expressionism,0,147,3.51,France,1,1,new,2016,62,0.99,0.68,0.47,0.37,0.70,0.62,0.87,0.41,1684.98
ART_04371,82,24,1968,3.42,watercolor,landscape,24,66,4.89,Germany,1,1,excellent,2025,212,0.99,0.87,0.67,0.90,0.89,0.74,0.48,0.76,1455.21
ART_04372,89,92,8188,0.97,watercolor,impressionism,21,15,4.81,UAE,1,1,good,2001,162,0.88,0.87,0.82,0.78,0.64,0.69,0.34,0.75,3092.24
ART_04373,150,116,17400,1.29,pastel,realism,1,0,4.32,Turkey,1,1,good,2014,37,0.70,0.74,0.82,0.83,0.90,0.79,0.62,0.81,2853.58
ART_04374,84,42,3528,2.00,oil,surrealism,25,403,4.20,Germany,1,1,new,2023,110,0.99,0.89,0.32,0.35,0.70,0.50,0.76,0.53,2751.28
ART_04375,124,121,15004,1.02,oil,impressionism,6,272,4.79,Pakistan,1,1,fair,2011,9,0.91,0.63,0.47,0.66,0.99,0.76,0.86,0.54,4885.82
ART_04376,30,60,1800,0.50,gouache,portrait,17,74,5.30,Turkey,1,1,new,2009,56,0.97,0.94,0.52,0.89,0.57,0.72,0.52,0.96,1173.74
ART_04377,51,144,7344,0.35,gouache,realism,24,418,4.60,USA,1,1,excellent,2010,87,0.99,0.91,0.66,0.46,0.77,0.96,0.65,0.45,2967.86
ART_04378,22,106,2332,0.21,gouache,expressionism,12,48,4.88,Italy,1,1,new,2023,68,0.99,0.87,0.40,0.31,0.72,0.75,0.34,0.54,907.87
ART_04379,59,98,5782,0.60,gouache,portrait,6,347,5.30,UAE,1,1,excellent,1998,85,0.99,0.86,0.69,0.68,0.97,0.73,0.86,0.75,3804.19
ART_04380,143,110,15730,1.30,ink,minimalism,16,0,4.75,UAE,1,1,excellent,2017,134,0.96,0.76,0.28,0.69,0.59,0.70,0.59,0.53,2563.61
ART_04381,22,155,3410,0.14,acrylic,conceptual,6,158,4.41,Turkey,1,1,good,2011,235,0.75,0.72,0.89,0.84,0.76,0.88,0.41,0.98,2107.51
ART_04382,67,156,10452,0.43,acrylic,landscape,1,298,5.19,Germany,1,1,fair,1997,38,0.96,0.57,0.43,0.59,0.74,0.79,0.43,0.44,2196.08
ART_04383,96,46,4416,2.09,mixed_media,abstract,5,259,5.17,India,1,1,fair,2019,39,0.99,0.76,0.30,0.43,0.60,0.75,0.43,0.69,2027.79
ART_04384,44,154,6776,0.29,ink,abstract,22,28,3.92,Canada,0,21,fair,2000,239,0.86,0.48,0.63,0.77,0.87,0.78,0.80,0.86,1360.41
ART_04385,67,100,6700,0.67,acrylic,landscape,9,257,4.64,UAE,1,1,excellent,2022,135,0.85,0.88,0.55,0.39,0.89,0.57,0.25,0.54,2223.97
ART_04386,159,52,8268,3.06,gouache,landscape,24,22,3.08,Turkey,0,52,new,2016,134,0.99,0.50,0.88,0.40,0.80,0.69,0.31,0.78,1257.42
ART_04387,32,130,4160,0.25,charcoal,abstract,18,378,4.59,Canada,1,1,good,2007,80,0.88,0.87,0.63,0.72,0.66,0.99,0.90,0.68,1944.40
ART_04388,20,74,1480,0.27,watercolor,abstract,0,202,4.34,USA,0,21,fair,2017,17,0.99,0.61,0.68,0.65,0.87,0.71,0.65,0.73,463.32
ART_04389,107,89,9523,1.20,digital,expressionism,8,36,2.79,France,1,1,fair,1999,128,0.99,0.80,0.49,0.82,0.85,0.78,0.31,0.45,1262.73
ART_04390,121,61,7381,1.98,pastel,minimalism,3,318,4.42,Germany,0,53,good,2000,157,0.96,0.76,0.71,0.59,0.85,0.72,0.36,0.94,2090.47
ART_04391,65,26,1690,2.50,charcoal,minimalism,25,60,4.28,UAE,1,1,fair,1996,62,0.99,0.77,0.43,0.76,0.86,0.99,0.35,0.48,719.70
ART_04392,60,148,8880,0.41,gouache,impressionism,25,56,5.10,Canada,1,1,good,2007,218,0.99,0.67,0.36,0.44,0.67,0.97,0.71,0.51,3296.85
ART_04393,49,94,4606,0.52,digital,expressionism,14,142,3.37,UK,1,1,fair,1996,128,0.99,0.95,0.80,0.63,0.83,0.99,0.81,0.46,1392.64
ART_04394,54,122,6588,0.44,digital,pop_art,1,15,4.05,Turkey,1,1,new,1991,25,0.92,0.84,0.64,0.37,0.96,0.67,0.94,0.66,2146.25
ART_04395,54,23,1242,2.35,charcoal,impressionism,5,262,4.80,Pakistan,1,1,good,2005,37,0.98,0.66,0.72,0.70,0.75,0.95,0.63,0.89,854.87
ART_04396,86,72,6192,1.19,gouache,pop_art,13,30,5.00,India,1,1,excellent,2012,207,0.99,0.86,0.68,0.32,0.60,0.82,0.59,0.94,2435.93
ART_04397,31,77,2387,0.40,oil,pop_art,7,19,3.21,USA,1,1,excellent,1999,242,0.72,0.80,0.43,0.94,0.99,0.49,0.67,0.97,1684.53
ART_04398,121,84,10164,1.44,mixed_media,portrait,22,2,4.63,UAE,1,1,fair,2022,41,0.79,0.79,0.40,0.72,0.91,0.71,0.58,0.55,2411.24
ART_04399,154,143,22022,1.08,oil,abstract,20,315,5.33,Canada,1,1,new,2022,206,0.94,0.87,0.51,0.32,0.91,0.56,0.65,0.84,11512.70
ART_04400,69,74,5106,0.93,gouache,impressionism,5,378,3.70,Bangladesh,1,1,excellent,2001,198,0.99,0.82,0.38,0.87,0.85,0.95,0.46,0.42,1899.53
ART_04401,156,53,8268,2.94,pastel,expressionism,17,20,3.18,USA,1,1,new,2016,247,0.74,0.61,0.85,0.50,0.78,0.69,0.44,0.65,1602.87
ART_04402,25,60,1500,0.42,ink,realism,8,126,3.78,India,0,63,new,1993,204,0.99,0.68,0.75,0.88,0.73,0.87,0.86,0.92,720.80
ART_04403,32,100,3200,0.32,gouache,expressionism,0,217,4.28,India,1,1,good,1999,26,0.92,0.64,0.81,0.44,0.61,0.88,0.67,0.53,1135.78
ART_04404,141,134,18894,1.05,charcoal,landscape,4,0,3.70,UAE,1,1,new,1993,91,0.60,0.70,0.45,0.67,0.81,0.96,0.70,0.54,2104.78
ART_04405,70,113,7910,0.62,oil,expressionism,10,288,4.92,USA,1,1,fair,2000,52,0.99,0.80,0.43,0.86,0.75,0.95,0.94,0.49,3996.82
ART_04406,148,48,7104,3.08,pastel,minimalism,2,6,4.10,Bangladesh,0,44,fair,1999,72,0.96,0.85,0.62,0.87,0.88,0.96,0.76,0.76,956.92
ART_04407,146,90,13140,1.62,watercolor,portrait,10,31,3.03,Canada,1,1,excellent,2000,88,0.98,0.80,0.80,0.79,0.91,0.54,0.95,0.97,3389.81
ART_04408,78,137,10686,0.57,pastel,realism,22,36,4.24,Bangladesh,1,1,excellent,1998,116,0.99,0.62,0.86,0.43,0.82,0.80,0.69,0.87,4436.19
ART_04409,156,59,9204,2.64,pastel,abstract,3,28,3.82,Japan,0,64,new,1991,224,0.78,0.87,0.29,0.42,0.67,0.85,0.56,0.92,1740.95
ART_04410,103,109,11227,0.94,mixed_media,expressionism,19,1,3.90,Japan,1,1,fair,2007,217,0.71,0.77,0.61,0.68,0.72,0.80,0.43,0.75,2892.32
ART_04411,121,24,2904,5.04,acrylic,minimalism,2,205,3.19,USA,1,1,good,2015,204,0.88,0.57,0.77,0.38,0.70,0.53,0.65,0.88,1054.21
ART_04412,151,147,22197,1.03,mixed_media,surrealism,6,40,3.09,Turkey,1,1,excellent,2003,243,0.99,0.72,0.43,0.40,0.99,0.98,0.38,0.85,7453.15
ART_04413,141,99,13959,1.42,watercolor,surrealism,14,67,4.72,India,1,1,new,2019,47,0.76,0.68,0.32,0.93,0.82,0.63,0.72,0.65,3841.29
ART_04414,129,23,2967,5.61,mixed_media,minimalism,17,78,4.36,India,0,48,excellent,2013,188,0.99,0.48,0.33,0.74,0.82,0.97,0.53,0.82,1237.45
ART_04415,101,64,6464,1.58,acrylic,pop_art,19,0,5.42,USA,1,1,new,2018,164,0.66,0.88,0.82,0.79,0.98,0.50,0.54,0.54,2742.02
ART_04416,43,146,6278,0.29,charcoal,minimalism,2,139,5.00,Germany,1,1,new,2019,18,0.86,0.58,0.75,0.91,0.80,0.81,0.66,0.57,1601.72
ART_04417,156,29,4524,5.38,watercolor,landscape,21,135,4.19,UAE,1,1,fair,2013,90,0.86,0.64,0.58,0.64,0.94,0.53,0.56,0.51,1084.28
ART_04418,68,97,6596,0.70,gouache,abstract,16,116,4.37,Turkey,0,8,new,2016,60,0.97,0.81,0.31,0.62,0.76,0.74,0.51,0.46,1881.67
ART_04419,58,29,1682,2.00,acrylic,pop_art,17,357,4.75,Japan,0,73,good,2009,46,0.97,0.70,0.66,0.86,0.75,0.83,0.84,0.65,873.37
ART_04420,117,52,6084,2.25,pastel,surrealism,0,228,5.26,Pakistan,1,1,excellent,2021,62,0.76,0.67,0.33,0.94,0.89,0.77,0.90,0.77,2435.61
ART_04421,133,96,12768,1.39,gouache,impressionism,14,23,4.84,Canada,1,1,fair,2009,94,0.99,0.73,0.67,0.46,0.58,0.52,0.34,0.45,2069.12
ART_04422,60,159,9540,0.38,acrylic,minimalism,1,18,4.01,Canada,1,1,excellent,1990,24,0.90,0.72,0.86,0.71,0.96,0.72,0.92,0.81,2952.10
ART_04423,128,33,4224,3.88,watercolor,impressionism,15,8,3.34,USA,1,1,good,2001,118,0.82,0.61,0.29,0.46,0.60,0.74,0.45,0.71,1424.50
ART_04424,147,53,7791,2.77,gouache,realism,4,50,4.83,India,1,1,new,2000,114,0.99,0.94,0.42,0.85,0.58,0.90,0.95,0.57,2651.94
ART_04425,97,23,2231,4.22,digital,abstract,0,47,4.12,Japan,1,1,new,2018,187,0.88,0.73,0.37,0.72,0.82,0.63,0.47,0.92,992.38
ART_04426,122,99,12078,1.23,gouache,landscape,3,72,3.54,Pakistan,1,1,new,2017,152,0.84,0.84,0.73,0.65,0.84,0.87,0.40,0.54,1874.35
ART_04427,85,55,4675,1.55,charcoal,minimalism,4,67,2.77,Japan,1,1,fair,2001,66,0.68,0.93,0.82,0.87,0.76,0.73,0.48,0.97,1062.99
ART_04428,122,133,16226,0.92,gouache,pop_art,7,86,4.35,France,1,1,new,2021,226,0.72,0.60,0.69,0.90,0.64,0.92,0.37,0.66,2336.24
ART_04429,72,135,9720,0.53,ink,abstract,8,58,4.91,UK,1,1,good,2014,203,0.88,0.58,0.45,0.48,0.74,0.68,0.82,0.96,3145.77
ART_04430,38,93,3534,0.41,gouache,realism,7,50,4.11,USA,1,1,new,1993,113,0.99,0.93,0.45,0.58,0.83,0.63,0.72,0.99,2132.30
ART_04431,48,121,5808,0.40,oil,pop_art,18,120,5.49,Turkey,1,1,excellent,1996,14,0.99,0.88,0.82,0.60,0.78,0.67,0.80,0.67,4417.14
ART_04432,47,114,5358,0.41,charcoal,realism,8,362,4.81,Turkey,0,60,excellent,2014,216,0.99,0.87,0.48,0.73,0.73,0.75,0.30,0.94,1931.23
ART_04433,48,63,3024,0.76,watercolor,surrealism,3,106,4.96,UK,1,1,fair,2017,169,0.69,0.66,0.38,0.63,0.52,0.58,0.91,0.46,841.38
ART_04434,109,47,5123,2.32,acrylic,impressionism,7,114,5.14,UAE,0,43,excellent,2004,81,0.99,0.78,0.82,0.60,0.67,0.82,0.65,0.83,1828.03
ART_04435,122,45,5490,2.71,charcoal,realism,8,231,5.14,Bangladesh,1,1,good,2011,116,0.99,0.91,0.89,0.72,0.92,0.61,0.58,0.64,2492.73
ART_04436,78,26,2028,3.00,pastel,abstract,1,136,4.44,USA,1,1,good,2005,164,0.99,0.80,0.90,0.33,0.58,0.97,0.50,0.88,1185.39
ART_04437,128,133,17024,0.96,oil,minimalism,16,104,5.53,Japan,1,1,new,1994,137,0.84,0.70,0.88,0.80,0.91,0.95,0.72,0.53,7509.52
ART_04438,66,71,4686,0.93,ink,expressionism,11,360,5.67,India,1,1,excellent,2003,238,0.99,0.95,0.82,0.48,0.69,0.65,0.45,0.88,3026.33
ART_04439,30,57,1710,0.53,charcoal,pop_art,9,63,3.82,Germany,1,1,fair,1994,47,0.99,0.75,0.78,0.52,0.68,0.83,0.66,0.48,535.48
ART_04440,126,151,19026,0.83,charcoal,pop_art,12,229,3.90,Bangladesh,0,61,fair,2007,134,0.99,0.50,0.40,0.68,0.96,0.61,0.42,0.93,2280.63
ART_04441,153,28,4284,5.46,oil,abstract,7,70,4.88,Turkey,1,1,fair,2010,190,0.79,0.78,0.31,0.75,0.79,0.54,0.76,0.76,2035.77
ART_04442,63,77,4851,0.82,oil,landscape,16,144,3.81,USA,1,1,fair,2015,78,0.99,0.57,0.30,0.72,0.63,0.97,0.57,0.54,1720.01
ART_04443,134,84,11256,1.60,mixed_media,surrealism,17,42,4.45,Italy,1,1,good,1995,246,0.99,0.71,0.45,0.53,0.99,0.70,0.49,0.92,6425.62
ART_04444,73,79,5767,0.92,ink,abstract,0,10,3.06,Canada,1,1,new,2023,233,0.79,0.88,0.33,0.83,0.56,0.55,0.61,0.78,1094.49
ART_04445,80,38,3040,2.11,gouache,landscape,12,6,4.61,Bangladesh,1,1,good,2022,110,0.65,0.78,0.49,0.71,0.80,0.78,0.44,0.54,855.08
ART_04446,44,139,6116,0.32,oil,surrealism,19,270,4.05,Canada,1,1,excellent,1996,153,0.99,0.78,0.84,0.30,0.67,0.66,0.59,0.86,5622.63
ART_04447,145,105,15225,1.38,acrylic,conceptual,18,1,5.42,Japan,1,1,excellent,2016,239,0.90,0.90,0.89,0.80,0.66,0.70,0.91,0.55,5720.39
ART_04448,50,52,2600,0.96,charcoal,surrealism,1,12,4.43,Turkey,1,1,good,2025,8,0.87,0.95,0.76,0.33,0.64,0.51,0.92,0.58,632.16
ART_04449,62,39,2418,1.59,oil,landscape,23,70,3.15,Pakistan,1,1,new,2023,236,0.99,0.71,0.85,0.43,0.83,0.96,0.30,0.88,2200.90
ART_04450,157,106,16642,1.48,digital,expressionism,3,92,3.03,Italy,0,67,good,2003,217,0.98,0.74,0.35,0.58,0.62,0.86,0.47,0.91,1860.47
ART_04451,24,37,888,0.65,digital,landscape,15,46,4.76,UK,0,34,new,1994,17,0.83,0.58,0.68,0.44,0.80,0.97,0.52,0.85,517.88
ART_04452,141,114,16074,1.24,watercolor,surrealism,11,288,4.06,Japan,1,1,excellent,2010,97,0.91,0.88,0.89,0.56,0.99,0.54,0.39,0.99,6208.90
ART_04453,48,28,1344,1.71,ink,conceptual,10,9,4.22,Italy,1,1,excellent,2019,115,0.87,0.72,0.61,0.50,0.60,0.85,0.65,0.96,538.93
ART_04454,49,117,5733,0.42,charcoal,minimalism,5,218,5.17,Turkey,1,1,excellent,2001,123,0.99,0.67,0.54,0.51,0.86,0.96,0.51,0.57,1864.21
ART_04455,98,151,14798,0.65,charcoal,realism,25,46,5.49,Germany,1,1,fair,2016,158,0.84,0.76,0.60,0.62,0.98,0.71,0.69,0.69,3746.02
ART_04456,132,133,17556,0.99,acrylic,abstract,17,244,4.83,France,0,28,good,2016,221,0.99,0.78,0.35,0.81,0.79,0.91,0.26,0.72,5302.98
ART_04457,113,74,8362,1.53,ink,portrait,0,21,4.86,Japan,1,1,good,1994,196,0.80,0.79,0.39,0.51,0.57,0.70,0.37,0.45,1434.14
ART_04458,112,113,12656,0.99,pastel,minimalism,9,162,3.01,UAE,1,1,new,1990,58,0.99,0.76,0.80,0.63,0.90,0.75,0.86,0.88,3071.26
ART_04459,26,155,4030,0.17,acrylic,expressionism,15,105,5.15,UAE,0,71,excellent,1998,67,0.99,0.84,0.74,0.89,0.56,0.63,0.36,0.54,1235.24
ART_04460,78,76,5928,1.03,charcoal,abstract,23,82,5.34,Italy,1,1,fair,1993,178,0.91,0.59,0.32,0.75,0.99,0.97,0.76,0.43,2223.04
ART_04461,97,80,7760,1.21,ink,surrealism,16,181,3.94,India,1,1,good,2008,67,0.90,0.58,0.30,0.43,0.93,0.57,0.51,0.78,1950.24
ART_04462,132,55,7260,2.40,watercolor,minimalism,13,28,4.69,Italy,1,1,excellent,1996,17,0.76,0.69,0.73,0.88,0.95,0.86,0.65,0.66,2491.99
ART_04463,23,55,1265,0.42,gouache,expressionism,20,107,5.09,UAE,1,1,fair,2025,143,0.84,0.71,0.75,0.71,0.82,0.78,0.34,0.51,622.45
ART_04464,129,102,13158,1.26,ink,impressionism,0,41,2.93,Bangladesh,1,1,fair,2007,8,0.68,0.59,0.64,0.91,0.78,0.78,0.42,0.49,956.59
ART_04465,66,145,9570,0.46,digital,portrait,3,37,3.22,India,0,64,good,1998,56,0.99,0.78,0.62,0.91,0.75,0.99,0.28,0.53,994.90
ART_04466,102,77,7854,1.32,mixed_media,surrealism,18,18,5.04,Japan,1,1,fair,2026,81,0.77,0.76,0.51,0.70,0.63,0.98,0.71,0.78,2592.10
ART_04467,103,148,15244,0.70,acrylic,abstract,24,67,4.76,UK,1,1,good,1997,234,0.99,0.71,0.41,0.83,0.91,0.50,0.44,0.99,7117.55
ART_04468,138,151,20838,0.91,oil,conceptual,3,314,3.70,Canada,1,1,new,2015,35,0.95,0.77,0.30,0.41,0.77,0.94,0.93,0.63,5985.54
ART_04469,67,78,5226,0.86,watercolor,pop_art,18,305,5.69,Italy,1,1,good,1992,233,0.86,0.75,0.62,0.72,0.63,0.76,0.61,0.41,2615.48
ART_04470,118,76,8968,1.55,digital,pop_art,1,8,3.87,USA,1,1,fair,2022,206,0.88,0.90,0.82,0.38,0.72,0.74,0.92,0.47,1183.28
ART_04471,130,157,20410,0.83,charcoal,landscape,0,372,3.85,France,1,1,excellent,2015,164,0.73,0.63,0.36,0.74,0.86,0.92,0.81,0.43,3268.36
ART_04472,110,71,7810,1.55,digital,surrealism,19,182,4.48,Germany,1,1,good,2003,181,0.99,0.79,0.32,0.77,0.99,0.80,0.40,0.92,3502.07
ART_04473,81,47,3807,1.72,watercolor,impressionism,15,0,3.50,India,1,1,new,2019,196,0.89,0.87,0.77,0.87,0.60,0.63,0.74,0.55,1301.70
ART_04474,98,46,4508,2.13,mixed_media,minimalism,17,384,3.98,UK,1,1,fair,2004,59,0.97,0.92,0.88,0.70,0.74,0.96,0.81,0.74,2552.70
ART_04475,52,95,4940,0.55,acrylic,landscape,4,176,5.15,USA,1,1,good,1990,151,0.74,0.67,0.36,0.76,0.96,0.76,0.82,0.72,2788.96
ART_04476,119,113,13447,1.05,watercolor,conceptual,23,316,5.52,Italy,1,1,excellent,2013,154,0.90,0.58,0.45,0.48,0.64,0.85,0.44,0.57,3874.05
ART_04477,59,144,8496,0.41,ink,minimalism,17,2,3.50,Pakistan,1,1,good,2002,231,0.86,0.88,0.73,0.84,0.73,0.90,0.68,0.46,1814.77
ART_04478,111,29,3219,3.83,charcoal,pop_art,13,228,4.61,USA,1,1,good,2000,152,0.99,0.79,0.40,0.53,0.78,0.53,0.90,0.78,1541.32
ART_04479,72,89,6408,0.81,acrylic,realism,19,131,3.78,UAE,1,1,good,2020,82,0.93,0.73,0.83,0.55,0.84,0.60,0.94,0.79,2618.07
ART_04480,83,21,1743,3.95,acrylic,conceptual,25,33,3.78,USA,0,37,excellent,2021,162,0.99,0.83,0.51,0.60,0.56,0.77,0.67,0.53,726.66
ART_04481,30,55,1650,0.55,pastel,impressionism,2,325,3.71,Pakistan,1,1,fair,2009,111,0.82,0.58,0.46,0.48,0.99,0.76,0.50,0.43,676.25
ART_04482,20,129,2580,0.16,digital,abstract,1,161,5.17,Bangladesh,1,1,new,2002,160,0.86,0.62,0.78,0.38,0.60,0.56,0.94,0.75,1153.12
ART_04483,134,119,15946,1.13,mixed_media,abstract,7,31,3.33,Canada,1,1,new,2006,67,0.99,0.74,0.87,0.83,0.95,0.99,0.54,0.51,3504.82
ART_04484,101,75,7575,1.35,charcoal,realism,19,318,4.92,UAE,1,1,new,1999,188,0.97,0.61,0.53,0.87,0.78,0.89,0.51,0.78,3234.46
ART_04485,87,79,6873,1.10,gouache,pop_art,2,78,3.42,Turkey,0,51,new,2021,153,0.91,0.55,0.64,0.59,0.79,0.66,0.37,0.47,699.60
ART_04486,95,87,8265,1.09,watercolor,expressionism,19,88,5.12,Italy,1,1,good,2002,231,0.99,0.77,0.42,0.33,0.88,0.55,0.43,0.99,4415.39
ART_04487,74,160,11840,0.46,ink,surrealism,1,103,3.60,Germany,0,14,good,2017,54,0.83,0.47,0.47,0.66,0.67,0.93,0.55,0.46,1333.39
ART_04488,117,147,17199,0.80,pastel,realism,10,9,2.82,Germany,1,1,fair,1994,50,0.89,0.69,0.81,0.56,0.87,0.81,0.52,0.45,2008.21
ART_04489,137,120,16440,1.14,oil,portrait,19,308,3.62,India,1,1,new,1990,166,0.99,0.67,0.30,0.50,0.99,0.66,0.78,0.51,7207.45
ART_04490,29,54,1566,0.54,digital,portrait,17,108,4.00,Japan,1,1,new,1995,173,0.99,0.75,0.38,0.91,0.99,0.62,0.28,0.47,901.37
ART_04491,152,110,16720,1.38,oil,portrait,1,200,4.06,Turkey,1,1,new,2002,54,0.99,0.95,0.72,0.41,0.73,0.99,0.26,0.86,6367.64
ART_04492,105,107,11235,0.98,pastel,surrealism,25,381,4.99,Bangladesh,0,15,excellent,1997,212,0.93,0.55,0.88,0.80,0.95,0.57,0.55,0.62,4137.72
ART_04493,74,95,7030,0.78,acrylic,pop_art,23,277,4.21,Pakistan,0,17,excellent,2010,43,0.99,0.54,0.53,0.86,0.73,0.57,0.40,0.56,2429.27
ART_04494,59,145,8555,0.41,oil,realism,13,369,3.61,USA,1,1,excellent,2016,121,0.99,0.59,0.30,0.80,0.99,0.52,0.87,0.86,4752.87
ART_04495,147,75,11025,1.96,ink,minimalism,23,267,3.97,France,0,37,excellent,2017,234,0.91,0.83,0.50,0.62,0.66,0.64,0.38,0.72,1774.99
ART_04496,51,78,3978,0.65,oil,expressionism,2,76,3.70,Germany,1,1,good,2010,45,0.92,0.59,0.35,0.53,0.82,0.98,0.96,0.45,1542.00
ART_04497,85,25,2125,3.40,watercolor,minimalism,23,191,4.00,USA,0,31,excellent,2016,232,0.99,0.53,0.72,0.86,0.72,0.94,0.75,0.45,943.78
ART_04498,48,155,7440,0.31,charcoal,surrealism,13,231,4.73,France,1,1,excellent,1992,248,0.92,0.73,0.68,0.43,0.67,0.98,0.65,0.47,2920.98
ART_04499,81,136,11016,0.60,acrylic,realism,17,211,5.19,Bangladesh,0,51,good,2023,104,0.86,0.53,0.78,0.89,0.85,0.60,0.44,0.79,2283.79
ART_04500,70,39,2730,1.79,ink,portrait,20,227,3.53,Canada,1,1,fair,2006,74,0.99,0.57,0.66,0.59,0.66,0.75,0.51,0.44,849.79
ART_04501,155,108,16740,1.44,charcoal,portrait,4,338,4.57,France,1,1,new,2016,177,0.97,0.62,0.44,0.81,0.90,0.50,0.51,0.89,4135.92
ART_04502,51,140,7140,0.36,oil,landscape,6,249,4.34,Turkey,1,1,good,2017,174,0.99,0.86,0.77,0.86,0.68,0.96,0.54,0.41,2936.95
ART_04503,126,79,9954,1.59,acrylic,conceptual,15,33,4.47,USA,0,84,excellent,1997,78,0.97,0.81,0.36,0.51,0.56,0.87,0.46,0.73,1961.04
ART_04504,133,113,15029,1.18,pastel,minimalism,2,372,3.31,UK,0,44,new,2026,97,0.99,0.63,0.54,0.89,0.86,0.74,0.72,0.75,2579.02
ART_04505,30,120,3600,0.25,watercolor,pop_art,6,125,4.71,Bangladesh,1,1,good,2011,224,0.95,0.88,0.85,0.77,0.71,0.53,0.25,0.61,1342.40
ART_04506,127,124,15748,1.02,pastel,pop_art,22,130,4.69,Turkey,0,53,good,2000,228,0.99,0.58,0.81,0.50,0.83,0.85,0.26,0.44,2142.89
ART_04507,133,37,4921,3.59,mixed_media,portrait,17,216,4.04,UAE,1,1,new,2010,189,0.94,0.64,0.54,0.72,0.99,0.68,0.35,0.53,2143.34
ART_04508,24,22,528,1.09,pastel,minimalism,12,378,5.60,Japan,0,31,excellent,1998,164,0.99,0.77,0.35,0.72,0.90,0.54,0.60,0.54,476.54
ART_04509,124,128,15872,0.97,ink,impressionism,19,109,5.45,Japan,1,1,fair,2004,239,0.99,0.63,0.52,0.64,0.67,0.83,0.38,0.77,3777.03
ART_04510,65,30,1950,2.17,gouache,abstract,18,232,3.53,UAE,1,1,good,2000,131,0.99,0.90,0.79,0.39,0.87,0.59,0.34,0.62,1146.49
ART_04511,108,135,14580,0.80,digital,realism,4,300,3.57,UK,1,1,good,2018,43,0.76,0.62,0.74,0.86,0.52,0.60,0.83,0.73,2843.32
ART_04512,31,75,2325,0.41,watercolor,impressionism,2,123,3.55,Bangladesh,1,1,new,1993,201,0.73,0.77,0.72,0.41,0.56,0.76,0.27,0.65,807.77
ART_04513,74,37,2738,2.00,pastel,realism,17,230,5.35,Pakistan,1,1,good,2007,18,0.99,0.80,0.52,0.48,0.69,0.88,0.47,0.42,1306.94
ART_04514,33,59,1947,0.56,charcoal,pop_art,23,24,3.74,Turkey,1,1,new,1991,47,0.99,0.59,0.79,0.57,0.96,0.77,0.59,0.57,948.76
ART_04515,56,74,4144,0.76,watercolor,minimalism,11,64,2.90,Turkey,0,44,good,2007,231,0.99,0.81,0.86,0.40,0.84,0.85,0.48,0.53,880.70
ART_04516,48,107,5136,0.45,acrylic,portrait,22,246,4.71,Japan,1,1,good,2008,205,0.99,0.70,0.41,0.67,0.98,0.53,0.45,0.43,2852.62
ART_04517,132,87,11484,1.52,pastel,pop_art,2,5,3.47,Canada,1,1,excellent,1990,158,0.87,0.70,0.34,0.67,0.88,0.82,0.35,0.84,2749.67
ART_04518,111,126,13986,0.88,watercolor,expressionism,4,173,4.18,Japan,1,1,good,1993,148,0.84,0.85,0.73,0.63,0.61,0.64,0.71,0.68,3615.62
ART_04519,41,46,1886,0.89,charcoal,expressionism,19,84,5.48,Germany,1,1,good,1995,129,0.93,0.62,0.65,0.90,0.99,0.77,0.65,0.98,1346.71
ART_04520,74,38,2812,1.95,charcoal,pop_art,10,36,2.86,USA,1,1,excellent,2004,156,0.92,0.59,0.86,0.44,0.78,0.97,0.38,0.82,980.00
ART_04521,150,99,14850,1.52,watercolor,conceptual,10,54,3.84,India,1,1,good,2006,145,0.73,0.88,0.63,0.44,0.83,0.67,0.55,0.56,2845.65
ART_04522,131,152,19912,0.86,pastel,impressionism,16,311,5.55,USA,1,1,new,2013,148,0.98,0.71,0.72,0.79,0.88,0.99,0.68,0.74,8102.77
ART_04523,106,112,11872,0.95,mixed_media,realism,16,174,4.82,USA,0,9,new,2017,58,0.82,0.75,0.51,0.86,0.88,0.57,0.56,0.87,4503.36
ART_04524,50,142,7100,0.35,watercolor,expressionism,12,346,5.57,UK,1,1,fair,2009,161,0.86,0.92,0.52,0.43,0.74,0.75,0.61,0.86,3105.00
ART_04525,56,93,5208,0.60,acrylic,expressionism,17,88,5.30,Bangladesh,1,1,excellent,2000,230,0.97,0.74,0.57,0.44,0.83,0.69,0.50,0.73,3776.13
ART_04526,79,55,4345,1.44,mixed_media,impressionism,3,315,4.03,Italy,1,1,fair,2024,79,0.99,0.88,0.38,0.56,0.59,0.58,0.31,0.58,1740.85
ART_04527,103,23,2369,4.48,watercolor,minimalism,1,109,4.26,Bangladesh,1,1,fair,2004,75,0.80,0.95,0.80,0.49,0.99,0.83,0.85,0.74,991.45
ART_04528,124,38,4712,3.26,charcoal,minimalism,17,35,3.43,India,0,26,excellent,1991,28,0.75,0.87,0.51,0.78,0.79,0.91,0.33,0.74,1164.79
ART_04529,78,54,4212,1.44,watercolor,expressionism,3,217,4.72,Pakistan,0,27,good,2009,147,0.95,0.51,0.62,0.90,0.64,0.51,0.44,0.75,1073.37
ART_04530,65,48,3120,1.35,mixed_media,pop_art,23,153,4.70,Japan,1,1,good,2004,124,0.99,0.59,0.82,0.77,0.93,0.82,0.72,0.96,2751.14
ART_04531,109,39,4251,2.79,ink,minimalism,12,175,5.13,France,1,1,good,1997,134,0.99,0.65,0.37,0.62,0.67,0.96,0.37,0.87,1754.12
ART_04532,125,90,11250,1.39,mixed_media,expressionism,16,236,3.30,India,1,1,fair,1993,152,0.99,0.69,0.65,0.61,0.84,0.53,0.92,0.92,4294.44
ART_04533,143,92,13156,1.55,pastel,portrait,13,27,5.33,USA,1,1,fair,1990,181,0.86,0.67,0.87,0.82,0.69,0.60,0.79,0.62,3001.40
ART_04534,71,61,4331,1.16,pastel,realism,3,13,4.14,Germany,1,1,new,2011,94,0.61,0.79,0.57,0.73,0.71,0.91,0.88,0.85,1247.44
ART_04535,76,91,6916,0.84,digital,conceptual,13,128,3.45,UAE,1,1,fair,2017,244,0.99,0.61,0.30,0.83,0.58,0.70,0.31,0.42,1030.54
ART_04536,24,151,3624,0.16,watercolor,conceptual,22,302,4.80,France,1,1,good,1996,19,0.99,0.60,0.50,0.93,0.63,0.50,0.92,0.73,2245.38
ART_04537,139,46,6394,3.02,gouache,realism,3,282,3.98,Bangladesh,1,1,fair,2017,38,0.92,0.95,0.52,0.37,0.59,0.94,0.50,0.96,1650.43
ART_04538,25,107,2675,0.23,charcoal,realism,17,247,5.42,Italy,1,1,fair,1995,11,0.99,0.66,0.53,0.72,0.62,0.77,0.91,0.66,1583.88
ART_04539,64,90,5760,0.71,gouache,minimalism,1,18,3.91,Bangladesh,1,1,new,2021,165,0.88,0.59,0.37,0.61,0.94,0.56,0.36,0.46,982.91
ART_04540,36,119,4284,0.30,oil,landscape,3,48,4.40,UK,1,1,new,2012,97,0.68,0.83,0.38,0.81,0.71,0.78,0.82,0.97,2662.05
ART_04541,38,94,3572,0.40,charcoal,landscape,21,305,4.59,Japan,1,1,excellent,2016,34,0.99,0.82,0.56,0.50,0.89,0.98,0.43,0.82,2063.37
ART_04542,68,70,4760,0.97,ink,landscape,9,261,4.56,Turkey,1,1,fair,2002,193,0.91,0.67,0.88,0.89,0.75,0.55,0.76,0.88,1546.96
ART_04543,38,103,3914,0.37,digital,conceptual,23,22,4.13,Italy,1,1,good,2021,46,0.79,0.85,0.79,0.52,0.65,0.91,0.93,0.85,1566.86
ART_04544,89,127,11303,0.70,charcoal,impressionism,11,285,5.49,Italy,1,1,excellent,1997,149,0.97,0.65,0.46,0.37,0.89,0.99,0.57,0.46,4119.96
ART_04545,67,116,7772,0.58,watercolor,impressionism,2,42,4.64,Bangladesh,0,49,good,1993,199,0.85,0.68,0.49,0.71,0.73,0.74,0.58,0.88,1686.93
ART_04546,146,116,16936,1.26,acrylic,abstract,16,176,4.68,UAE,1,1,fair,1995,21,0.99,0.89,0.35,0.36,0.76,0.61,0.65,0.77,5501.01
ART_04547,56,104,5824,0.54,gouache,conceptual,23,93,3.50,Pakistan,0,59,excellent,2020,87,0.99,0.82,0.60,0.36,0.72,0.93,0.64,0.77,1356.64
ART_04548,150,130,19500,1.15,mixed_media,pop_art,17,20,5.31,Germany,0,73,new,2024,96,0.99,0.76,0.30,0.39,0.93,0.68,0.60,0.53,3409.97
ART_04549,82,111,9102,0.74,mixed_media,abstract,10,55,4.72,Italy,0,43,new,1992,59,0.99,0.72,0.81,0.51,0.68,0.76,0.85,0.62,3193.01
ART_04550,39,160,6240,0.24,mixed_media,minimalism,4,328,4.55,Bangladesh,1,1,fair,2013,61,0.98,0.79,0.79,0.38,0.91,0.58,0.39,0.56,1850.85
ART_04551,138,108,14904,1.28,pastel,conceptual,8,19,4.07,UK,1,1,new,2005,34,0.70,0.81,0.90,0.56,0.56,0.97,0.66,0.53,2236.87
ART_04552,82,104,8528,0.79,gouache,minimalism,0,44,3.69,USA,1,1,fair,2020,126,0.99,0.70,0.38,0.79,0.68,0.55,0.60,0.94,1485.48
ART_04553,51,36,1836,1.42,oil,minimalism,3,280,4.51,UK,1,1,good,2003,208,0.75,0.83,0.42,0.57,0.64,0.88,0.58,0.55,1075.45
ART_04554,145,44,6380,3.30,oil,portrait,17,126,3.53,Italy,1,1,new,2012,30,0.99,0.88,0.83,0.75,0.85,0.54,0.30,0.66,2967.07
ART_04555,135,99,13365,1.36,gouache,landscape,6,19,3.23,Turkey,1,1,new,2014,220,0.79,0.61,0.42,0.69,0.64,0.75,0.47,0.95,2115.67
ART_04556,114,132,15048,0.86,digital,realism,6,124,4.23,France,1,1,fair,2002,41,0.99,0.62,0.72,0.37,0.99,0.80,0.86,0.58,3249.26
ART_04557,100,122,12200,0.82,acrylic,impressionism,7,298,5.60,UK,1,1,fair,2025,42,0.99,0.68,0.68,0.74,0.61,0.88,0.37,0.92,4208.47
ART_04558,150,23,3450,6.52,ink,surrealism,7,93,2.99,UAE,0,22,excellent,2022,104,0.91,0.56,0.61,0.66,0.70,0.94,0.90,0.81,777.18
ART_04559,125,85,10625,1.47,watercolor,impressionism,4,358,5.57,Pakistan,1,1,excellent,2004,116,0.99,0.80,0.80,0.76,0.80,0.53,0.79,0.66,4795.47
ART_04560,156,75,11700,2.08,charcoal,landscape,1,414,3.99,Turkey,1,1,excellent,2019,214,0.99,0.81,0.70,0.89,0.55,0.67,0.85,0.84,3501.90
ART_04561,68,36,2448,1.89,gouache,conceptual,17,264,5.70,Japan,1,1,good,2012,126,0.99,0.90,0.31,0.88,0.68,0.60,0.51,0.53,1296.72
ART_04562,25,147,3675,0.17,mixed_media,impressionism,0,227,3.92,Canada,1,1,good,2001,135,0.77,0.92,0.35,0.73,0.99,0.86,0.74,0.62,2012.24
ART_04563,110,64,7040,1.72,oil,abstract,17,172,4.41,Canada,1,1,good,1994,12,0.99,0.92,0.29,0.43,0.90,0.72,0.97,0.58,4743.53
ART_04564,120,156,18720,0.77,pastel,portrait,21,12,3.48,Pakistan,1,1,excellent,2024,57,0.99,0.72,0.36,0.38,0.75,0.87,0.68,0.95,5031.60
ART_04565,116,90,10440,1.29,pastel,impressionism,3,0,4.61,USA,1,1,fair,2026,138,0.59,0.69,0.30,0.60,0.71,0.66,0.55,0.69,1372.46
ART_04566,128,123,15744,1.04,digital,surrealism,15,0,2.95,France,1,1,new,2012,125,0.81,0.84,0.43,0.34,0.95,0.59,0.88,0.78,3108.53
ART_04567,96,32,3072,3.00,gouache,impressionism,15,1,4.10,Bangladesh,1,1,fair,2022,103,0.93,0.95,0.85,0.72,0.99,0.82,0.51,0.63,891.84
ART_04568,128,125,16000,1.02,ink,realism,7,265,3.30,UAE,0,7,excellent,2024,145,0.78,0.70,0.45,0.91,0.71,0.86,0.67,0.84,2551.94
ART_04569,51,128,6528,0.40,mixed_media,realism,25,114,4.65,UK,1,1,excellent,1991,228,0.93,0.73,0.43,0.61,0.58,0.82,0.70,0.42,3545.89
ART_04570,122,45,5490,2.71,acrylic,impressionism,0,40,3.66,Bangladesh,1,1,good,2004,236,0.65,0.86,0.61,0.89,0.59,0.59,0.71,0.45,1497.44
ART_04571,106,141,14946,0.75,watercolor,conceptual,5,169,2.94,UAE,1,1,good,1995,11,0.99,0.93,0.59,0.48,0.77,0.99,0.46,0.42,2640.17
ART_04572,118,132,15576,0.89,ink,pop_art,24,33,5.22,France,1,1,excellent,2003,93,0.94,0.59,0.41,0.60,0.68,0.77,0.59,0.64,3672.50
ART_04573,85,70,5950,1.21,mixed_media,surrealism,15,31,4.01,UAE,1,1,fair,2001,172,0.99,0.75,0.72,0.58,0.63,0.85,0.45,0.62,2517.47
ART_04574,50,119,5950,0.42,pastel,surrealism,9,319,4.84,Pakistan,1,1,fair,2019,226,0.99,0.67,0.84,0.52,0.66,0.64,0.28,0.65,1881.72
ART_04575,159,126,20034,1.26,charcoal,conceptual,14,225,4.32,Italy,1,1,good,2013,96,0.83,0.59,0.33,0.80,0.75,0.53,0.47,0.68,3737.06
ART_04576,112,123,13776,0.91,digital,conceptual,21,412,5.53,Pakistan,0,56,excellent,2014,139,0.99,0.80,0.49,0.79,0.85,0.93,0.81,0.92,4220.49
ART_04577,100,48,4800,2.08,digital,conceptual,17,260,5.45,France,1,1,new,2012,28,0.97,0.59,0.84,0.48,0.97,0.95,0.63,0.99,2576.27
ART_04578,104,97,10088,1.07,oil,impressionism,2,59,3.02,France,1,1,fair,2006,81,0.90,0.89,0.76,0.75,0.99,0.96,0.47,0.68,2330.87
ART_04579,135,84,11340,1.61,pastel,surrealism,9,239,5.21,Germany,1,1,good,1995,22,0.91,0.61,0.54,0.32,0.75,0.93,0.60,0.97,5049.31
ART_04580,87,113,9831,0.77,oil,landscape,9,398,3.50,USA,1,1,excellent,2006,22,0.99,0.70,0.65,0.74,0.99,0.54,0.90,0.78,4964.00
ART_04581,96,53,5088,1.81,pastel,conceptual,14,62,5.11,USA,0,40,new,2012,183,0.78,0.65,0.35,0.42,0.81,0.72,0.37,0.76,1180.05
ART_04582,110,152,16720,0.72,pastel,pop_art,6,186,4.90,France,1,1,new,2015,220,0.87,0.88,0.32,0.75,0.89,0.86,0.36,0.86,5661.54
ART_04583,88,83,7304,1.06,digital,pop_art,6,10,3.85,Canada,1,1,fair,1991,79,0.66,0.81,0.81,0.43,0.56,0.84,0.28,0.51,1186.47
ART_04584,105,86,9030,1.22,charcoal,pop_art,11,241,3.81,Canada,1,1,good,1999,115,0.96,0.73,0.53,0.72,0.77,0.68,0.91,0.95,3591.06
ART_04585,89,136,12104,0.65,pastel,portrait,15,139,3.78,UAE,1,1,excellent,2008,54,0.99,0.85,0.58,0.74,0.95,0.58,0.87,0.86,3738.76
ART_04586,132,111,14652,1.19,charcoal,surrealism,5,285,3.89,Italy,1,1,fair,2015,239,0.99,0.92,0.47,0.78,0.75,0.76,0.42,0.98,4196.59
ART_04587,63,54,3402,1.17,oil,landscape,19,232,4.77,Japan,1,1,fair,2021,55,0.89,0.82,0.85,0.34,0.58,0.50,0.35,0.44,1274.89
ART_04588,47,138,6486,0.34,ink,conceptual,9,410,3.61,UK,1,1,new,2023,217,0.99,0.93,0.88,0.31,0.60,0.98,0.62,0.66,2560.31
ART_04589,93,21,1953,4.43,mixed_media,minimalism,5,309,4.72,USA,1,1,excellent,1991,65,0.99,0.82,0.81,0.87,0.99,0.71,0.84,0.74,1951.47
ART_04590,89,40,3560,2.23,acrylic,minimalism,24,16,3.74,Canada,0,73,new,2026,216,0.99,0.57,0.66,0.91,0.55,0.58,0.31,0.43,717.50
ART_04591,106,63,6678,1.68,watercolor,abstract,22,22,4.04,USA,1,1,new,1993,23,0.99,0.62,0.89,0.57,0.74,0.66,0.70,0.43,2154.31
ART_04592,43,81,3483,0.53,oil,surrealism,11,6,2.80,Pakistan,1,1,good,2006,235,0.72,0.67,0.69,0.82,0.65,0.71,0.83,0.68,1290.44
ART_04593,121,46,5566,2.63,digital,portrait,25,14,3.13,Canada,1,1,fair,1995,166,0.87,0.79,0.78,0.33,0.92,0.84,0.43,0.78,1902.61
ART_04594,110,158,17380,0.70,pastel,pop_art,0,43,4.89,India,1,1,good,1998,37,0.99,0.58,0.41,0.68,0.96,0.59,0.54,0.47,2514.81
ART_04595,84,71,5964,1.18,ink,realism,14,237,3.48,Italy,1,1,excellent,2010,195,0.99,0.79,0.66,0.63,0.72,0.94,0.63,0.51,1884.73
ART_04596,40,20,800,2.00,mixed_media,minimalism,16,7,2.94,USA,1,1,fair,2009,229,0.99,0.68,0.29,0.42,0.67,0.56,0.54,0.87,556.16
ART_04597,105,123,12915,0.85,watercolor,surrealism,17,162,5.28,Italy,1,1,excellent,1990,74,0.85,0.75,0.36,0.84,0.62,0.65,0.43,0.94,5474.43
ART_04598,126,92,11592,1.37,charcoal,pop_art,9,373,3.32,Canada,1,1,new,2013,30,0.97,0.87,0.80,0.73,0.96,0.77,0.93,0.64,3245.98
ART_04599,102,159,16218,0.64,pastel,impressionism,25,347,4.84,Italy,1,1,new,2006,133,0.99,0.61,0.79,0.71,0.70,0.62,0.72,0.97,7722.12
ART_04600,115,45,5175,2.56,acrylic,pop_art,22,91,3.90,Canada,1,1,excellent,2005,61,0.95,0.77,0.58,0.61,0.58,0.84,0.64,0.62,2689.55
ART_04601,53,68,3604,0.78,mixed_media,conceptual,1,108,4.78,UK,1,1,good,2022,187,0.75,0.67,0.75,0.52,0.69,0.75,0.93,0.76,1299.38
ART_04602,152,75,11400,2.03,pastel,surrealism,0,51,3.78,France,1,1,good,1991,95,0.99,0.96,0.88,0.87,0.78,0.99,0.44,0.81,2779.89
ART_04603,152,119,18088,1.28,mixed_media,abstract,16,103,3.90,USA,0,31,excellent,2022,112,0.99,0.78,0.31,0.74,0.75,0.56,0.61,0.88,4888.00
ART_04604,45,93,4185,0.48,mixed_media,realism,18,145,4.17,UK,1,1,good,2000,137,0.88,0.69,0.88,0.52,0.99,0.55,0.54,0.75,2437.47
ART_04605,73,148,10804,0.49,pastel,landscape,5,60,3.55,USA,0,49,excellent,1990,78,0.95,0.47,0.30,0.66,0.71,0.77,0.84,0.73,1478.32
ART_04606,36,54,1944,0.67,watercolor,surrealism,15,140,4.10,Germany,1,1,new,1998,103,0.99,0.64,0.53,0.45,0.99,0.63,0.37,0.66,1205.68
ART_04607,69,104,7176,0.66,digital,surrealism,14,1,4.04,Canada,1,1,good,2000,233,0.62,0.66,0.71,0.81,0.90,0.66,0.81,0.86,2584.16
ART_04608,60,102,6120,0.59,gouache,surrealism,14,3,3.34,Germany,1,1,excellent,2022,169,0.84,0.91,0.84,0.34,0.94,0.59,0.73,0.96,1995.61
ART_04609,84,29,2436,2.90,charcoal,landscape,4,178,3.15,UAE,1,1,excellent,2012,227,0.99,0.81,0.41,0.32,0.99,0.99,0.93,0.46,1067.18
ART_04610,31,67,2077,0.46,digital,expressionism,11,4,4.92,Japan,1,1,fair,2022,144,0.67,0.71,0.66,0.65,0.53,0.65,0.27,0.68,652.43
ART_04611,142,26,3692,5.46,digital,surrealism,10,45,2.98,USA,1,1,fair,1996,211,0.80,0.67,0.43,0.82,0.61,0.54,0.68,0.44,819.01
ART_04612,55,98,5390,0.56,watercolor,expressionism,9,58,5.09,Pakistan,1,1,fair,2018,99,0.74,0.90,0.49,0.63,0.60,0.71,0.76,0.57,1359.82
ART_04613,150,68,10200,2.21,digital,surrealism,2,47,4.42,Turkey,0,18,good,2009,102,0.83,0.81,0.67,0.90,0.64,0.85,0.81,0.44,1272.17
ART_04614,114,36,4104,3.17,digital,expressionism,21,200,4.83,Japan,1,1,new,2017,150,0.99,0.75,0.51,0.52,0.88,0.94,0.53,0.62,2481.66
ART_04615,68,71,4828,0.96,mixed_media,abstract,11,397,4.41,USA,1,1,excellent,2012,213,0.80,0.70,0.90,0.49,0.59,0.93,0.65,0.71,3226.69
ART_04616,139,109,15151,1.28,acrylic,impressionism,0,99,4.07,Bangladesh,0,69,fair,2023,247,0.92,0.79,0.52,0.74,0.72,0.61,0.91,0.94,2174.17
ART_04617,85,50,4250,1.70,pastel,surrealism,22,24,4.48,UK,1,1,new,2003,67,0.99,0.57,0.68,0.36,0.99,0.64,0.34,0.95,1953.91
ART_04618,141,27,3807,5.22,ink,expressionism,14,0,3.02,Canada,1,1,good,2016,126,0.79,0.57,0.39,0.91,0.61,0.79,0.52,0.68,729.35
ART_04619,104,79,8216,1.32,oil,expressionism,16,67,4.90,Italy,1,1,new,2008,157,0.99,0.79,0.44,0.35,0.93,0.79,0.70,0.66,4982.44
ART_04620,77,101,7777,0.76,watercolor,abstract,23,28,4.39,UK,0,54,good,2010,245,0.99,0.49,0.32,0.66,0.74,0.70,0.39,0.55,1621.06
ART_04621,57,33,1881,1.73,charcoal,expressionism,24,109,5.60,Italy,1,1,good,2013,156,0.99,0.73,0.50,0.55,0.71,0.88,0.73,0.73,1317.41
ART_04622,36,126,4536,0.29,oil,surrealism,17,17,3.95,UK,1,1,excellent,2012,56,0.92,0.76,0.29,0.58,0.60,0.63,0.32,0.53,2143.17
ART_04623,57,104,5928,0.55,mixed_media,minimalism,2,225,4.51,Bangladesh,0,31,new,1996,177,0.99,0.55,0.87,0.55,0.95,0.95,0.62,0.82,2714.73
ART_04624,66,105,6930,0.63,pastel,pop_art,7,337,4.01,Germany,1,1,new,2009,189,0.99,0.85,0.90,0.71,0.96,0.63,0.90,0.76,2914.66
ART_04625,21,145,3045,0.14,acrylic,conceptual,2,147,4.40,Bangladesh,1,1,new,2000,36,0.99,0.72,0.70,0.44,0.91,0.72,0.38,0.55,1414.06
ART_04626,153,103,15759,1.49,oil,pop_art,4,292,3.96,Germany,1,1,good,2000,17,0.88,0.94,0.84,0.43,0.65,0.81,0.40,0.73,4943.22
ART_04627,130,100,13000,1.30,watercolor,pop_art,9,4,5.11,UK,0,49,new,2000,244,0.89,0.73,0.55,0.64,0.74,0.71,0.79,0.64,2083.02
ART_04628,118,22,2596,5.36,oil,impressionism,0,224,3.63,Canada,0,47,excellent,2009,152,0.74,0.66,0.64,0.72,0.78,0.64,0.84,0.71,1009.60
ART_04629,44,93,4092,0.47,gouache,conceptual,13,312,5.41,Italy,0,49,excellent,2025,212,0.99,0.83,0.32,0.47,0.82,0.55,0.28,0.92,1673.46
ART_04630,109,23,2507,4.74,charcoal,impressionism,19,57,5.14,India,1,1,excellent,1990,238,0.98,0.91,0.46,0.47,0.99,0.89,0.35,0.75,2044.73
ART_04631,150,105,15750,1.43,acrylic,portrait,18,54,3.59,France,1,1,new,2026,81,0.86,0.59,0.54,0.37,0.64,0.82,0.68,0.54,3278.78
ART_04632,82,144,11808,0.57,oil,realism,17,69,3.26,Canada,0,61,fair,1995,216,0.99,0.63,0.75,0.62,0.96,0.72,0.97,0.55,2329.41
ART_04633,71,101,7171,0.70,gouache,minimalism,6,14,3.87,USA,0,58,good,1992,221,0.67,0.73,0.31,0.50,0.88,0.50,0.34,0.54,809.64
ART_04634,30,114,3420,0.26,ink,impressionism,6,344,5.15,Japan,0,53,new,1993,130,0.86,0.67,0.57,0.87,0.57,0.60,0.63,0.88,1050.58
ART_04635,99,115,11385,0.86,ink,conceptual,10,66,3.15,Turkey,1,1,good,1990,163,0.99,0.88,0.60,0.33,0.92,0.96,0.60,0.79,2734.11
ART_04636,57,147,8379,0.39,gouache,expressionism,18,67,3.29,UK,1,1,excellent,1996,170,0.96,0.90,0.63,0.31,0.75,0.82,0.39,0.85,2851.95
ART_04637,112,34,3808,3.29,digital,abstract,8,73,5.12,Pakistan,1,1,new,2006,122,0.92,0.96,0.68,0.60,0.61,0.60,0.42,0.76,1891.30
ART_04638,27,142,3834,0.19,pastel,portrait,6,28,4.27,UAE,1,1,excellent,2009,210,0.73,0.61,0.33,0.89,0.99,0.66,0.51,0.74,1170.63
ART_04639,154,52,8008,2.96,digital,abstract,6,400,3.33,UK,1,1,good,2026,40,0.99,0.66,0.38,0.38,0.86,0.94,0.84,0.85,2740.47
ART_04640,54,27,1458,2.00,charcoal,portrait,0,0,3.89,USA,1,1,new,2026,200,0.48,0.88,0.71,0.51,0.63,0.52,0.28,0.98,493.00
ART_04641,154,61,9394,2.52,acrylic,portrait,21,90,4.59,India,1,1,excellent,1992,242,0.93,0.94,0.62,0.34,0.88,0.81,0.36,0.97,6487.44
ART_04642,105,93,9765,1.13,mixed_media,pop_art,4,69,4.25,USA,1,1,new,2026,183,0.99,0.61,0.54,0.70,0.61,0.99,0.74,0.61,2832.89
ART_04643,144,87,12528,1.66,watercolor,impressionism,22,235,4.39,UK,0,58,good,1995,96,0.90,0.75,0.30,0.53,0.54,0.52,0.82,0.55,2643.81
ART_04644,39,48,1872,0.81,charcoal,pop_art,3,86,3.70,Canada,1,1,new,1990,16,0.99,0.77,0.62,0.47,0.55,0.99,0.69,0.57,730.69
ART_04645,91,21,1911,4.33,charcoal,conceptual,9,240,4.68,Turkey,1,1,fair,1998,130,0.99,0.94,0.59,0.51,0.99,0.89,0.28,0.92,989.02
ART_04646,159,89,14151,1.79,acrylic,expressionism,8,201,3.51,USA,1,1,good,2014,36,0.99,0.76,0.46,0.31,0.64,0.66,0.73,0.66,3255.12
ART_04647,40,123,4920,0.33,acrylic,conceptual,7,2,3.22,India,1,1,good,1999,210,0.92,0.84,0.70,0.63,0.80,0.56,0.33,0.69,1294.67
ART_04648,69,49,3381,1.41,ink,expressionism,18,271,4.18,Pakistan,1,1,new,2014,64,0.97,0.88,0.63,0.70,0.99,0.84,0.33,0.59,1289.78
ART_04649,39,66,2574,0.59,digital,expressionism,6,147,4.64,Pakistan,1,1,good,2005,161,0.76,0.69,0.30,0.90,0.77,0.65,0.38,0.94,1141.31
ART_04650,49,92,4508,0.53,ink,expressionism,21,155,3.75,France,1,1,fair,2025,175,0.99,0.74,0.58,0.84,0.57,0.95,0.72,0.87,1536.30
ART_04651,107,63,6741,1.70,ink,portrait,12,138,3.61,USA,0,9,excellent,2016,246,0.79,0.71,0.28,0.38,0.96,0.98,0.39,0.65,1296.68
ART_04652,77,149,11473,0.52,mixed_media,portrait,19,251,4.43,Canada,1,1,new,2020,187,0.95,0.85,0.44,0.39,0.59,0.61,0.60,0.62,4164.69
ART_04653,34,105,3570,0.32,acrylic,minimalism,24,5,4.81,Germany,1,1,new,1997,184,0.99,0.70,0.60,0.58,0.68,0.81,0.34,0.54,1690.16
ART_04654,123,24,2952,5.13,ink,expressionism,13,47,4.93,India,1,1,new,2018,128,0.87,0.93,0.41,0.42,0.57,0.99,0.32,0.62,1157.85
ART_04655,46,61,2806,0.75,pastel,portrait,1,1,4.18,Pakistan,1,1,new,2011,102,0.52,0.93,0.37,0.45,0.90,0.65,0.88,0.99,1014.13
ART_04656,142,33,4686,4.30,watercolor,conceptual,9,196,4.44,Italy,1,1,good,2020,15,0.81,0.74,0.61,0.52,0.98,0.71,0.55,0.83,1447.08
ART_04657,119,119,14161,1.00,oil,conceptual,2,21,4.52,Bangladesh,1,1,good,1998,159,0.94,0.93,0.87,0.33,0.84,0.81,0.34,0.94,5697.11
ART_04658,119,104,12376,1.14,watercolor,surrealism,2,43,5.03,Italy,1,1,fair,2025,55,0.91,0.58,0.77,0.77,0.88,0.69,0.82,0.98,2552.38
ART_04659,122,88,10736,1.39,ink,pop_art,3,128,4.56,UAE,1,1,excellent,2016,17,0.69,0.74,0.61,0.64,0.76,0.79,0.70,0.47,1682.27
ART_04660,44,145,6380,0.30,pastel,surrealism,10,195,3.27,Italy,1,1,good,2001,209,0.92,0.58,0.62,0.86,0.91,0.82,0.89,0.42,1600.40
ART_04661,45,52,2340,0.87,ink,abstract,14,28,5.36,UK,1,1,fair,2002,144,0.99,0.72,0.60,0.94,0.72,0.88,0.79,0.58,849.33
ART_04662,104,70,7280,1.49,mixed_media,portrait,12,38,4.53,Japan,1,1,fair,2002,187,0.99,0.95,0.78,0.42,0.75,0.90,0.73,0.55,3031.14
ART_04663,28,103,2884,0.27,charcoal,realism,8,213,3.88,UAE,0,67,new,2017,206,0.99,0.77,0.87,0.80,0.89,0.50,0.40,0.95,935.68
ART_04664,38,46,1748,0.83,mixed_media,abstract,25,359,4.26,UK,0,55,good,2012,145,0.99,0.51,0.34,0.37,0.66,0.71,0.80,0.87,1350.44
ART_04665,156,159,24804,0.98,watercolor,minimalism,13,267,4.19,Bangladesh,1,1,good,2019,219,0.92,0.92,0.79,0.91,0.78,0.93,0.41,0.69,5604.02
ART_04666,44,125,5500,0.35,gouache,pop_art,20,327,3.77,India,1,1,good,1995,59,0.94,0.73,0.61,0.92,0.56,0.64,0.68,0.59,1618.31
ART_04667,153,113,17289,1.35,ink,conceptual,23,231,4.06,Germany,1,1,new,1999,203,0.99,0.78,0.76,0.83,0.93,0.93,0.93,0.48,5501.47
ART_04668,132,155,20460,0.85,oil,portrait,7,28,3.55,UAE,1,1,good,1997,175,0.99,0.69,0.43,0.60,0.99,0.65,0.93,0.55,6080.98
ART_04669,156,113,17628,1.38,charcoal,minimalism,20,44,3.15,Japan,1,1,new,2008,134,0.86,0.80,0.48,0.35,0.85,0.85,0.41,0.44,2872.90
ART_04670,87,25,2175,3.48,ink,minimalism,25,339,5.76,Bangladesh,1,1,fair,2002,200,0.99,0.87,0.60,0.31,0.72,0.99,0.90,0.82,1825.19
ART_04671,87,113,9831,0.77,digital,impressionism,12,126,5.40,Bangladesh,1,1,good,1999,56,0.99,0.76,0.29,0.38,0.94,0.73,0.71,0.43,3191.44
ART_04672,144,52,7488,2.77,ink,landscape,23,153,4.04,Bangladesh,1,1,excellent,2012,154,0.99,0.77,0.80,0.82,0.82,0.51,0.44,0.71,1992.34
ART_04673,59,30,1770,1.97,watercolor,expressionism,21,4,3.81,USA,0,33,new,1990,48,0.99,0.54,0.37,0.50,0.86,0.87,0.47,0.96,923.60
ART_04674,35,134,4690,0.26,ink,surrealism,6,79,3.18,UK,1,1,fair,1990,160,0.99,0.62,0.88,0.90,0.99,0.92,0.58,0.99,1524.80
ART_04675,80,27,2160,2.96,gouache,surrealism,24,412,4.99,Italy,1,1,good,2010,144,0.99,0.87,0.45,0.67,0.60,0.99,0.94,0.97,2584.27
ART_04676,46,101,4646,0.46,mixed_media,conceptual,0,60,4.87,Bangladesh,1,1,new,1997,222,0.74,0.72,0.66,0.32,0.73,0.52,0.76,0.58,1691.79
ART_04677,89,117,10413,0.76,acrylic,landscape,10,58,5.15,France,1,1,new,1997,219,0.99,0.59,0.74,0.33,0.85,0.92,0.86,0.51,4272.93
ART_04678,27,43,1161,0.63,ink,impressionism,3,311,3.16,USA,1,1,excellent,2017,10,0.96,0.84,0.48,0.42,0.68,0.93,0.26,0.82,629.48
ART_04679,43,39,1677,1.10,digital,expressionism,10,106,4.45,Pakistan,1,1,new,2002,201,0.85,0.92,0.37,0.78,0.53,0.50,0.76,0.62,1006.48
ART_04680,122,134,16348,0.91,digital,conceptual,17,132,5.35,Bangladesh,1,1,new,2024,28,0.99,0.77,0.44,0.42,0.66,0.66,0.92,0.89,4220.47
ART_04681,111,123,13653,0.90,oil,surrealism,18,397,3.92,USA,1,1,good,2016,70,0.99,0.88,0.69,0.69,0.75,0.57,0.41,0.87,5851.59
ART_04682,80,125,10000,0.64,oil,realism,17,355,3.58,Bangladesh,1,1,excellent,1999,99,0.99,0.93,0.85,0.36,0.69,0.69,0.71,0.81,6081.50
ART_04683,111,81,8991,1.37,mixed_media,minimalism,15,189,3.97,UAE,0,13,excellent,1992,195,0.99,0.74,0.40,0.63,0.67,0.52,0.69,0.42,2887.06
ART_04684,135,56,7560,2.41,acrylic,landscape,17,39,3.24,Pakistan,1,1,new,2000,22,0.75,0.92,0.66,0.52,0.92,0.96,0.47,0.64,2489.12
ART_04685,116,93,10788,1.25,pastel,expressionism,25,208,3.99,Turkey,0,61,new,1992,25,0.99,0.52,0.73,0.68,0.76,0.61,0.78,0.61,2490.06
ART_04686,80,104,8320,0.77,acrylic,portrait,15,178,5.00,Italy,1,1,good,1995,170,0.99,0.93,0.88,0.58,0.99,0.61,0.42,0.65,4155.55
ART_04687,66,92,6072,0.72,watercolor,surrealism,21,36,3.43,UAE,1,1,new,2015,220,0.99,0.66,0.69,0.95,0.99,0.62,0.92,0.82,2506.36
ART_04688,69,33,2277,2.09,acrylic,conceptual,16,222,5.35,Canada,1,1,fair,2024,174,0.86,0.90,0.53,0.88,0.82,0.96,0.27,0.67,1343.10
ART_04689,42,25,1050,1.68,mixed_media,surrealism,0,384,5.34,Pakistan,1,1,fair,2025,225,0.98,0.78,0.71,0.52,0.99,0.53,0.45,0.46,878.74
ART_04690,90,95,8550,0.95,gouache,realism,11,227,5.57,Bangladesh,1,1,fair,2018,129,0.99,0.73,0.61,0.41,0.94,0.57,0.76,0.76,2648.72
ART_04691,55,100,5500,0.55,mixed_media,portrait,3,46,4.60,Turkey,1,1,excellent,2017,62,0.99,0.73,0.50,0.66,0.68,0.59,0.28,0.89,2262.68
ART_04692,82,40,3280,2.05,acrylic,impressionism,12,135,4.75,Italy,1,1,good,1993,62,0.99,0.92,0.40,0.57,0.99,0.53,0.45,0.92,2846.53
ART_04693,40,71,2840,0.56,watercolor,conceptual,15,310,3.38,Pakistan,1,1,excellent,1992,55,0.95,0.74,0.34,0.36,0.94,0.54,0.85,0.61,1488.05
ART_04694,110,86,9460,1.28,gouache,minimalism,22,272,3.72,USA,0,61,good,1990,116,0.92,0.69,0.40,0.40,0.80,0.71,0.38,0.53,1524.71
ART_04695,71,117,8307,0.61,pastel,conceptual,8,18,3.62,Italy,0,26,good,2004,31,0.69,0.58,0.82,0.59,0.79,0.49,0.76,0.83,1289.00
ART_04696,99,138,13662,0.72,acrylic,pop_art,5,234,4.56,India,1,1,good,2002,12,0.77,0.87,0.53,0.90,0.57,0.81,0.52,0.87,3653.93
ART_04697,46,147,6762,0.31,oil,abstract,7,117,3.59,Bangladesh,1,1,good,2026,232,0.77,0.86,0.65,0.47,0.53,0.60,0.83,0.72,2102.30
ART_04698,135,29,3915,4.66,acrylic,surrealism,11,79,3.17,Bangladesh,1,1,new,2003,13,0.90,0.84,0.55,0.84,0.55,0.68,0.39,0.71,1492.62
ART_04699,124,107,13268,1.16,mixed_media,portrait,11,36,3.73,Pakistan,1,1,good,2013,27,0.81,0.61,0.41,0.58,0.60,0.57,0.41,0.46,2507.72
ART_04700,37,152,5624,0.24,digital,abstract,6,175,4.24,UK,0,10,new,2022,206,0.99,0.65,0.70,0.43,0.99,0.86,0.52,0.92,2385.37
ART_04701,84,128,10752,0.66,ink,pop_art,4,95,3.95,France,0,77,excellent,2012,93,0.99,0.71,0.31,0.94,0.76,0.67,0.42,0.83,1289.86
ART_04702,96,153,14688,0.63,pastel,abstract,18,153,4.85,Turkey,1,1,fair,2002,112,0.99,0.83,0.61,0.37,0.69,0.98,0.75,0.64,3634.33
ART_04703,67,63,4221,1.06,charcoal,portrait,18,129,3.21,USA,1,1,fair,2020,135,0.97,0.69,0.52,0.55,0.78,0.84,0.72,0.51,1176.83
ART_04704,112,127,14224,0.88,digital,landscape,13,80,5.23,Bangladesh,1,1,fair,2026,20,0.80,0.62,0.58,0.75,0.67,0.77,0.73,0.43,2121.57
ART_04705,155,124,19220,1.25,gouache,impressionism,16,73,3.97,Japan,1,1,good,1991,72,0.99,0.64,0.63,0.52,0.70,0.60,0.65,0.76,4201.86
ART_04706,26,28,728,0.93,digital,minimalism,8,104,2.97,Italy,1,1,new,2004,110,0.97,0.90,0.32,0.53,0.98,0.53,0.61,0.78,528.57
ART_04707,63,124,7812,0.51,acrylic,landscape,1,88,4.59,Bangladesh,1,1,good,2024,132,0.71,0.60,0.79,0.50,0.89,0.93,0.39,0.77,2109.32
ART_04708,82,24,1968,3.42,watercolor,minimalism,15,277,5.82,Italy,0,26,fair,2016,27,0.99,0.75,0.79,0.52,0.96,0.70,0.67,0.78,805.10
ART_04709,70,39,2730,1.79,gouache,portrait,9,69,4.35,France,1,1,fair,2020,149,0.99,0.68,0.88,0.89,0.81,0.70,0.91,0.93,1137.21
ART_04710,61,52,3172,1.17,charcoal,conceptual,24,87,3.66,UAE,1,1,good,2012,14,0.99,0.89,0.90,0.37,0.73,0.97,0.36,0.95,1512.02
ART_04711,59,156,9204,0.38,pastel,conceptual,17,22,3.56,India,1,1,good,1997,237,0.91,0.77,0.37,0.44,0.72,0.63,0.63,0.98,3088.45
ART_04712,58,127,7366,0.46,digital,realism,25,274,4.47,Japan,1,1,new,2005,220,0.90,0.60,0.71,0.70,0.83,0.58,0.55,0.74,3586.17
ART_04713,147,42,6174,3.50,watercolor,landscape,9,29,4.76,Bangladesh,1,1,excellent,1995,78,0.99,0.59,0.60,0.94,0.83,0.62,0.69,0.45,1838.86
ART_04714,120,42,5040,2.86,mixed_media,minimalism,25,314,4.72,Canada,1,1,excellent,1997,46,0.99,0.91,0.78,0.35,0.89,0.78,0.86,0.92,4003.55
ART_04715,153,40,6120,3.83,oil,expressionism,5,1,4.03,India,1,1,fair,2009,58,0.67,0.63,0.38,0.40,0.90,0.65,0.83,0.77,1520.51
ART_04716,96,130,12480,0.74,ink,abstract,20,284,4.57,UK,1,1,fair,2008,110,0.99,0.57,0.88,0.74,0.79,0.92,0.31,0.85,3322.84
ART_04717,130,90,11700,1.44,ink,realism,16,3,4.33,UK,1,1,excellent,2002,122,0.69,0.75,0.35,0.83,0.79,0.51,0.45,0.85,2805.27
ART_04718,33,44,1452,0.75,ink,minimalism,16,8,4.34,France,1,1,good,2023,220,0.83,0.66,0.32,0.71,0.83,0.98,0.93,0.94,783.60
ART_04719,138,46,6348,3.00,acrylic,impressionism,2,1,3.26,Canada,1,1,good,2006,69,0.86,0.83,0.61,0.78,0.59,0.56,0.56,0.91,1626.76
ART_04720,61,122,7442,0.50,gouache,conceptual,14,383,5.39,Pakistan,1,1,excellent,2017,36,0.99,0.87,0.54,0.67,0.99,0.88,0.68,0.75,4121.01
ART_04721,101,122,12322,0.83,pastel,abstract,14,3,4.68,Japan,1,1,fair,1990,44,0.69,0.58,0.31,0.61,0.53,0.63,0.61,0.72,2181.61
ART_04722,101,135,13635,0.75,ink,expressionism,9,148,4.69,France,1,1,new,2020,236,0.93,0.91,0.31,0.66,0.99,0.77,0.82,0.97,4209.12
ART_04723,31,111,3441,0.28,ink,portrait,10,123,5.28,Germany,1,1,fair,1996,192,0.78,0.78,0.56,0.65,0.60,0.91,0.26,0.66,1183.68
ART_04724,76,148,11248,0.51,oil,abstract,9,13,2.95,Canada,1,1,good,1997,156,0.92,0.71,0.71,0.42,0.59,0.71,0.80,0.49,3291.45
ART_04725,41,79,3239,0.52,mixed_media,surrealism,2,164,5.15,UK,0,39,new,2004,138,0.73,0.78,0.45,0.75,0.96,0.82,0.74,0.87,1885.88
ART_04726,137,132,18084,1.04,oil,pop_art,0,27,2.56,Turkey,1,1,excellent,2013,112,0.90,0.70,0.56,0.66,0.76,0.56,0.61,0.93,3732.27
ART_04727,119,77,9163,1.55,watercolor,portrait,10,358,3.61,France,1,1,new,1991,181,0.99,0.77,0.36,0.57,0.58,0.75,0.37,0.63,3337.93
ART_04728,95,108,10260,0.88,ink,minimalism,1,83,3.52,Canada,0,45,new,2024,103,0.92,0.51,0.40,0.55,0.56,0.73,0.45,0.45,879.99
ART_04729,110,134,14740,0.82,watercolor,landscape,2,51,4.63,Turkey,1,1,fair,2008,231,0.78,0.64,0.34,0.56,0.53,0.73,0.47,0.75,2477.02
ART_04730,44,80,3520,0.55,watercolor,conceptual,9,98,4.14,Bangladesh,1,1,new,2001,207,0.99,0.60,0.63,0.69,0.61,0.93,0.55,0.53,1241.16
ART_04731,102,60,6120,1.70,ink,realism,9,372,3.44,India,1,1,excellent,2013,114,0.99,0.91,0.46,0.57,0.56,0.67,0.48,0.59,1824.85
ART_04732,159,22,3498,7.23,charcoal,conceptual,11,102,4.37,Canada,1,1,fair,2018,16,0.99,0.96,0.83,0.71,0.69,0.77,0.55,0.55,969.58
ART_04733,70,66,4620,1.06,acrylic,portrait,2,205,5.00,India,1,1,fair,2003,230,0.99,0.72,0.52,0.63,0.55,0.76,0.50,0.64,1949.31
ART_04734,73,88,6424,0.83,oil,pop_art,18,4,3.81,Pakistan,1,1,new,2006,232,0.70,0.76,0.79,0.82,0.63,0.67,0.40,0.83,2819.44
ART_04735,44,23,1012,1.91,acrylic,expressionism,5,224,4.19,Canada,1,1,good,2019,35,0.99,0.87,0.57,0.51,0.72,0.76,0.31,0.64,739.96
ART_04736,39,40,1560,0.97,digital,conceptual,25,256,5.13,Bangladesh,1,1,good,2001,10,0.99,0.82,0.50,0.90,0.70,0.58,0.26,0.85,1123.30
ART_04737,119,63,7497,1.89,oil,abstract,21,38,4.89,France,1,1,good,1996,205,0.99,0.86,0.62,0.33,0.56,0.66,0.87,0.66,4799.66
ART_04738,123,77,9471,1.60,watercolor,abstract,8,279,5.17,USA,1,1,fair,1994,73,0.83,0.67,0.66,0.81,0.99,0.74,0.84,0.98,3615.92
ART_04739,32,115,3680,0.28,ink,abstract,17,141,4.96,UK,1,1,new,2023,231,0.99,0.62,0.83,0.81,0.67,0.80,0.53,0.43,1302.37
ART_04740,155,67,10385,2.31,oil,minimalism,7,341,5.54,Pakistan,1,1,fair,2000,169,0.99,0.76,0.50,0.42,0.64,0.57,0.81,0.65,5047.24
ART_04741,127,80,10160,1.59,acrylic,realism,13,5,3.69,USA,0,63,fair,2020,204,0.84,0.76,0.63,0.50,0.77,0.49,0.76,0.53,1469.38
ART_04742,67,150,10050,0.45,oil,abstract,19,143,4.88,Canada,1,1,good,1996,41,0.99,0.88,0.58,0.53,0.97,0.66,0.58,0.86,5888.61
ART_04743,21,149,3129,0.14,ink,portrait,23,380,5.95,Japan,1,1,good,2002,121,0.99,0.81,0.52,0.66,0.82,0.89,0.88,0.78,2614.07
ART_04744,74,51,3774,1.45,ink,expressionism,17,274,3.49,USA,1,1,fair,1994,26,0.99,0.87,0.31,0.62,0.72,0.61,0.52,0.44,948.75
ART_04745,59,61,3599,0.97,ink,minimalism,22,77,5.21,Canada,1,1,excellent,1996,203,0.99,0.61,0.63,0.54,0.90,0.79,0.69,0.87,2400.90
ART_04746,47,47,2209,1.00,gouache,minimalism,8,263,5.50,Bangladesh,1,1,fair,2008,230,0.78,0.67,0.42,0.47,0.93,0.67,0.85,0.74,1148.06
ART_04747,127,74,9398,1.72,acrylic,surrealism,7,293,5.41,Italy,1,1,new,2010,111,0.98,0.77,0.37,0.56,0.64,0.54,0.93,0.88,5899.69
ART_04748,141,110,15510,1.28,acrylic,conceptual,1,331,4.74,Germany,0,50,excellent,2015,41,0.89,0.60,0.46,0.63,0.85,0.84,0.33,0.44,2072.01
ART_04749,38,145,5510,0.26,pastel,pop_art,20,52,3.34,UAE,1,1,excellent,2008,19,0.99,0.66,0.63,0.82,0.65,0.64,0.71,0.55,1265.45
ART_04750,38,146,5548,0.26,digital,pop_art,24,44,5.04,USA,1,1,fair,2010,93,0.99,0.60,0.65,0.48,0.97,0.82,0.87,0.94,2175.18
ART_04751,55,105,5775,0.52,ink,surrealism,15,7,4.55,Bangladesh,1,1,fair,2009,199,0.99,0.81,0.65,0.32,0.62,0.99,0.72,0.89,1724.85
ART_04752,75,152,11400,0.49,pastel,conceptual,7,15,3.30,USA,1,1,fair,2023,226,0.66,0.81,0.78,0.67,0.75,0.65,0.68,0.87,1631.00
ART_04753,102,62,6324,1.65,gouache,impressionism,22,55,3.75,Germany,1,1,excellent,2018,198,0.99,0.85,0.89,0.87,0.88,0.60,0.92,0.46,2024.34
ART_04754,77,36,2772,2.14,charcoal,expressionism,23,76,3.71,Germany,1,1,fair,1996,148,0.99,0.69,0.41,0.85,0.68,0.66,0.44,0.73,1130.60
ART_04755,37,38,1406,0.97,ink,minimalism,24,55,5.26,France,1,1,fair,1990,106,0.86,0.93,0.68,0.49,0.97,0.90,0.51,0.83,991.28
ART_04756,130,67,8710,1.94,oil,surrealism,1,331,4.45,Bangladesh,1,1,new,1997,234,0.76,0.57,0.41,0.65,0.56,0.86,0.90,0.78,4501.38
ART_04757,135,33,4455,4.09,digital,minimalism,10,33,2.86,Canada,0,20,new,2002,170,0.70,0.79,0.69,0.71,0.58,0.59,0.95,0.82,971.77
ART_04758,105,148,15540,0.71,mixed_media,surrealism,24,291,4.64,Italy,1,1,fair,2001,196,0.99,0.82,0.88,0.40,0.58,0.74,0.82,0.63,5877.86
ART_04759,129,60,7740,2.15,pastel,conceptual,17,141,4.14,UAE,0,25,good,2020,241,0.99,0.81,0.55,0.76,0.59,0.59,0.31,0.74,1473.69
ART_04760,112,126,14112,0.89,gouache,abstract,16,146,3.27,Pakistan,1,1,fair,1992,195,0.99,0.56,0.59,0.31,0.96,0.97,0.80,0.72,3925.41
ART_04761,159,33,5247,4.82,digital,realism,25,98,3.87,Germany,0,39,excellent,2004,177,0.99,0.65,0.76,0.44,0.72,0.85,0.48,0.69,1384.13
ART_04762,26,74,1924,0.35,pastel,abstract,12,278,5.55,India,1,1,new,1991,188,0.93,0.66,0.66,0.32,0.85,0.80,0.58,0.56,1345.10
ART_04763,137,55,7535,2.49,oil,minimalism,19,117,3.95,India,0,11,excellent,2005,100,0.82,0.71,0.45,0.49,0.89,0.97,0.69,0.44,2758.27
ART_04764,88,37,3256,2.38,mixed_media,realism,1,164,3.27,UK,1,1,new,2017,39,0.99,0.89,0.85,0.82,0.99,0.79,0.56,0.87,1735.66
ART_04765,110,65,7150,1.69,watercolor,conceptual,25,111,4.45,Bangladesh,1,1,excellent,2023,138,0.99,0.78,0.72,0.68,0.85,0.68,0.84,0.88,2920.77
ART_04766,123,151,18573,0.81,pastel,realism,6,216,4.36,Bangladesh,1,1,fair,1991,191,0.85,0.62,0.46,0.87,0.64,0.89,0.56,0.74,3917.84
ART_04767,143,117,16731,1.22,pastel,expressionism,23,108,4.17,USA,1,1,good,1993,99,0.99,0.69,0.31,0.54,0.87,0.88,0.28,0.74,3837.39
ART_04768,110,126,13860,0.87,digital,landscape,17,189,3.79,Japan,1,1,new,1999,61,0.99,0.56,0.57,0.68,0.99,0.85,0.31,0.93,4234.82
ART_04769,91,118,10738,0.77,oil,conceptual,21,6,3.10,USA,0,19,new,2014,125,0.92,0.53,0.71,0.36,0.80,0.59,0.41,0.75,3044.43
ART_04770,142,145,20590,0.98,ink,landscape,15,229,3.43,India,0,80,new,2018,68,0.99,0.80,0.67,0.86,0.99,0.71,0.89,0.78,3066.47
ART_04771,90,120,10800,0.75,mixed_media,pop_art,20,370,4.24,France,1,1,excellent,2018,81,0.92,0.94,0.51,0.46,0.98,0.49,0.37,0.64,4286.23
ART_04772,127,53,6731,2.40,mixed_media,expressionism,24,313,5.57,Turkey,1,1,fair,2024,90,0.99,0.69,0.51,0.67,0.99,0.91,0.46,0.67,3888.99
ART_04773,112,30,3360,3.73,mixed_media,landscape,6,128,5.22,Bangladesh,1,1,excellent,2019,92,0.86,0.79,0.48,0.74,0.72,0.99,0.88,0.42,1422.20
ART_04774,121,26,3146,4.65,watercolor,expressionism,13,75,5.01,Germany,1,1,good,2015,9,0.99,0.79,0.58,0.41,0.87,0.53,0.35,0.64,1050.38
ART_04775,46,99,4554,0.46,ink,abstract,2,13,4.99,Canada,1,1,good,2000,195,0.96,0.75,0.46,0.93,0.57,0.68,0.55,0.56,1183.83
ART_04776,113,72,8136,1.57,acrylic,pop_art,4,0,3.12,India,0,67,new,2004,136,0.57,0.75,0.50,0.50,0.83,0.50,0.87,0.42,1005.37
ART_04777,24,159,3816,0.15,mixed_media,abstract,15,279,3.98,Pakistan,1,1,new,2007,85,0.98,0.59,0.66,0.81,0.85,0.55,0.27,0.94,2946.31
ART_04778,61,47,2867,1.30,charcoal,portrait,2,104,3.59,USA,0,64,new,2003,180,0.99,0.85,0.81,0.77,0.91,0.77,0.53,0.66,798.88
ART_04779,74,139,10286,0.53,charcoal,abstract,1,332,3.89,Bangladesh,1,1,good,2016,21,0.83,0.81,0.87,0.36,0.86,0.95,0.95,0.78,3011.08
ART_04780,28,23,644,1.22,mixed_media,pop_art,19,249,4.37,Italy,0,30,fair,2000,203,0.99,0.62,0.40,0.93,0.99,0.64,0.50,0.73,656.03
ART_04781,80,97,7760,0.82,oil,minimalism,1,96,4.20,Japan,0,81,fair,2006,11,0.78,0.67,0.83,0.81,0.87,0.49,0.65,0.47,849.24
ART_04782,106,111,11766,0.95,charcoal,realism,11,283,4.49,Italy,1,1,fair,2014,71,0.99,0.94,0.80,0.65,0.95,0.55,0.43,0.94,3801.76
ART_04783,127,114,14478,1.11,pastel,pop_art,24,2,4.15,Turkey,1,1,new,1993,160,0.86,0.84,0.60,0.45,0.58,0.55,0.97,0.82,4153.90
ART_04784,44,119,5236,0.37,charcoal,conceptual,8,403,5.05,Germany,1,1,new,2020,185,0.99,0.91,0.83,0.54,0.99,0.57,0.44,0.89,2658.44
ART_04785,49,126,6174,0.39,ink,portrait,10,79,3.84,Italy,1,1,new,2007,228,0.99,0.86,0.54,0.60,0.64,0.57,0.25,0.43,1566.75
ART_04786,82,67,5494,1.22,digital,landscape,23,38,4.45,USA,1,1,good,2008,18,0.80,0.64,0.63,0.49,0.65,0.67,0.31,0.98,1936.04
ART_04787,153,59,9027,2.59,mixed_media,realism,6,21,4.21,Canada,1,1,fair,2014,29,0.95,0.65,0.88,0.36,0.95,0.50,0.84,0.66,2351.12
ART_04788,138,74,10212,1.86,gouache,realism,25,331,4.80,USA,0,61,fair,1995,191,0.99,0.73,0.31,0.37,0.89,0.80,0.30,0.65,2419.01
ART_04789,45,55,2475,0.82,watercolor,pop_art,16,37,3.06,Pakistan,0,44,fair,1999,9,0.85,0.49,0.51,0.93,0.99,0.52,0.80,0.58,414.17
ART_04790,156,33,5148,4.73,acrylic,pop_art,3,193,3.56,India,1,1,new,2006,241,0.84,0.80,0.34,0.77,0.53,0.78,0.53,0.82,2184.86
ART_04791,23,143,3289,0.16,mixed_media,pop_art,14,115,3.96,Japan,1,1,excellent,2018,29,0.93,0.76,0.55,0.48,0.61,0.98,0.85,0.88,2206.00
ART_04792,139,71,9869,1.96,ink,expressionism,22,3,3.02,Italy,1,1,fair,2014,162,0.84,0.84,0.33,0.38,0.70,0.58,0.62,0.86,1617.02
ART_04793,103,73,7519,1.41,watercolor,surrealism,7,0,5.13,UAE,1,1,new,2024,122,0.95,0.63,0.79,0.89,0.99,0.53,0.90,0.48,2415.63
ART_04794,27,31,837,0.87,charcoal,pop_art,0,142,5.02,Italy,0,82,good,2005,176,0.99,0.59,0.77,0.31,0.94,0.68,0.62,0.46,224.17
ART_04795,57,34,1938,1.68,oil,landscape,2,73,4.10,USA,1,1,excellent,2016,56,0.83,0.70,0.59,0.89,0.79,0.49,0.51,0.77,1218.91
ART_04796,49,27,1323,1.81,gouache,landscape,12,348,3.83,India,1,1,fair,1992,211,0.99,0.71,0.48,0.72,0.90,0.99,0.32,0.74,841.01
ART_04797,158,31,4898,5.10,mixed_media,portrait,23,102,4.89,UK,1,1,good,2025,196,0.99,0.58,0.48,0.68,0.99,0.59,0.82,0.96,2980.54
ART_04798,74,81,5994,0.91,acrylic,expressionism,7,369,4.40,Turkey,0,42,good,2012,23,0.94,0.72,0.59,0.74,0.57,0.62,0.28,0.91,1779.43
ART_04799,73,52,3796,1.40,ink,abstract,15,336,5.03,Germany,1,1,excellent,2022,241,0.99,0.86,0.49,0.37,0.84,0.83,0.87,0.52,2019.94
ART_04800,61,48,2928,1.27,digital,minimalism,21,220,4.21,France,1,1,excellent,1997,236,0.99,0.64,0.68,0.50,0.71,0.66,0.73,0.86,1762.92
ART_04801,51,57,2907,0.89,charcoal,landscape,20,23,3.83,Pakistan,1,1,fair,2012,208,0.97,0.77,0.88,0.48,0.79,0.68,0.33,0.93,986.29
ART_04802,46,125,5750,0.37,watercolor,minimalism,1,65,4.70,UAE,0,56,good,2011,12,0.95,0.84,0.85,0.42,0.94,0.89,0.89,0.45,1061.25
ART_04803,127,129,16383,0.98,acrylic,conceptual,22,194,4.32,Germany,1,1,new,2007,245,0.99,0.89,0.36,0.63,0.70,0.74,0.58,0.92,8698.00
ART_04804,44,60,2640,0.73,oil,minimalism,20,234,4.80,UK,1,1,good,2007,171,0.99,0.81,0.66,0.46,0.96,0.89,0.37,0.77,2301.38
ART_04805,79,73,5767,1.08,charcoal,expressionism,15,292,3.97,Germany,0,33,fair,2007,181,0.99,0.84,0.35,0.64,0.99,0.99,0.96,0.52,1340.98
ART_04806,122,126,15372,0.97,oil,conceptual,24,248,3.81,Bangladesh,1,1,good,2001,56,0.99,0.66,0.37,0.65,0.80,0.78,0.30,0.86,7422.72
ART_04807,121,85,10285,1.42,charcoal,minimalism,24,122,5.55,UK,1,1,good,2025,20,0.99,0.59,0.34,0.55,0.65,0.74,0.29,0.91,2954.07
ART_04808,27,133,3591,0.20,pastel,portrait,25,116,5.57,Japan,1,1,good,2011,83,0.99,0.59,0.61,0.81,0.79,0.57,0.38,0.84,2137.14
ART_04809,25,127,3175,0.20,watercolor,realism,0,34,4.53,Japan,0,78,fair,1995,66,0.99,0.77,0.70,0.48,0.99,0.87,0.83,0.68,719.43
ART_04810,76,105,7980,0.72,ink,expressionism,10,6,3.96,UAE,1,1,new,1997,235,0.69,0.71,0.87,0.53,0.65,0.82,0.34,0.56,1816.05
ART_04811,22,83,1826,0.27,mixed_media,pop_art,11,6,5.04,Japan,0,11,excellent,2023,146,0.69,0.63,0.48,0.53,0.55,0.97,0.69,0.92,853.96
ART_04812,116,88,10208,1.32,ink,realism,15,362,5.04,Italy,1,1,fair,2024,206,0.99,0.73,0.58,0.70,0.96,0.99,0.35,0.79,2796.47
ART_04813,22,132,2904,0.17,mixed_media,pop_art,14,28,3.51,Japan,1,1,new,2023,68,0.75,0.66,0.48,0.83,0.82,0.92,0.67,0.53,1284.72
ART_04814,99,38,3762,2.61,watercolor,minimalism,22,347,5.87,Japan,1,1,new,1991,154,0.99,0.89,0.62,0.31,0.66,0.62,0.94,0.85,3084.68
ART_04815,26,39,1014,0.67,digital,abstract,18,34,5.37,Canada,1,1,good,2024,27,0.87,0.85,0.74,0.40,0.72,0.62,0.25,0.89,636.42
ART_04816,159,38,6042,4.18,acrylic,portrait,1,33,4.64,UAE,1,1,good,2005,171,0.66,0.84,0.57,0.82,0.70,0.67,0.49,0.81,1661.01
ART_04817,129,125,16125,1.03,charcoal,pop_art,25,0,3.51,Canada,1,1,excellent,1990,12,0.95,0.66,0.63,0.72,0.81,0.76,0.39,0.88,4229.43
ART_04818,134,89,11926,1.51,watercolor,conceptual,22,167,3.91,Canada,1,1,new,2011,173,0.88,0.94,0.90,0.35,0.91,0.99,0.47,0.75,4884.94
ART_04819,98,135,13230,0.73,gouache,surrealism,8,194,3.41,Japan,0,63,good,1990,161,0.99,0.58,0.73,0.40,0.70,0.83,0.59,0.96,2482.58
ART_04820,153,77,11781,1.99,watercolor,minimalism,3,3,2.64,France,1,1,good,1996,133,0.78,0.89,0.89,0.62,0.60,0.59,0.67,0.46,1580.70
ART_04821,148,122,18056,1.21,charcoal,abstract,1,180,4.87,Bangladesh,1,1,fair,1996,217,0.99,0.82,0.33,0.51,0.98,0.51,0.46,0.75,3695.24
ART_04822,120,52,6240,2.31,ink,pop_art,22,361,5.47,Bangladesh,1,1,new,2009,94,0.99,0.67,0.64,0.47,0.99,0.96,0.85,0.76,3903.44
ART_04823,139,145,20155,0.96,charcoal,pop_art,11,320,5.10,Turkey,1,1,excellent,2010,28,0.99,0.79,0.38,0.53,0.99,0.72,0.91,0.95,6553.35
ART_04824,117,47,5499,2.49,watercolor,abstract,25,50,5.00,Italy,0,14,good,2001,195,0.99,0.67,0.72,0.91,0.63,0.91,0.95,0.44,2173.82
ART_04825,146,94,13724,1.55,mixed_media,expressionism,3,19,3.12,Germany,1,1,good,2008,26,0.99,0.66,0.62,0.78,0.99,0.94,0.79,0.88,3370.72
ART_04826,47,47,2209,1.00,acrylic,minimalism,15,57,3.45,USA,1,1,new,2019,22,0.99,0.76,0.58,0.57,0.72,0.74,0.80,0.92,1423.80
ART_04827,40,80,3200,0.50,oil,impressionism,8,31,3.04,Germany,1,1,new,2001,23,0.99,0.81,0.70,0.87,0.57,0.69,0.26,0.59,1298.20
ART_04828,64,133,8512,0.48,charcoal,conceptual,9,6,5.19,Turkey,0,42,new,2005,188,0.94,0.76,0.33,0.56,0.86,0.50,0.78,0.41,1450.67
ART_04829,39,63,2457,0.62,pastel,portrait,12,167,4.65,Italy,1,1,excellent,2008,12,0.87,0.72,0.40,0.44,0.70,0.73,0.44,0.84,1051.15
ART_04830,79,88,6952,0.90,gouache,minimalism,0,200,5.30,Japan,1,1,new,2006,155,0.72,0.87,0.80,0.53,0.94,0.49,0.82,0.58,2205.79
ART_04831,68,79,5372,0.86,charcoal,abstract,22,0,4.74,UK,1,1,good,2008,138,0.99,0.94,0.33,0.88,0.59,0.51,0.92,0.52,2105.85
ART_04832,78,95,7410,0.82,pastel,expressionism,7,58,4.68,UAE,1,1,new,2013,109,0.78,0.65,0.32,0.50,0.99,0.62,0.37,0.41,1536.96
ART_04833,126,32,4032,3.94,gouache,landscape,3,135,4.47,India,1,1,fair,1991,176,0.99,0.58,0.37,0.73,0.99,0.55,0.92,0.74,1358.69
ART_04834,137,81,11097,1.69,mixed_media,impressionism,24,100,4.87,France,1,1,new,2006,222,0.89,0.80,0.85,0.73,0.59,0.89,0.88,0.99,6053.35
ART_04835,38,151,5738,0.25,ink,pop_art,7,209,5.28,India,1,1,new,2001,142,0.99,0.89,0.34,0.33,0.80,0.53,0.41,0.77,1966.48
ART_04836,137,141,19317,0.97,oil,expressionism,4,28,2.88,India,1,1,good,2006,233,0.96,0.77,0.69,0.86,0.95,0.93,0.61,0.69,4802.06
ART_04837,128,76,9728,1.68,ink,expressionism,2,171,3.91,France,1,1,fair,2021,92,0.71,0.61,0.32,0.78,0.52,0.84,0.51,0.93,1298.24
ART_04838,79,27,2133,2.93,acrylic,realism,15,132,3.71,India,1,1,new,2023,117,0.89,0.89,0.45,0.61,0.66,0.77,0.33,0.88,1435.87
ART_04839,142,100,14200,1.42,charcoal,expressionism,7,0,5.10,Canada,1,1,new,2008,157,0.73,0.85,0.51,0.84,0.94,0.51,0.29,0.99,3638.33
ART_04840,76,160,12160,0.47,oil,impressionism,5,92,3.12,Bangladesh,0,58,good,2018,130,0.75,0.70,0.58,0.91,0.85,0.63,0.93,0.82,2527.09
ART_04841,91,60,5460,1.52,acrylic,minimalism,23,6,4.42,Italy,0,18,good,2014,198,0.99,0.61,0.59,0.84,0.95,0.99,0.70,0.85,2574.56
ART_04842,85,149,12665,0.57,digital,conceptual,15,0,4.27,Bangladesh,0,13,good,2026,169,0.67,0.69,0.59,0.56,0.69,0.59,0.53,0.87,1562.48
ART_04843,144,80,11520,1.80,pastel,landscape,8,190,3.40,USA,1,1,good,1999,42,0.93,0.80,0.48,0.72,0.97,0.56,0.84,0.53,2251.25
ART_04844,109,109,11881,1.00,oil,pop_art,6,396,4.53,Pakistan,0,42,new,2015,36,0.92,0.70,0.77,0.32,0.73,0.91,0.91,0.76,4530.20
ART_04845,159,47,7473,3.38,watercolor,conceptual,0,213,3.59,Japan,1,1,good,1992,127,0.91,0.60,0.48,0.66,0.89,0.74,0.94,0.95,2375.64
ART_04846,125,62,7750,2.02,oil,abstract,0,66,4.73,USA,1,1,new,2017,124,0.99,0.65,0.87,0.57,0.97,0.98,0.49,0.48,2927.12
ART_04847,148,105,15540,1.41,gouache,impressionism,2,146,4.14,UK,1,1,fair,2013,242,0.71,0.59,0.51,0.68,0.61,0.59,0.48,0.62,2012.05
ART_04848,75,26,1950,2.88,mixed_media,minimalism,18,234,5.47,Japan,1,1,excellent,2022,173,0.87,0.81,0.76,0.48,0.56,0.73,0.63,0.67,1732.67
ART_04849,80,113,9040,0.71,pastel,surrealism,19,246,5.10,Canada,1,1,fair,1990,164,0.99,0.89,0.29,0.83,0.85,0.99,0.93,0.84,4749.14
ART_04850,107,58,6206,1.84,mixed_media,surrealism,6,200,5.08,India,0,9,excellent,2008,36,0.95,0.55,0.87,0.81,0.93,0.99,0.27,0.81,2692.63
ART_04851,84,149,12516,0.56,charcoal,portrait,10,27,3.85,USA,1,1,new,2024,241,0.99,0.88,0.87,0.91,0.65,0.68,0.61,0.93,3158.39
ART_04852,30,70,2100,0.43,oil,impressionism,24,27,4.03,Bangladesh,1,1,excellent,2021,190,0.99,0.62,0.65,0.32,0.65,0.55,0.62,0.97,1604.93
ART_04853,120,48,5760,2.50,gouache,pop_art,21,0,5.39,Japan,1,1,excellent,1994,241,0.76,0.70,0.31,0.76,0.59,0.63,0.93,0.73,1976.27
ART_04854,103,28,2884,3.68,pastel,minimalism,23,67,3.24,Canada,1,1,good,2015,221,0.99,0.72,0.80,0.47,0.99,0.96,0.45,0.47,1167.54
ART_04855,76,152,11552,0.50,digital,portrait,22,184,4.20,UAE,1,1,excellent,2018,98,0.98,0.85,0.55,0.49,0.93,0.83,0.80,0.75,3834.26
ART_04856,87,158,13746,0.55,mixed_media,expressionism,1,13,4.09,Canada,1,1,fair,1993,150,0.93,0.91,0.59,0.74,0.69,0.68,0.62,0.68,3170.41
ART_04857,46,133,6118,0.35,pastel,portrait,19,55,5.29,India,0,27,new,2020,211,0.97,0.60,0.78,0.77,0.90,0.99,0.77,0.65,1828.53
ART_04858,87,95,8265,0.92,pastel,pop_art,4,62,3.31,Bangladesh,0,57,fair,1996,129,0.84,0.60,0.83,0.80,0.83,0.63,0.68,0.81,1059.39
ART_04859,152,122,18544,1.25,gouache,pop_art,2,69,3.50,UK,0,17,fair,2004,202,0.96,0.53,0.78,0.38,0.69,0.91,0.50,0.79,1817.30
ART_04860,24,89,2136,0.27,watercolor,surrealism,4,142,3.83,Japan,1,1,fair,2009,151,0.99,0.66,0.68,0.60,0.97,0.75,0.64,0.95,1272.21
ART_04861,61,112,6832,0.54,watercolor,pop_art,14,184,4.00,USA,1,1,fair,2006,202,0.99,0.75,0.79,0.31,0.79,0.51,0.72,0.76,2518.09
ART_04862,87,144,12528,0.60,digital,surrealism,23,13,4.34,USA,1,1,excellent,2025,89,0.77,0.82,0.40,0.41,0.60,0.94,0.39,0.63,2663.94
ART_04863,62,133,8246,0.47,oil,pop_art,14,25,4.41,Italy,1,1,new,2009,162,0.97,0.83,0.47,0.38,0.68,0.89,0.81,0.82,4235.52
ART_04864,88,143,12584,0.62,charcoal,surrealism,14,103,3.66,Japan,0,45,good,2011,96,0.99,0.68,0.48,0.42,0.99,0.99,0.69,0.83,2108.08
ART_04865,99,84,8316,1.18,oil,impressionism,14,213,4.61,Italy,1,1,excellent,2022,142,0.82,0.84,0.64,0.84,0.94,0.51,0.76,0.55,3926.60
ART_04866,141,150,21150,0.94,pastel,landscape,5,330,3.66,UK,1,1,good,1995,95,0.99,0.57,0.28,0.83,0.63,0.69,0.58,0.49,3089.75
ART_04867,41,29,1189,1.41,pastel,abstract,15,133,3.62,Turkey,1,1,good,2015,185,0.99,0.59,0.66,0.47,0.61,0.88,0.91,0.78,838.46
ART_04868,34,114,3876,0.30,mixed_media,conceptual,13,402,4.31,Germany,1,1,fair,2006,153,0.99,0.66,0.89,0.62,0.92,0.96,0.90,0.71,2496.43
ART_04869,60,110,6600,0.55,oil,surrealism,9,244,5.22,Canada,1,1,good,1995,98,0.99,0.62,0.37,0.35,0.70,0.85,0.46,0.47,3626.46
ART_04870,51,89,4539,0.57,gouache,landscape,9,188,3.10,Pakistan,1,1,new,2015,100,0.80,0.63,0.85,0.72,0.57,0.79,0.40,0.61,1149.46
ART_04871,155,59,9145,2.63,acrylic,conceptual,22,169,4.16,Germany,1,1,fair,2024,27,0.99,0.58,0.58,0.81,0.86,0.68,0.43,0.64,2294.00
ART_04872,77,79,6083,0.97,mixed_media,realism,20,250,5.15,USA,1,1,new,2024,133,0.90,0.74,0.57,0.94,0.70,0.57,0.92,0.57,3083.28
ART_04873,102,61,6222,1.67,mixed_media,minimalism,17,128,5.37,India,1,1,excellent,2000,159,0.99,0.62,0.32,0.93,0.99,0.95,0.93,0.43,2872.70
ART_04874,65,67,4355,0.97,acrylic,impressionism,19,158,3.62,USA,1,1,new,1994,99,0.93,0.59,0.65,0.57,0.92,0.50,0.28,0.58,1839.98
ART_04875,115,46,5290,2.50,acrylic,impressionism,8,203,4.30,Canada,0,82,good,2026,187,0.76,0.86,0.62,0.89,0.65,0.80,0.50,0.47,922.45
ART_04876,60,55,3300,1.09,pastel,pop_art,3,8,4.85,UAE,0,40,new,2005,182,0.80,0.60,0.32,0.41,0.52,0.60,0.52,0.67,587.86
ART_04877,37,54,1998,0.69,mixed_media,portrait,21,315,4.91,USA,1,1,new,2026,102,0.93,0.59,0.63,0.38,0.71,0.84,0.80,0.93,2019.99
ART_04878,65,156,10140,0.42,watercolor,conceptual,14,244,4.72,UK,1,1,new,1998,154,0.83,0.64,0.53,0.35,0.82,0.59,0.41,0.65,3523.68
ART_04879,30,20,600,1.50,acrylic,expressionism,15,23,3.75,Canada,1,1,new,2018,107,0.99,0.74,0.78,0.45,0.94,0.97,0.34,0.52,498.72
ART_04880,71,22,1562,3.23,ink,surrealism,15,79,4.16,India,1,1,new,1995,133,0.97,0.96,0.67,0.79,0.95,0.85,0.50,0.62,901.38
ART_04881,90,91,8190,0.99,digital,surrealism,2,209,3.18,France,1,1,fair,1990,211,0.99,0.94,0.39,0.31,0.56,0.89,0.70,0.55,2198.54
ART_04882,98,83,8134,1.18,mixed_media,minimalism,21,311,5.68,Pakistan,1,1,new,2005,149,0.99,0.82,0.45,0.85,0.76,0.86,0.76,0.84,6325.54
ART_04883,84,60,5040,1.40,oil,pop_art,23,37,5.41,India,0,43,excellent,1991,23,0.87,0.83,0.77,0.49,0.60,0.62,0.94,0.76,2726.49
ART_04884,95,98,9310,0.97,oil,abstract,17,24,4.19,Turkey,1,1,fair,2016,90,0.99,0.72,0.87,0.79,0.99,0.83,0.82,0.79,4143.87
ART_04885,90,103,9270,0.87,mixed_media,surrealism,24,163,3.90,USA,1,1,new,2003,208,0.99,0.87,0.39,0.35,0.64,0.60,0.71,0.96,5307.46
ART_04886,158,53,8374,2.98,digital,realism,15,188,4.18,USA,1,1,new,2023,94,0.82,0.96,0.62,0.79,0.96,0.69,0.29,0.64,2604.62
ART_04887,31,145,4495,0.21,gouache,impressionism,8,12,4.42,Pakistan,1,1,fair,1993,94,0.76,0.76,0.33,0.56,0.78,0.47,0.77,0.65,1204.21
ART_04888,136,32,4352,4.25,oil,portrait,12,77,4.55,UK,1,1,good,2018,146,0.99,0.83,0.38,0.73,0.94,0.99,0.62,0.43,1923.95
ART_04889,127,141,17907,0.90,acrylic,portrait,24,343,5.28,Turkey,1,1,fair,2004,170,0.99,0.85,0.48,0.72,0.70,0.70,0.96,0.94,9340.02
ART_04890,140,132,18480,1.06,pastel,landscape,18,155,4.01,Canada,1,1,new,1994,159,0.99,0.95,0.80,0.67,0.80,0.66,0.26,0.44,4710.97
ART_04891,132,109,14388,1.21,digital,conceptual,6,94,4.18,UK,1,1,good,1994,47,0.74,0.86,0.66,0.77,0.66,0.69,0.67,0.59,2574.78
ART_04892,20,112,2240,0.18,oil,realism,0,127,2.79,Germany,1,1,fair,2002,145,0.68,0.77,0.86,0.84,0.50,0.89,0.29,0.78,710.92
ART_04893,107,74,7918,1.45,oil,surrealism,23,277,4.53,India,1,1,new,2016,199,0.99,0.73,0.53,0.41,0.86,0.73,0.85,0.86,7062.55
ART_04894,114,57,6498,2.00,oil,surrealism,0,168,3.09,Turkey,1,1,good,2017,181,0.70,0.78,0.69,0.37,0.76,0.48,0.82,0.42,1889.03
ART_04895,136,156,21216,0.87,pastel,abstract,20,353,4.97,Pakistan,0,81,new,2007,192,0.99,0.53,0.66,0.46,0.69,0.96,0.65,0.76,5029.17
ART_04896,77,159,12243,0.48,gouache,impressionism,2,37,3.93,Canada,1,1,good,2026,194,0.98,0.67,0.54,0.71,0.59,0.71,0.34,0.71,1799.96
ART_04897,52,138,7176,0.38,digital,conceptual,24,56,5.39,India,1,1,excellent,1994,118,0.92,0.82,0.62,0.45,0.62,0.53,0.69,0.84,3340.49
ART_04898,129,110,14190,1.17,oil,pop_art,10,87,4.82,Canada,1,1,fair,2005,112,0.99,0.76,0.65,0.82,0.65,0.96,0.86,0.69,4817.84
ART_04899,136,85,11560,1.60,oil,pop_art,3,253,3.27,Italy,0,20,excellent,1996,230,0.99,0.67,0.42,0.79,0.81,0.67,0.77,0.62,3884.61
ART_04900,129,159,20511,0.81,watercolor,landscape,10,196,4.81,UK,0,9,fair,2007,150,0.76,0.67,0.73,0.65,0.82,0.56,0.55,0.99,3275.77
ART_04901,27,35,945,0.77,acrylic,abstract,11,215,3.76,India,1,1,excellent,2010,235,0.78,0.90,0.45,0.38,0.83,0.94,0.48,0.42,810.86
ART_04902,133,40,5320,3.33,mixed_media,surrealism,21,125,3.36,Italy,1,1,new,2018,104,0.96,0.57,0.71,0.40,0.78,0.66,0.71,0.45,2502.54
ART_04903,144,44,6336,3.27,digital,portrait,8,30,3.34,Turkey,1,1,excellent,1991,98,0.99,0.58,0.39,0.50,0.99,0.63,0.57,0.75,1845.99
ART_04904,99,52,5148,1.90,ink,conceptual,0,211,4.40,UAE,1,1,fair,2002,34,0.96,0.92,0.33,0.62,0.87,0.83,0.93,0.96,1858.79
ART_04905,124,36,4464,3.44,acrylic,conceptual,18,246,4.96,Bangladesh,1,1,good,2016,241,0.99,0.66,0.47,0.94,0.75,0.82,0.41,0.42,1832.44
ART_04906,99,159,15741,0.62,charcoal,impressionism,15,4,3.46,USA,0,75,new,2006,205,0.79,0.76,0.51,0.67,0.55,0.67,0.29,0.73,1859.78
ART_04907,138,49,6762,2.82,gouache,expressionism,0,353,3.57,France,1,1,fair,2016,98,0.76,0.68,0.57,0.37,0.74,0.89,0.26,0.95,1391.19
ART_04908,76,44,3344,1.73,oil,portrait,15,146,4.15,UAE,1,1,fair,2024,13,0.81,0.63,0.85,0.63,0.67,0.79,0.50,0.89,1574.27
ART_04909,127,51,6477,2.49,gouache,minimalism,18,159,4.37,Japan,1,1,good,2014,43,0.99,0.82,0.62,0.75,0.99,0.60,0.35,0.42,1656.28
ART_04910,136,153,20808,0.89,watercolor,pop_art,4,397,3.87,Italy,0,68,fair,2026,109,0.99,0.60,0.89,0.55,0.61,0.52,0.51,0.95,2519.19
ART_04911,47,41,1927,1.15,gouache,realism,17,404,3.98,USA,0,54,new,2009,189,0.99,0.82,0.28,0.65,0.69,0.61,0.93,0.63,811.85
ART_04912,100,48,4800,2.08,pastel,pop_art,25,144,3.34,Pakistan,1,1,excellent,2025,166,0.99,0.75,0.62,0.95,0.99,0.99,0.73,0.77,2388.87
ART_04913,150,45,6750,3.33,mixed_media,impressionism,0,310,5.10,Turkey,1,1,good,1990,224,0.99,0.78,0.59,0.80,0.62,0.58,0.64,0.69,3172.70
ART_04914,31,91,2821,0.34,oil,realism,6,235,3.28,Germany,1,1,good,2006,152,0.99,0.61,0.66,0.82,0.64,0.96,0.33,0.85,1609.73
ART_04915,148,48,7104,3.08,ink,surrealism,10,55,4.07,UAE,1,1,good,2016,217,0.79,0.92,0.86,0.81,0.99,0.88,0.52,0.71,2119.87
ART_04916,89,96,8544,0.93,pastel,surrealism,18,147,3.77,Germany,1,1,good,1994,165,0.99,0.75,0.40,0.76,0.99,0.60,0.55,0.47,3009.55
ART_04917,88,106,9328,0.83,oil,realism,2,0,3.56,Pakistan,1,1,good,2025,173,0.86,0.82,0.35,0.53,0.99,0.89,0.44,0.58,2508.06
ART_04918,81,130,10530,0.62,gouache,surrealism,25,210,5.24,Canada,1,1,new,1990,40,0.99,0.73,0.53,0.76,0.78,0.89,0.42,0.94,6204.06
ART_04919,68,46,3128,1.48,acrylic,realism,24,269,4.86,UK,0,11,good,2020,110,0.92,0.80,0.36,0.36,0.57,0.50,0.27,0.76,1758.62
ART_04920,81,96,7776,0.84,ink,realism,7,180,4.04,Pakistan,1,1,new,2004,158,0.99,0.76,0.52,0.90,0.64,0.65,0.27,0.87,2178.69
ART_04921,98,39,3822,2.51,pastel,surrealism,5,39,4.77,UAE,1,1,fair,2013,29,0.67,0.75,0.85,0.69,0.97,0.80,0.89,0.97,1232.79
ART_04922,34,93,3162,0.37,charcoal,expressionism,22,136,5.11,Bangladesh,1,1,excellent,2002,127,0.95,0.89,0.79,0.92,0.81,0.72,0.50,0.98,2214.13
ART_04923,146,35,5110,4.17,mixed_media,surrealism,4,0,2.88,India,0,73,new,2013,50,0.83,0.58,0.74,0.43,0.66,0.74,0.89,0.83,980.08
ART_04924,55,133,7315,0.41,ink,minimalism,13,153,3.64,UK,1,1,good,1995,59,0.94,0.81,0.64,0.57,0.99,0.79,0.42,0.61,1567.06
ART_04925,72,120,8640,0.60,gouache,landscape,11,26,5.18,Germany,1,1,good,2016,38,0.99,0.61,0.84,0.61,0.81,0.50,0.57,0.63,2234.50
ART_04926,26,107,2782,0.24,charcoal,conceptual,3,92,3.27,India,1,1,new,2001,228,0.76,0.90,0.84,0.67,0.95,0.93,0.83,0.47,1016.12
ART_04927,59,62,3658,0.95,charcoal,landscape,16,358,4.25,Turkey,1,1,fair,1992,88,0.99,0.94,0.55,0.53,0.86,0.67,0.78,0.57,1387.31
ART_04928,53,137,7261,0.39,watercolor,impressionism,4,93,3.07,Germany,1,1,new,2004,219,0.99,0.85,0.65,0.81,0.99,0.88,0.63,0.43,2205.61
ART_04929,52,148,7696,0.35,watercolor,impressionism,8,23,4.51,Pakistan,1,1,fair,2021,22,0.99,0.83,0.55,0.45,0.90,0.54,0.43,0.98,1745.32
ART_04930,28,103,2884,0.27,pastel,conceptual,4,75,4.30,Turkey,1,1,good,1999,103,0.80,0.62,0.40,0.48,0.64,0.69,0.74,0.46,729.98
ART_04931,41,152,6232,0.27,digital,conceptual,18,190,5.03,Japan,1,1,new,1996,47,0.84,0.67,0.83,0.95,0.75,0.52,0.89,0.82,2431.09
ART_04932,110,33,3630,3.33,oil,impressionism,19,129,5.40,Italy,1,1,new,2007,210,0.99,0.69,0.28,0.68,0.83,0.63,0.51,0.66,3231.42
ART_04933,26,91,2366,0.29,mixed_media,minimalism,4,17,4.26,UK,0,73,fair,1998,234,0.99,0.60,0.78,0.44,0.83,0.90,0.48,0.78,617.66
ART_04934,26,61,1586,0.43,pastel,impressionism,9,221,3.45,USA,1,1,new,2021,110,0.94,0.78,0.63,0.38,0.99,0.78,0.39,0.87,1064.71
ART_04935,104,111,11544,0.94,acrylic,impressionism,0,283,4.33,Canada,1,1,excellent,2022,247,0.81,0.80,0.78,0.94,0.98,0.75,0.61,0.73,4127.34
ART_04936,136,134,18224,1.01,charcoal,landscape,16,90,4.92,Canada,1,1,new,2005,23,0.99,0.87,0.33,0.59,0.99,0.60,0.95,0.66,4684.01
ART_04937,114,141,16074,0.81,acrylic,portrait,25,30,5.36,India,1,1,fair,2006,181,0.88,0.70,0.44,0.90,0.57,0.53,0.64,0.68,4585.96
ART_04938,112,148,16576,0.76,oil,conceptual,4,316,4.44,UAE,0,25,fair,2013,38,0.81,0.74,0.67,0.76,0.95,0.60,0.57,0.75,3022.67
ART_04939,94,113,10622,0.83,acrylic,pop_art,8,144,3.77,Italy,1,1,new,1990,184,0.99,0.80,0.44,0.50,0.69,0.61,0.61,0.78,4053.56
ART_04940,91,97,8827,0.94,digital,expressionism,24,363,3.62,Germany,1,1,fair,1998,118,0.92,0.58,0.73,0.75,0.99,0.99,0.90,0.57,2824.42
ART_04941,47,30,1410,1.57,mixed_media,surrealism,4,237,4.44,Canada,1,1,fair,2013,102,0.99,0.79,0.86,0.89,0.95,0.96,0.67,0.65,954.72
ART_04942,36,101,3636,0.36,acrylic,expressionism,6,141,5.19,UAE,0,71,fair,1991,241,0.84,0.83,0.65,0.79,0.70,0.49,0.60,0.52,795.75
ART_04943,27,96,2592,0.28,digital,pop_art,16,366,5.11,Turkey,0,72,good,2018,231,0.95,0.82,0.51,0.45,0.87,0.56,0.66,0.74,1062.21
ART_04944,84,126,10584,0.67,oil,expressionism,20,10,3.84,Pakistan,1,1,good,2020,243,0.92,0.80,0.55,0.44,0.99,0.84,0.52,0.73,4373.60
ART_04945,151,82,12382,1.84,digital,abstract,12,361,4.93,India,0,44,fair,2025,71,0.99,0.87,0.84,0.59,0.71,0.80,0.69,0.48,2368.78
ART_04946,157,151,23707,1.04,watercolor,conceptual,17,187,4.72,Turkey,1,1,excellent,2026,222,0.91,0.58,0.46,0.68,0.56,0.88,0.77,0.87,6833.51
ART_04947,101,104,10504,0.97,gouache,minimalism,17,4,3.15,Germany,1,1,good,2008,203,0.95,0.90,0.61,0.51,0.99,0.66,0.80,0.74,2391.13
ART_04948,89,57,5073,1.56,pastel,pop_art,1,312,5.13,UK,1,1,excellent,2000,240,0.95,0.64,0.79,0.67,0.95,0.52,0.89,0.44,2305.43
ART_04949,37,154,5698,0.24,pastel,portrait,24,0,4.07,Italy,0,57,new,2004,95,0.73,0.67,0.64,0.36,0.61,0.90,0.90,0.68,1451.32
ART_04950,86,129,11094,0.67,watercolor,landscape,18,153,5.24,France,1,1,fair,2025,240,0.99,0.78,0.29,0.43,0.99,0.87,0.82,0.58,3370.34
ART_04951,39,59,2301,0.66,pastel,minimalism,1,62,2.85,India,1,1,excellent,1995,175,0.99,0.74,0.39,0.57,0.99,0.87,0.29,0.58,680.87
ART_04952,77,148,11396,0.52,pastel,impressionism,1,86,2.86,Italy,1,1,fair,2010,223,0.69,0.76,0.80,0.38,0.84,0.95,0.89,0.72,2150.71
ART_04953,27,70,1890,0.39,acrylic,conceptual,21,139,4.20,Italy,0,48,new,1993,110,0.99,0.64,0.75,0.65,0.97,0.60,0.45,0.55,860.83
ART_04954,110,90,9900,1.22,pastel,abstract,1,144,2.81,India,1,1,good,2009,110,0.91,0.72,0.78,0.72,0.99,0.73,0.92,0.41,1586.84
ART_04955,49,37,1813,1.32,mixed_media,landscape,21,56,3.36,India,1,1,good,2024,55,0.88,0.69,0.72,0.67,0.61,0.60,0.38,0.84,847.40
ART_04956,141,111,15651,1.27,mixed_media,impressionism,23,342,3.70,Germany,1,1,fair,2021,78,0.99,0.69,0.54,0.57,0.92,0.88,0.60,0.62,4508.78
ART_04957,76,87,6612,0.87,oil,pop_art,20,32,5.28,UK,1,1,new,2010,117,0.99,0.69,0.59,0.84,0.81,0.67,0.34,0.73,3299.64
ART_04958,157,147,23079,1.07,mixed_media,impressionism,22,191,3.38,Pakistan,1,1,fair,2017,52,0.96,0.88,0.67,0.38,0.81,0.89,0.72,0.67,5928.59
ART_04959,154,47,7238,3.28,watercolor,abstract,16,66,5.44,Italy,0,65,excellent,1997,46,0.99,0.73,0.46,0.68,0.77,0.84,0.29,0.58,1647.29
ART_04960,103,99,10197,1.04,pastel,expressionism,12,114,4.01,India,1,1,good,2024,159,0.93,0.82,0.60,0.38,0.81,0.71,0.55,0.94,2806.28
ART_04961,127,119,15113,1.07,oil,realism,3,3,2.98,Germany,0,28,fair,2008,61,0.74,0.83,0.59,0.44,0.87,0.48,0.60,0.44,1831.45
ART_04962,97,45,4365,2.16,watercolor,abstract,15,53,5.30,USA,1,1,excellent,1992,17,0.82,0.63,0.56,0.38,0.60,0.97,0.42,0.85,2047.28
ART_04963,38,147,5586,0.26,ink,surrealism,2,58,4.17,Turkey,1,1,fair,1998,113,0.79,0.61,0.41,0.74,0.72,0.90,0.90,0.73,1266.58
ART_04964,139,31,4309,4.48,oil,portrait,19,0,3.05,India,1,1,new,2011,38,0.73,0.76,0.41,0.84,0.83,0.52,0.74,0.54,1496.35
ART_04965,124,124,15376,1.00,oil,conceptual,18,202,3.89,France,1,1,excellent,2022,232,0.99,0.85,0.85,0.68,0.84,0.97,0.86,0.89,8570.26
ART_04966,153,126,19278,1.21,charcoal,pop_art,22,201,4.98,Germany,1,1,new,1998,111,0.97,0.88,0.56,0.81,0.84,0.99,0.62,0.65,5934.01
ART_04967,94,129,12126,0.73,gouache,landscape,18,109,4.76,India,0,61,good,2003,242,0.99,0.49,0.81,0.94,0.65,0.98,0.63,0.51,2040.83
ART_04968,32,70,2240,0.46,ink,impressionism,1,300,4.52,France,1,1,excellent,2007,169,0.99,0.67,0.71,0.47,0.63,0.84,0.56,0.78,1335.32
ART_04969,119,106,12614,1.12,mixed_media,realism,23,312,5.29,Turkey,0,36,fair,2005,71,0.91,0.84,0.63,0.66,0.93,0.75,0.81,0.62,4434.20
ART_04970,156,128,19968,1.22,oil,abstract,8,8,3.99,India,0,63,good,1990,97,0.99,0.58,0.64,0.62,0.84,0.87,0.66,0.84,4689.09
ART_04971,132,91,12012,1.45,pastel,conceptual,1,24,3.08,Italy,1,1,good,2001,137,0.95,0.90,0.61,0.45,0.66,0.82,0.84,0.67,2086.59
ART_04972,51,21,1071,2.43,pastel,minimalism,4,297,4.08,Germany,1,1,new,1994,218,0.99,0.69,0.65,0.48,0.92,0.67,0.29,0.73,740.65
ART_04973,89,90,8010,0.99,oil,abstract,12,117,4.52,Bangladesh,1,1,new,2025,183,0.99,0.91,0.34,0.36,0.91,0.64,0.46,0.66,4020.32
ART_04974,159,98,15582,1.62,watercolor,realism,25,395,3.83,Italy,1,1,fair,1999,168,0.99,0.78,0.57,0.77,0.87,0.95,0.77,0.75,6483.57
ART_04975,45,29,1305,1.55,acrylic,portrait,23,240,5.11,Japan,1,1,new,2008,65,0.99,0.87,0.31,0.87,0.91,0.84,0.59,0.92,1611.04
ART_04976,114,110,12540,1.04,acrylic,portrait,9,132,4.95,Germany,1,1,fair,2009,90,0.99,0.89,0.48,0.46,0.98,0.95,0.58,0.85,4984.63
ART_04977,48,119,5712,0.40,acrylic,abstract,12,235,4.73,UAE,1,1,excellent,2016,151,0.99,0.66,0.32,0.36,0.57,0.83,0.63,0.87,3933.91
ART_04978,31,68,2108,0.46,digital,abstract,19,319,4.90,India,0,70,excellent,1999,192,0.95,0.79,0.58,0.34,0.99,0.51,0.78,0.49,906.37
ART_04979,37,157,5809,0.24,oil,realism,8,78,4.12,USA,1,1,good,1995,96,0.90,0.92,0.87,0.58,0.54,0.90,0.33,0.65,2427.65
ART_04980,32,142,4544,0.23,watercolor,conceptual,17,40,4.02,UAE,1,1,fair,2010,58,0.88,0.69,0.31,0.68,0.99,0.92,0.85,0.59,1499.77
ART_04981,33,93,3069,0.35,digital,realism,5,317,4.70,India,1,1,good,1994,153,0.99,0.59,0.65,0.48,0.97,0.88,0.94,0.59,1893.37
ART_04982,96,69,6624,1.39,ink,abstract,18,1,3.89,Bangladesh,1,1,new,2019,120,0.99,0.94,0.37,0.82,0.55,0.88,0.48,0.66,2040.55
ART_04983,130,112,14560,1.16,mixed_media,impressionism,17,39,3.88,Turkey,1,1,excellent,2024,115,0.99,0.57,0.43,0.88,0.93,0.75,0.94,0.85,4797.40
ART_04984,95,94,8930,1.01,mixed_media,impressionism,12,419,4.56,Canada,1,1,good,1990,170,0.98,0.70,0.73,0.60,0.93,0.76,0.76,0.43,4470.82
ART_04985,25,115,2875,0.22,pastel,portrait,25,172,5.71,India,1,1,fair,2005,174,0.94,0.79,0.77,0.42,0.73,0.62,0.30,0.85,1749.84
ART_04986,112,140,15680,0.80,acrylic,expressionism,9,204,3.48,USA,0,44,new,2008,138,0.99,0.86,0.63,0.75,0.94,0.61,0.42,0.56,2860.68
ART_04987,50,73,3650,0.68,oil,minimalism,19,312,5.57,Turkey,1,1,fair,2026,24,0.97,0.87,0.33,0.85,0.99,0.75,0.64,0.49,2051.41
ART_04988,40,119,4760,0.34,mixed_media,impressionism,4,15,4.32,Pakistan,1,1,excellent,2004,46,0.64,0.57,0.53,0.62,0.90,0.62,0.44,0.79,1414.96
ART_04989,39,131,5109,0.30,oil,minimalism,2,298,5.15,France,0,8,new,1990,175,0.99,0.79,0.40,0.47,0.99,0.64,0.85,0.56,3436.57
ART_04990,153,121,18513,1.26,charcoal,realism,20,358,4.19,India,1,1,excellent,2014,243,0.92,0.65,0.83,0.46,0.90,0.50,0.37,0.77,5694.53
ART_04991,120,49,5880,2.45,digital,pop_art,18,200,3.49,Germany,1,1,fair,2022,99,0.99,0.63,0.30,0.58,0.73,0.83,0.97,0.78,1918.11
ART_04992,81,92,7452,0.88,watercolor,abstract,25,71,3.58,Italy,1,1,excellent,1999,233,0.99,0.66,0.41,0.89,0.84,0.57,0.89,0.42,2339.75
ART_04993,38,151,5738,0.25,oil,impressionism,14,345,5.61,India,1,1,good,2007,38,0.95,0.66,0.82,0.34,0.70,0.93,0.56,0.58,3832.81
ART_04994,30,151,4530,0.20,mixed_media,minimalism,9,300,4.60,Canada,0,7,fair,1999,224,0.88,0.71,0.40,0.78,0.67,0.58,0.66,0.81,1969.42
ART_04995,35,100,3500,0.35,digital,pop_art,20,293,3.59,India,1,1,good,2003,224,0.88,0.94,0.71,0.85,0.75,0.79,0.29,0.97,1882.56
ART_04996,105,58,6090,1.81,pastel,portrait,13,393,4.37,Bangladesh,1,1,fair,2010,222,0.99,0.61,0.51,0.58,0.64,0.78,0.73,0.77,2448.67
ART_04997,105,50,5250,2.10,watercolor,realism,0,371,4.11,Italy,1,1,excellent,1990,117,0.81,0.68,0.44,0.62,0.99,0.59,0.53,0.89,2441.73
ART_04998,81,80,6480,1.01,oil,landscape,21,296,4.48,Turkey,1,1,new,2005,144,0.95,0.79,0.45,0.95,0.83,0.99,0.55,0.85,4737.09
ART_04999,115,101,11615,1.14,digital,portrait,10,219,3.76,Germany,1,1,excellent,2007,43,0.82,0.82,0.55,0.76,0.71,0.61,0.75,0.99,3876.02
ART_05000,112,104,11648,1.08,ink,pop_art,24,205,4.84,India,1,1,excellent,2011,233,0.99,0.90,0.31,0.92,0.74,0.69,0.34,0.75,4196.41