product_id,sku,name,slug,permalink,currency,price_pkr,regular_price_pkr,sale_price_pkr,on_sale,is_in_stock,is_purchasable,low_stock_remaining,average_rating,review_count,category_list,primary_category,tag_list,primary_tag,artist,medium,size_text,description_text,width,height,depth,area_2d,title_length,description_length,is_artwork_estimate
4892,AR-164892,Alhamdulillah 🌹,alhamdulillah-%f0%9f%8c%b9,https://artreserves.com/product/alhamdulillah-%f0%9f%8c%b9/,PKR,5000.0,7000.0,5000.0,True,True,True,,0,0,Acrylic Paintings|Paintings,Acrylic Paintings,Acrylic on Canvas,Acrylic on Canvas,,,12 X 12 INCHES,"If you’re grateful, I will surely increase you (in favor) ~ Al-Qura’an 🌻",12.0,12.0,,144.0,15,72,True
1302,AR-651302,Transformation I,transformation-i,https://artreserves.com/product/transformation-i/,PKR,95000.0,95000.0,95000.0,False,True,True,1,0,0,Paintings,Paintings,Gouache on Wasli,Gouache on Wasli,,,9.84 x 12.6 INCHES,"Shumaila Islam Biography Born in Lahore, Pakistan, she is M.Phil in studio Practice Finearts from PUCAD. She has acquired training of calligraphy from CCRS-NCA. She has displayed her work in more than 25 group shows on renowned national art platforms and one calligraphy group show in Turkey. She has been part of artist residency at Shakir Ali Museum in 2018. Her work has been selected for Santorini-Mykonos art fairs Greece 2018 and Izmir Biennale 2019. Currently, she is teaching at University of Education and Sargodha University. Statement Being not confined to a single medium, I categorize myself a visual artist. I have been trained in conventional arts of painting, but did experimentation in my works, maintaining the soul of chosen genre according thought process and concepts. My inspirations stimulate from nature and support me to present all kinds of observations and feelings. I choose representational imagery, recalling all the experiences that are in my subconscious, experimenting with linear elements, which I overlay and deploy in order to create a physical construction with abundant lyricism. Segments of nature are revolved into emotional catharsis as a vital need to express thoughts through a constant methodological and flexible investigation. I try to create images provided with a personal sensibility and originality. They show assured sensations of movement. I am producing art pieces on Wasli using gauche, ink and pointers.",9.84,12.6,,123.984,16,1458,True
3748,AR-513748,Untitled,untitled-161,https://artreserves.com/product/untitled-161/,PKR,70000.0,70000.0,70000.0,False,True,True,1,0,0,Freedom in Jail,Freedom in Jail,Embroidery &amp; Oil On Canvas,Embroidery &amp; Oil On Canvas,,,24 x 36 INCHES,,24.0,36.0,,864.0,8,0,True
3589,AR-133589,Untitled,untitled-104,https://artreserves.com/product/untitled-104/,PKR,10000.0,10000.0,10000.0,False,True,True,1,0,0,Freedom in Jail,Freedom in Jail,Oil on Canvas,Oil on Canvas,,,20 x 30 INCHES,,20.0,30.0,,600.0,8,0,True
3621,AR-913621,Untitled,untitled-119,https://artreserves.com/product/untitled-119/,PKR,12000.0,12000.0,12000.0,False,True,True,1,0,0,Freedom in Jail,Freedom in Jail,Oil on Canvas,Oil on Canvas,,,20 x 30 INCHES,,20.0,30.0,,600.0,8,0,True
5118,AR-795118,Old Place,old-place,https://artreserves.com/product/old-place/,PKR,12900.0,12900.0,12900.0,False,True,True,,0,0,Oil Paintings|Paintings,Oil Paintings,Oil Paint On Scholar Sheet,Oil Paint On Scholar Sheet,,,16 X 20 INCHES,This Realism painting is of a beautiful place somewhere in Scotland. the painting is done in oil medium on scholar sheet (without frame),16.0,20.0,,320.0,9,136,True
7032,AR-667032,LOVE,love-3,https://artreserves.com/product/love-3/,PKR,15000.0,15000.0,15000.0,False,True,True,1,0,0,Freedom in Jail,Freedom in Jail,Oil on Canvas,Oil on Canvas,,,24 x 36 INCHES,,24.0,36.0,,864.0,4,0,True
1208,AR-751208,The Yellow Door,the-yellow-door-11,https://artreserves.com/product/the-yellow-door-11/,PKR,20000.0,20000.0,20000.0,False,True,True,1,0,0,Acrylic Paintings|Paintings,Acrylic Paintings,Acrylic on Canvas,Acrylic on Canvas,,,24 x 36 INCHES,,24.0,36.0,,864.0,15,0,True
6997,AR-116997,Hard Work,hard-work,https://artreserves.com/product/hard-work/,PKR,10000.0,10000.0,10000.0,False,True,True,1,0,0,Freedom in Jail,Freedom in Jail,Oil on Canvas,Oil on Canvas,,,18 x 24 INCHES,,18.0,24.0,,432.0,9,0,True
1201,AR-371201,The Yellow Door,the-yellow-door-4,https://artreserves.com/product/the-yellow-door-4/,PKR,15000.0,15000.0,15000.0,False,True,True,1,0,0,Paintings,Paintings,Acrylic on Canvas,Acrylic on Canvas,,,18 x 24 INCHES,,18.0,24.0,,432.0,15,0,True
3463,AR-553463,Untitled,untitled-50,https://artreserves.com/product/untitled-50/,PKR,7000.0,7000.0,7000.0,False,True,True,1,0,0,Freedom in Jail|Oil Paintings,Freedom in Jail,Oil on Canvas,Oil on Canvas,,,18 x 24 INCHES,,18.0,24.0,,432.0,8,0,True
3239,AR-893239,Dreamland,dreamland,https://artreserves.com/product/dreamland/,PKR,22000.0,27000.0,22000.0,True,True,True,1,0,0,Acrylic Paintings|Paintings,Acrylic Paintings,Acrylic on Canvas,Acrylic on Canvas,,,24 X 18 INCHES,"The painting depicts our migration from despair, suffering and pain to a land of hope, success and prosperity – A place where we want to be – Our Dreamland.",24.0,18.0,,432.0,9,156,False
6128,AR-166128,White beauty,white-beauty,https://artreserves.com/product/white-beauty/,PKR,10000.0,10000.0,10000.0,False,True,True,1,0,0,Acrylic Paintings|Paintings,Acrylic Paintings,Acrylic and Mix Medium on Canvas,Acrylic and Mix Medium on Canvas,,,18 X 24 INCHES,Its acrylic on canvas as always said horses are beauty of art.,18.0,24.0,,432.0,12,62,True
4424,TA97045,"99 Name of ALLAH, Acrylic painting ,36 by 24 inches by Hafida&#8217;tu Abdil Qadir",99-name-of-allah-acrylic-painting-36-by-24-inches-by-hafidatu-abdil-qadir,https://artreserves.com/product/99-name-of-allah-acrylic-painting-36-by-24-inches-by-hafidatu-abdil-qadir/,PKR,13500.0,13500.0,13500.0,False,True,True,,0,0,Acrylic Paintings|Paintings,Acrylic Paintings,Acrylic on Canvas,Acrylic on Canvas,,,36 X 24 INCHES,This painting will be an eye catching display for your home décor. Calligraphy canvas painting of size 36 × 24 INCHES by Hafida-tu-Abdil Qadir. Sharp and Vibrant Colors. Shining Look. Varnished Surface. Ready to hang canvas. Painting with out frame.,36.0,24.0,,864.0,82,249,False
3665,AR-623665,Untitled,untitled-133,https://artreserves.com/product/untitled-133/,PKR,6000.0,6000.0,6000.0,False,True,True,1,0,0,Freedom in Jail,Freedom in Jail,Oil on Canvas,Oil on Canvas,,,20 x 30 INCHES,,20.0,30.0,,600.0,8,0,True
7552,AR-423895-1,Maries Acrylic Green Pale Color 75ML,maries-acrylic-green-pale-color-75ml,https://artreserves.com/product/maries-acrylic-green-pale-color-75ml/,PKR,310.0,350.0,310.0,True,True,True,2,0,0,Acrylic Paints|Art Supplies,Acrylic Paints,acrylic paint|maries|maries acrylic color|paints,acrylic paint,,,No.503,,,,,,36,0,False
7028,AR-197028,WILD LIFE,wild-life,https://artreserves.com/product/wild-life/,PKR,9000.0,9000.0,9000.0,False,True,True,1,0,0,Freedom in Jail,Freedom in Jail,Oil on Canvas,Oil on Canvas,,,18 x 24 INCHES,,18.0,24.0,,432.0,9,0,True
5634,AR-895634,Journey towards Eternity,journey-towards-eternity,https://artreserves.com/product/journey-towards-eternity/,PKR,230000.0,230000.0,230000.0,False,True,True,1,0,0,Oil Paintings|Paintings,Oil Paintings,Oil on Canvas,Oil on Canvas,,,53.5 X 34.5 INCHES,Painting dipicts the journey of mankind towards Eternity. Each second the world is changing everything is changing. We are not at rest position actually.,53.5,34.5,,1845.75,24,153,True
6372,AR-646372,Melancholy,melancholy,https://artreserves.com/product/melancholy/,PKR,65000.0,65000.0,65000.0,False,True,True,1,0,0,Acrylic Paintings|Paintings,Acrylic Paintings,Acrylic on Canvas,Acrylic on Canvas,,,20 X 18 INCHES,"Pain and suffering are always inevitable for a large intelligence and a deep heart. The really great man must, I think, have greatly sadness on earth.",20.0,18.0,,360.0,10,150,True
4094,AR-644094,Pen (Freedom In Jail),644094,https://artreserves.com/product/644094/,PKR,300.0,300.0,300.0,False,True,True,1,0,0,Crafts,Crafts,Moti Work,Moti Work,,,RS 300 PER PIECE,,,,,,21,0,True
3688,AR-613688,Untitled,untitled-144,https://artreserves.com/product/untitled-144/,PKR,9000.0,9000.0,9000.0,False,True,True,1,0,0,Freedom in Jail,Freedom in Jail,Oil on Canvas,Oil on Canvas,,,24 x 24 INCHES,,24.0,24.0,,576.0,8,0,True
3973,AR-963973,White Petals,white-petals,https://artreserves.com/product/white-petals/,PKR,10000.0,10000.0,10000.0,False,True,True,,0,0,Acrylic Paintings|Paintings,Acrylic Paintings,Acrylic on Canvas,Acrylic on Canvas,,,18 X 12 INCHES,,18.0,12.0,,216.0,12,0,True
2663,AR-552663,Incertitude,incertitude,https://artreserves.com/product/incertitude/,PKR,60000.0,60000.0,60000.0,False,True,True,,0,0,Paintings,Paintings,Gouache on Wasli,Gouache on Wasli,,,8 X 8 INCHES,As an artist I work to develop sculptures that speak to me and to others as well. The reason why I produce art is that I love to communicate with world through my work. My whole idea revolves around human life. The thing which gained my attention is “Human Condition” interpret both negative and positive aspects of being human.,8.0,8.0,,64.0,11,328,True
7026,AR-217026,UNTITLED,untitled-187,https://artreserves.com/product/untitled-187/,PKR,9000.0,9000.0,9000.0,False,True,True,1,0,0,Freedom in Jail,Freedom in Jail,Oil on Canvas,Oil on Canvas,,,18 x 24 INCHES,,18.0,24.0,,432.0,8,0,True
6986,AR-146986,Visitor,visitor,https://artreserves.com/product/visitor/,PKR,12000.0,12000.0,12000.0,False,True,True,1,0,0,Freedom in Jail,Freedom in Jail,Oil on Canvas,Oil on Canvas,,,24 x 30 INCHES,,24.0,30.0,,720.0,7,0,True
5738,AR-365738,Calligraphy,calligraphy-4,https://artreserves.com/product/calligraphy-4/,PKR,5500.0,6000.0,5500.0,True,True,True,,0,0,Calligraphy|Oil Paintings,Calligraphy,Oil on Canvas,Oil on Canvas,,,24 X 12 INCHES,Worse of the Holy Quran.,24.0,12.0,,288.0,11,24,True
3258,AR-863258,Timeless,timeless,https://artreserves.com/product/timeless/,PKR,28000.0,34000.0,28000.0,True,True,True,,0,0,Oil Paintings|Paintings,Oil Paintings,Oil on Canvas,Oil on Canvas,,,24 X 24 INCHES,Time – the most valuable asset that anyone has – An asset that cannot be regained.,24.0,24.0,,576.0,8,82,True
3554,AR-763554,Untitled,untitled-88,https://artreserves.com/product/untitled-88/,PKR,10000.0,10000.0,10000.0,False,True,True,1,0,0,Freedom in Jail|Oil Paintings,Freedom in Jail,Oil on Canvas,Oil on Canvas,,,20 x 30 INCHES,,20.0,30.0,,600.0,8,0,True
3597,AR-213597,Untitled,untitled-108,https://artreserves.com/product/untitled-108/,PKR,8000.0,8000.0,8000.0,False,True,True,1,0,0,Freedom in Jail,Freedom in Jail,Oil on Canvas,Oil on Canvas,,,18 x 24 INCHES,,18.0,24.0,,432.0,8,0,True
1281,AR-481281,Ecstasy II,ecstasy-ii,https://artreserves.com/product/ecstasy-ii/,PKR,95000.0,95000.0,95000.0,False,True,True,1,0,0,Paintings,Paintings,Gouache on Wasli,Gouache on Wasli,,,14.96 x 14.96 INCHES,"Shumaila Islam Biography Born in Lahore, Pakistan, she is M.Phil in studio Practice Finearts from PUCAD. She has acquired training of calligraphy from CCRS-NCA. She has displayed her work in more than 25 group shows on renowned national art platforms and one calligraphy group show in Turkey. She has been part of artist residency at Shakir Ali Museum in 2018. Her work has been selected for Santorini-Mykonos art fairs Greece 2018 and Izmir Biennale 2019. Currently, she is teaching at University of Education and Sargodha University. Statement Being not confined to a single medium, I categorize myself a visual artist. I have been trained in conventional arts of painting, but did experimentation in my works, maintaining the soul of chosen genre according thought process and concepts. My inspirations stimulate from nature and support me to present all kinds of observations and feelings. I choose representational imagery, recalling all the experiences that are in my subconscious, experimenting with linear elements, which I overlay and deploy in order to create a physical construction with abundant lyricism. Segments of nature are revolved into emotional catharsis as a vital need to express thoughts through a constant methodological and flexible investigation. I try to create images provided with a personal sensibility and originality. They show assured sensations of movement. I am producing art pieces on Wasli using gauche, ink and pointers.",14.96,14.96,,223.80160000000004,10,1458,True
4635,AR-244635,Unwanted dreams,unwanted-dreams,https://artreserves.com/product/unwanted-dreams/,PKR,28000.0,28000.0,28000.0,False,True,True,,0,0,Oil Paintings|Paintings,Oil Paintings,Oil on Canvas,Oil on Canvas,,,24 X 24 INCHES,,24.0,24.0,,576.0,15,0,True
3660,AR-673660,Untitled,untitled-130,https://artreserves.com/product/untitled-130/,PKR,12000.0,12000.0,12000.0,False,True,True,1,0,0,Freedom in Jail,Freedom in Jail,Oil on Canvas,Oil on Canvas,,,20 x 40 INCHES,,20.0,40.0,,800.0,8,0,True
3872,AR-533872,Maires Acrylic Burnt Umber Color 75ML,maires-acrylic-burnt-umber-color-75ml,https://artreserves.com/product/maires-acrylic-burnt-umber-color-75ml/,PKR,310.0,350.0,310.0,True,True,True,,0,0,Acrylic Paints|Art Supplies,Acrylic Paints,acrylic paint|maries|maries acrylic color|paints,acrylic paint,,,No.687,,,,,,37,0,False
7038,AR-787038,Cultural,cultural,https://artreserves.com/product/cultural/,PKR,10000.0,10000.0,10000.0,False,True,True,1,0,0,Freedom in Jail,Freedom in Jail,Oil on Canvas,Oil on Canvas,,,20 x 30 INCHES,,20.0,30.0,,600.0,8,0,True
7023,AR-197023,SUFI,sufi-2,https://artreserves.com/product/sufi-2/,PKR,15000.0,15000.0,15000.0,False,True,True,1,0,0,Freedom in Jail,Freedom in Jail,Oil on Canvas,Oil on Canvas,,,18 x 24 INCHES,,18.0,24.0,,432.0,4,0,True
2171,AR-722171,Lunch Break,lunch-break,https://artreserves.com/product/lunch-break/,PKR,135000.0,135000.0,135000.0,False,True,True,1,0,0,Paintings,Paintings,Ink and Charcoal on Paper,Ink and Charcoal on Paper,,,22 X 20 INCHES,"Masood A. Khan (b. 1959, Kushtia, Bangladesh) is a self-taught artist and has showcased his works extensively within Pakistan, USA (Honolulu), Dubai, UK and New Zealand. The recent body of work (2019) is a continuation of my past 22 appearances at various art galleries in Pakistan and abroad. At each appearance, I adopted a new vocabulary to paint the essence of truth with lines and layers. As transparency is the quintessence of naked reality, it remains constant on my surfaces. With a blend of feelings, I express reality around through Realism combined with modernism. In the remote recesses of my subconscious lies an effort to create a spiritual climate that touches the heart. I feel new liberty when the beauty of every form is clear, visible, and NOT overlapping each other creates a multidimensional view. I don’t need to distort the naturalistic forms as done in cubism or other isms of art. I have externalized my outrage at the hypocrisy-religious, social, economics-that cloaks and disguise our true intentions. In my works, a world emphasizing the simplicity and joy of Spiritual content versus the present contemporary situation with all its perils, I have peeled off layer by layer, the fables that determine our lives. My search is new possibilities in realism.",22.0,20.0,,440.0,11,1282,True
4040,AR-374040,Hitler Versus Guernica,hitler-versus-guernica,https://artreserves.com/product/hitler-versus-guernica/,PKR,425000.0,425000.0,425000.0,False,True,True,1,0,0,Acrylic Paintings|Paintings,Acrylic Paintings,Acrylic and Plastic Emulsion on Canvas,Acrylic and Plastic Emulsion on Canvas,,,48 x 48 INCHES,,48.0,48.0,,2304.0,22,0,True
4073,AR-654073,Moon Series,moon-series-2,https://artreserves.com/product/moon-series-2/,PKR,2000.0,2000.0,2000.0,False,True,True,1,0,0,Acrylic Paintings|Paintings,Acrylic Paintings,Acrylic on Canvas,Acrylic on Canvas,,,8 x 8 INCHES,,8.0,8.0,,64.0,11,0,True
1294,AR-551294,Longings,longings,https://artreserves.com/product/longings/,PKR,102000.0,102000.0,102000.0,False,True,True,1,0,0,Paintings,Paintings,Gouache on Wasli,Gouache on Wasli,,,7.87 x 9.84 INCHES,"Shumaila Islam Biography Born in Lahore, Pakistan, she is M.Phil in studio Practice Finearts from PUCAD. She has acquired training of calligraphy from CCRS-NCA. She has displayed her work in more than 25 group shows on renowned national art platforms and one calligraphy group show in Turkey. She has been part of artist residency at Shakir Ali Museum in 2018. Her work has been selected for Santorini-Mykonos art fairs Greece 2018 and Izmir Biennale 2019. Currently, she is teaching at University of Education and Sargodha University. Statement Being not confined to a single medium, I categorize myself a visual artist. I have been trained in conventional arts of painting, but did experimentation in my works, maintaining the soul of chosen genre according thought process and concepts. My inspirations stimulate from nature and support me to present all kinds of observations and feelings. I choose representational imagery, recalling all the experiences that are in my subconscious, experimenting with linear elements, which I overlay and deploy in order to create a physical construction with abundant lyricism. Segments of nature are revolved into emotional catharsis as a vital need to express thoughts through a constant methodological and flexible investigation. I try to create images provided with a personal sensibility and originality. They show assured sensations of movement. I am producing art pieces on Wasli using gauche, ink and pointers.",7.87,9.84,,77.4408,8,1458,True
3395,TA97042,Tawakul,tawakul,https://artreserves.com/product/tawakul/,PKR,16500.0,16500.0,16500.0,False,True,True,,0,0,Calligraphy,Calligraphy,Acrylic Cutout on Acrylic Sheet &amp; Oil,Acrylic Cutout on Acrylic Sheet &amp; Oil,,,48 X 24 INCHES,This painting will be an eye catching display for your home décor. Calligraphy canvas painting of size 4×2 feet by Hafida-tu-Abdil Qadir. Sharp and Vibrant Colours. Shining Look. Ready to hang canvas.,48.0,24.0,,1152.0,7,200,True
6521,AR-596521,Ya Rabb,ya-rabb,https://artreserves.com/product/ya-rabb/,PKR,7000.0,7000.0,7000.0,False,True,True,1,0,0,Acrylic Paintings|Paintings,Acrylic Paintings,Acrylic on Canvas,Acrylic on Canvas,,,14 X 18 INCHES,,14.0,18.0,,252.0,7,0,True
6799,AR-676799,Emergence,emergence,https://artreserves.com/product/emergence/,PKR,18000.0,18000.0,18000.0,False,True,True,,0,0,Oil Paintings|Paintings,Oil Paintings,Oil on Canvas,Oil on Canvas,,,23 X 24 INCHES,Scenery!,23.0,24.0,,552.0,9,8,True
1872,AR-941872,Kafir 5,kafir-5,https://artreserves.com/product/kafir-5/,PKR,400000.0,400000.0,400000.0,False,True,True,1,0,0,Oil Paintings|Paintings,Oil Paintings,Oil on Canvas,Oil on Canvas,,,30 x 40 INCHES,"Profile: Shahid Rassam is a renowned Pakistani Canadian painter and sculptor. He dabbles in writing and is a passionaterights activist and educationist. He is the Principal of Arts Council Central Institute of Arts and Craft, Pakistan. Shahid has exhibited his work around the world, including the UK,USA,Canada,France, Italy,UAE,India, and Pakistan. Famous writer and art critic Dr. Akbar Naqvi has done a critical analysis of his work in his book “Sense and Insanity.”Shahid plays the bridge between various genres of art and prominent writers like, Mushtaq Ahmed Yusufi, Anwar Maqsood,Zehra Nigah,Iftikhar Arif,Kishwar Naheed, and Gulzar have praised his extraordinary contribution to the world of art. Over time, Shahid has practiced and experimented with various schools and style of painting. He has also done portraits ofleaders like Nelson Mandela, Benazir Bhutto, Justin Trudeau, Hazel McCallion, Salman Taseer, Hilary Clinton,Shahbaz Bhatti, Pope Francis and many great writers and poets. Arts Council Institute of Arts and Crafts (ACIAC) Shahid Rassam is currently leading ACIAC as Principal since 2018. Since he is in charge there are several positive changes anyone can witness. Objective is to make ACIAC in top list of Global institutes for Arts and Crafts Exhibitions: KB19 : Karachi Biennale 2019 at Bagh-e-Ibn-Qasim Solo exhibition “Ghalib & Gulzar series” at VMH Museum Kolkata, 2016. Solo exhibition “Tamasha Meray Aagay” at Koel Gallery,Karachi, 2016. Solo exhibition “Clockwise- Otherwise” at Koel Gallery,Karachi, 2013. Live Painting demonstration on a unique musical composition, painting auctioned for Sick Kids Foundation, Living Art Center, Mississauga Canada organized by SAGA, 2012. Solo exhibition Embassy of Pakistan,Washington DC, 2011. Solo Exhibition at Bagash Art Gallery, Dubai. 2006. Group exhibition, Boston, USA, 2003. Group exhibition of Art and Liberty in France, Belgium, Scotland, 2002. Group exhibition at St. Martin College of Arts London 1999. Group exhibition J.N.T.U. College of Arts Hyderabad, India,1998. Ghalib and Gulzar (Called off two hours before the opening by BJP extrermist). Commissioned Work& Auctions: Prime Minister Nawaz Sharif, portrait Prime Minister Narendra Modi, portrait Ruler of Dubai Shaikh Mohammad Bin Rashid al Maktoum,portrait Mural auctioned at Christies, Dubai for UNFP program for earthquake victims, US $20,000. Visiting Lecturer: Shanti Nekaytun, Calcutta, and India 2016. Rabindranath Bhartya University, Calcutta, India 2016. JJ School of Art, Mumbai, India 2015. University of Toronto 2011. Al-Ain University UAE Abu Dhabi Cultural Foundation. UAE Boston Universite, USA Newspaper Articles and Publication: Picasso, Van Gogh, Paul Klee, Henri Matisse. Jaun Elia,Mushtaq Ahmed Yusufi,Jamal Ehsani,M.FHussain. “Worshippers and Sinners”, a coffee table book published by the Embassy of Pakistan, Washington. Shahid studied art at the St. Martin College of Arts, London on a British Council scholarship. He received Artist of the year (2000), UAE University Al-ain, and Quaid-e-Azam youth award. He has Master’s Degrees in Geology, and Urdu Literature from the University of Karachi. He is married with three children and lives in Karachi, Pakistan. Photo Gallery Contact: Rassam Studio of Art Canada:001905-275-0278 Pakistan: 0092-300-2577411 Email: shahid_rassam@yahoo.com Website:www.shahidrassam.com Address: 92/2, 8th Commercial Street, Phase 4,DHA,Karachi",30.0,40.0,,1200.0,7,3440,True
3003,AR-233003,Folk Dance,folk-dance,https://artreserves.com/product/folk-dance/,PKR,15000.0,20000.0,15000.0,True,True,True,1,0,0,Paintings,Paintings,Water Color on Paper,Water Color on Paper,,,14 X 20 INCHES,"In this artwork, I have focused on Rajhistani culture and depicted dance movement through washes and strokes.",14.0,20.0,,280.0,10,109,True
3517,AR-833517,Untitled,untitled-73,https://artreserves.com/product/untitled-73/,PKR,10000.0,10000.0,10000.0,False,True,True,1,0,0,Freedom in Jail|Oil Paintings,Freedom in Jail,Oil on Canvas,Oil on Canvas,,,20 x 30 INCHES,,20.0,30.0,,600.0,8,0,True
930,AR-15930,Perpetual Desires,perpetual-desires,https://artreserves.com/product/perpetual-desires/,PKR,40000.0,40000.0,40000.0,False,True,True,1,0,0,Oil Paintings|Paintings,Oil Paintings,Oil on Canvas,Oil on Canvas,,,36 x 36 INCHES,,36.0,36.0,,1296.0,17,0,True
1171,AR-471171,untitled,untitled-6,https://artreserves.com/product/untitled-6/,PKR,150000.0,150000.0,150000.0,False,True,True,1,0,0,Oil Paintings,Oil Paintings,Oil on Canvas,Oil on Canvas,,,30 x 40 INCHES,"Ajab khan , I a primarily self taught artist, works persistently in of art. He paints the life around his native area of D l khan which river Indus. His landscapes speaks volumes of his love for nature and process without doubt, his expertise in capturing the exact moment on time thus making it timeless. Though Ajab khan is Master in urdu literature and formally trained in this grace but destingueshed himself as well established landscape Painter. Ajab’s language is “colour” his choice of shades, color, scenery and subject instantly takes the viewer to the erea on which he painted that scene. Ajab has groups and many show to his credit and is collected internationally too.",30.0,40.0,,1200.0,8,681,True
1713,AR-671713,Untitled,untitled-17,https://artreserves.com/product/untitled-17/,PKR,650000.0,650000.0,650000.0,False,True,True,1,0,0,Sculptures,Sculptures,Sheesham Wood Carving,Sheesham Wood Carving,,,16 x 42 INCHES,"Sadiq Hussain – Sculpture Art Professional An introduction: I started my career as a wooden sculptor in the field of fine art in 1980-81. Ali Imam Rizvi was quite impressed with my work and started displaying my art in his indus art gallery. Initially, when Ali Imam Rizvi saw my piece of art he said although he doesn’t allow any work from any artist at such young age but he found my work so impressive he not only allowed me to exhibit my art in his gallery but he also encouraged me to work further for his gallery. I was quite lucky to get this breakthrough in the very early age of 17 years. After that there was no ending… I got a lot of work from foreigners. I worked a lot on the bust sculpting. Making a life size horse sculptor for Pakistan Navy is one of my greatest achievements. That piece of art is still displayed as a Monument in NORE-1, Officers Mess. Karachi. I also worked a lot for many local art lovers. Some of the names are Wahab Jaffer, Dr. Sajid , Arif Ashari, Rafiq Parsa, Rais Ahmed Alvi, Dr Amir Butt and Muhammad Ali Dada. Besides that I also have worked for some multinational companies. Personally I have also hold solo exhibitions in November 2008 at V.M art gallery, which also widely covered by print and electronic media. Beside solo exhibition also participated in many leading group shows at indus art gallery, V.M art gallery and canvas art gallery. The specialty of my sculptors is that every art is made in one piece without any joint. Although my main interest is in the wooden sculpting but I have also worked on Fiber Glass, metal, Gandhara stone and camel bone medium. Many of my fiber glass murals have added artistic value to so many buildings. I believe that a true artist cannot sit back and wait for the change…. Hence I am striving to make change. Sadiq Hussain",16.0,42.0,,672.0,8,1812,True
1205,AR-131205,The Yellow Door,the-yellow-door-8,https://artreserves.com/product/the-yellow-door-8/,PKR,20000.0,20000.0,20000.0,False,False,True,,0,0,Paintings,Paintings,Acrylic on Canvas,Acrylic on Canvas,,,24 x 36 INCHES,,24.0,36.0,,864.0,15,0,True
2536,AR-422536,Structure Series,structure-series-8,https://artreserves.com/product/structure-series-8/,PKR,63000.0,63000.0,63000.0,False,True,True,1,0,0,Photography,Photography,Archival Print on Archival Paper. Edition 3/5,Archival Print on Archival Paper. Edition 3/5,,,30 x 54 INCHES,"Jamal Ashiqian[ Jamash] Objective To be able to positively contribute to the society and to leave footprints behind for others to follow. Shades & Hues Social Human Rights Activist Voicing against the patriarchic society since early teens, have been actively blogging on social issues taking part in many awareness campaigns / feminist campaigns / educational campaigns with a number of NGOs Trained as a trainer for Digital Story Telling by APC women (www.apcwomen.org/). Produced a number of digital stories and videos for advocacy and activism and a number of campaigns Photography workshop with children from underprivileged section of the society to teach them to express positively. Participated actively in the local (Pakistan) Take Back The Tech campaign. Founding member of NGO, BoloBhi.org Pads Against Sexism campaign for Pakistan Running an international support group for rape survivors since 2009 on Facebook to provide support and link rape survivors to local social services in their respective region. Trained people (Crafters) online in Malaysia &Thailand to take better photographs of their home crafted items to make them look more presentable and sell more effectively online. 1999–2019 Jamash On Random Occasions, Graphics / Web designer Secured third position in the Azadi Competition held by SPIDER (DAWN) in 1999.. Designed websites, and demonstrations for Info train, designed Logos, Brochures, Visiting Cards Demonstrations, Websites and GUI for many software. Designed a logo for a local NGO, PDP Designed product covers and posters and online advertisements campaigns Commercial Photographic insanity Since before 2002 Jamash: http://www.flickr.com/photos/jamash Involved in Photography since early childhood. buying my first digital camera in 2002 and ever since have done mainstream photography for leading local galleries, artists, magazines and NGOs. Worked for GT, women’s Own, and other magazines covered ramp, fashion and social gatherings. Officially covering art exhibitions and social events since year 2007. Art documentation of works by leading artists including Meher Afroze, Abdul jabbar gull, Noorjehan Bilgrami, Amin Gulgee, Adeela sulaman, Naiza khan, Imran Qureshi, Adeel uz zafar, Madiha Sikander, Ahsan Jamal, Asim butt, Usman Gauri and many other leading artists Since Early 2005 Personal Blog: http://Jamash.wordpress.com Scribbling, playing with words Monthly feature Titled Digi- Art for the Spider ( DAWN) magazine, also introduced regular features “ Artist of the Month” and “ Digital Photography Tips” Technology and digital art related articles for Spider ( DAWN) . Blogging since 2005 on social issues, fine arts, city happenings and events, technology and technology events, have also been the city captain, for Karachi Metro Blogs Former Correspondent France24 Online Contributor Art Now Magazine Contributor Humsafar PIA Inflight Magazine Artistic Madness Exhibitions 2009, participating artist in Machar colony Art show at IVSAA Gallery, Karachi. 2010, Participating artist in Art Loot Maar at The Second Floor, Farar Gallery, Karachi 2012, Participating performance artist, in “Love Marriage”, an Amin Gulgee’s performance, part of Band Baja Barat, Curated by Canvas Gallery held at IVSAA Gallery, Karachi 2012, participating artist at KOEL Gallery for the show titled “MAIN” 2012, participating artist at Art Chowk for the show Titled “Portraiture” 2012, participating artist at KSA Gallery, for the show titled “Sketchbooks” 2013, Participating Artist Alchemy Gallery, Lahore. for the digital art show “ Pixels” 2014 , Participating Artist at Alliance Francaise, Karachi , group show “Raison d’etre”. 2015 Art Performance (public) Titled: Objectified, at IVSAA, Fika, Koel, T2F. 2015. Participating Artist, Aghaz- e- Safar, An event by Pursukoon Karachi, Auction for a cause . 2015 Participating artist, ( Performance, interactive and digital work ) “Basiliq”, Held at Sadeqain Gallery, Frere Hall. 2015 Participating artist, “ Birwa ”, Held at Sadeqain Gallery, Frere Hall. 2016 Participating artist “Impact” , at Mövenpick Hotel Gallery, Karachi 2016 Participating artist “Mera Virsa Mera Khazana “ at Sadeqain Gallery, Frere Hall, Karachi. 2017 Participating artist “Inquiry” at Studio 7 Gallery, Karachi . 2017 Solo Exhibition “ Exploring Structures” Studio 7 Gallery, Karachi. 2017 Site Specific installation “The Lost Stories Of The Past” – Karachi Art Summit – at Arts Council, Karachi. 2018, Participating Artist – Group Show – Baad e Saba II , Clifton Art Gallery, Karachi 2018, Participating Artist – Group Show – Pehchaan, Studio 7 Art Gallery, Karachi. 2018, Participating Artist – Group Show – No Filter, Alliance Francaise Gallerey, Karachi. 2019, Exhibition of personal collection – Aks –e-Jamal at Art Chawk Gallery, Karachi Curatorial projects 2016 Curator, “ When I think about my self … “ Group show – Spaces Gallery, Karachi 2017 Curator “ Social Dialogue “ Solo – Mohsin Panjwani – Studio 7 Gallery, Karachi 2017 Curator “ silent noise “ Group show – Studio 7 Gallery, Karachi 2018 Co-curator “Its All About Satire” Five person Show – Studio 7 Gallery, Karachi. 2019 Co-Curator “An Apology To Shaikh Ayaz” Group show, Chawkandi Art Gallery, Karachi 2020 Curator: “Deafening Silence” Group show at Meubels Art Gallery, Karachi. 2020 Curator Karachi Art and Craft Gala 2021, Studio 7 Gallery Karachi 2021 Co_Curator “ Zindagi hai Karachi” Group show at Arts Council, Karachi. 2021 Curator Karachi Art and Craft Gala 2021(spring), Studio 7 Gallery Karachi Awards 1999, International Azadi competition, 3rd price in web designing. By spider and Xiber com. 2010 Best Live PhotoBlogger , “First National Bloggers Awards” 2017 Special Prize Photography “ First Niggah National Art Awards “. Media Newspaper Mentions Interview ( TV guest appearance AAG TV as a photoblogger) Interview ( TV guest appearance Dawn Tv Breakfast With DAWN) Interview ( TV guest appearance Sindh Tv Morning show ) 2015 GLAM Magazine, Article by Manizhe Ali “ Using art for social activism”. 2015, NIGAAH Art Magazine Article by Marjorie Husain “ Leaving Foot Prints Behind For Others To Follow” 2017 Coverage in Biztoday for the show curated at Studio 7 NIGGAH ART TV coverage by Aks-e-Jamal : 2019 Preopening announcement in Biz today for the show “An Apology To Shaikh Ayaz curated at Chawkandi Art Gallery, Karachi . 2019 Coverage in Youlin Magazine for the show “An Apology To Shaikh Ayaz curated at Chawkandi Art Gallery, Karachi. 2019 Coverage in The News for the show “An Apology To Shaikh Ayaz curated at Chawkandi Art Gallery, Karachi. 2019 Coverage in DAWN by Pirzada Salman for the show “An Apology To Shaikh Ayaz” curated at Chawkandi Art Gallery, Karachi. 2019 Coverage in DAWN by Amra Ali for the show “An Apology To Shaikh Ayaz” curated at Chawkandi Art Gallery, Karachi. 2019 Coverage in Art Now for the show “An Apology To Shaikh Ayaz” curated at Chawkandi Art Gallery, Karachi. 2019 Video Coverage by NIGGAH TV for the show “An Apology To Shaikh Ayaz” curated at Chawkandi Art Gallery, Karachi. 2019 article by Eman Saleem covering the show “An Apology To Shaikh Ayaz” in The Mag Weekly magazine August 31 – Sept 6 Year 2019, Edition Formal Education 2001–2005 University of Karachi, Pakistan. Graduated in English, Education and Sociology in 2005. 2000–2005 Others Karachi, Pakistan. Brain Bench Flash 4 certification in year 2000 Six month proficiency certification in E-commerce from Info train in 2001. Achievement certificate for summer art classes from Karachi School Of Art, year 2005 Other bad Habits Cooking, Reading, Collecting antiques, artworks, stamps, coins and books.",30.0,54.0,,1620.0,16,7656,True
3508,AR-893508,Untitled,untitled-69,https://artreserves.com/product/untitled-69/,PKR,8000.0,8000.0,8000.0,False,True,True,1,0,0,Freedom in Jail|Oil Paintings,Freedom in Jail,Oil on Canvas,Oil on Canvas,,,18 x 24 INCHES,,18.0,24.0,,432.0,8,0,True
4965,AR-324965,The Horizon,the-horizon-2,https://artreserves.com/product/the-horizon-2/,PKR,9000.0,9000.0,9000.0,False,True,True,,0,0,Oil Paintings,Oil Paintings,Oil on Canvas,Oil on Canvas,,,28 x 21 INCHES,"Mohsin here from Pakistan I was Born in Murree and settled in Islamabad I’m a student of bachelors with My heart and passion In Arts I work on Landscapes Kufic, Calligraphy etc.",28.0,21.0,,588.0,11,177,True
5484,AR-135484,Erase blind,erase-blind,https://artreserves.com/product/erase-blind/,PKR,16000.0,16000.0,16000.0,False,True,True,,0,0,Oil Paintings|Paintings,Oil Paintings,Oil on Canvas,Oil on Canvas,,,12 X 12 INCHES,It’s a realistic painting of diya 🪔 …,12.0,12.0,,144.0,11,37,True
6993,AR-516993,UNTITLED,untitled-179,https://artreserves.com/product/untitled-179/,PKR,15000.0,15000.0,15000.0,False,True,True,1,0,0,Freedom in Jail,Freedom in Jail,Oil on Canvas,Oil on Canvas,,,18 x 24 INCHES,,18.0,24.0,,432.0,8,0,True
2488,AR-812488,Maal &#8211; E &#8211; Ghanimat,maal-e-ghanimat,https://artreserves.com/product/maal-e-ghanimat/,PKR,3500.0,3500.0,3500.0,False,True,True,1,0,0,Drawings,Drawings,Pencil on Paper,Pencil on Paper,,,10.5 x 14.5 INCHES,,10.5,14.5,,152.25,31,0,True
3565,AR-473565,Untitled,untitled-93,https://artreserves.com/product/untitled-93/,PKR,20000.0,20000.0,20000.0,False,True,True,1,0,0,Freedom in Jail|Oil Paintings,Freedom in Jail,Oil on Canvas,Oil on Canvas,,,24 x 24 INCHES,,24.0,24.0,,576.0,8,0,True
3030,AR-673030,Dawn is still dark,dawn-is-still-dark,https://artreserves.com/product/dawn-is-still-dark/,PKR,55000.0,60000.0,55000.0,True,True,True,,0,0,Acrylic Paintings|Paintings,Acrylic Paintings,Acrylic on Canvas,Acrylic on Canvas,,,24 X 18 INCHES,The difficulties of women are never ending. Thus every dawn is always dark and The lantern symbolizes hope .,24.0,18.0,,432.0,18,108,True
3431,AR-873431,Untitled,untitled-37,https://artreserves.com/product/untitled-37/,PKR,40000.0,40000.0,40000.0,False,True,True,1,0,0,Freedom in Jail,Freedom in Jail,Embroidery,Embroidery,,,22 x 22 INCHES,,22.0,22.0,,484.0,8,0,True
6221,AR-866221,Tall Grass,tall-grass,https://artreserves.com/product/tall-grass/,PKR,30000.0,30000.0,30000.0,False,True,True,,0,0,Acrylic Paintings|Paintings,Acrylic Paintings,Acrylic and Mix Media on Canvas,Acrylic and Mix Media on Canvas,,,24 X 24 INCHES,A mixed media contemporary landscape on canvas using archival quality paints with excellent fade resistance. Materials used include acrylic paints and neocolor 2 pastels.,24.0,24.0,,576.0,10,170,True
1310,AR-641310,HIJR HIDDAT MEI YAD KI KHUSHBOO AIK PANKHA SA JHAL GAYEE HOGI.( John Alea),hijr-hiddat-mei-yad-ki-khushboo-aik-pankha-sa-jhal-gayee-hogi-john-alea,https://artreserves.com/product/hijr-hiddat-mei-yad-ki-khushboo-aik-pankha-sa-jhal-gayee-hogi-john-alea/,PKR,120000.0,120000.0,120000.0,False,True,True,1,0,0,Oil Paintings|Paintings,Oil Paintings,Oil on Canvas,Oil on Canvas,,,24 x 36 INCHES,,24.0,36.0,,864.0,74,0,True
2798,AR-282798,Hope,hope,https://artreserves.com/product/hope/,PKR,4000.0,9000.0,4000.0,True,True,True,,0,0,Acrylic Paintings|Paintings,Acrylic Paintings,Acrylic on Canvas,Acrylic on Canvas,,,12 X 12 Inches,"My painting depicts the beauty around us. We open our inner eye, so we find lots of happiness in our lives. I paint on canvas with spontaneity and boldness of symbolic language.  ",12.0,12.0,,144.0,4,179,True
1280,AR-991280,Ecstasy III,ecstasy-iii,https://artreserves.com/product/ecstasy-iii/,PKR,50000.0,50000.0,50000.0,False,True,True,1,0,0,Paintings,Paintings,Mix Medium on Paper,Mix Medium on Paper,,,11.02 x 15.75 INCHES,"Shumaila Islam Biography Born in Lahore, Pakistan, she is M.Phil in studio Practice Finearts from PUCAD. She has acquired training of calligraphy from CCRS-NCA. She has displayed her work in more than 25 group shows on renowned national art platforms and one calligraphy group show in Turkey. She has been part of artist residency at Shakir Ali Museum in 2018. Her work has been selected for Santorini-Mykonos art fairs Greece 2018 and Izmir Biennale 2019. Currently, she is teaching at University of Education and Sargodha University. Statement Being not confined to a single medium, I categorize myself a visual artist. I have been trained in conventional arts of painting, but did experimentation in my works, maintaining the soul of chosen genre according thought process and concepts. My inspirations stimulate from nature and support me to present all kinds of observations and feelings. I choose representational imagery, recalling all the experiences that are in my subconscious, experimenting with linear elements, which I overlay and deploy in order to create a physical construction with abundant lyricism. Segments of nature are revolved into emotional catharsis as a vital need to express thoughts through a constant methodological and flexible investigation. I try to create images provided with a personal sensibility and originality. They show assured sensations of movement. I am producing art pieces on Wasli using gauche, ink and pointers.",11.02,15.75,,173.565,11,1458,True
3679,AR-383679,Untitled,untitled-139,https://artreserves.com/product/untitled-139/,PKR,15000.0,15000.0,15000.0,False,True,True,1,0,0,Freedom in Jail,Freedom in Jail,Oil on Canvas,Oil on Canvas,,,24 x 30 INCHES,,24.0,30.0,,720.0,8,0,True
3574,AR-233574,Untitled,untitled-97,https://artreserves.com/product/untitled-97/,PKR,12000.0,12000.0,12000.0,False,True,True,1,0,0,Freedom in Jail|Oil Paintings,Freedom in Jail,Oil on Canvas,Oil on Canvas,,,18 x 24 INCHES,,18.0,24.0,,432.0,8,0,True
3859,AR-613859,Maires Acrylic Titanium White Color 75ML,maires-acrylic-titanium-white-color-75ml,https://artreserves.com/product/maires-acrylic-titanium-white-color-75ml/,PKR,310.0,350.0,310.0,True,True,True,,0,0,Acrylic Paints|Art Supplies,Acrylic Paints,acrylic paint|maries|maries acrylic color|paints,acrylic paint,,,No.104,,,,,,40,0,False
2903,AR-712903,3D forest,3d-forest,https://artreserves.com/product/3d-forest/,PKR,27000.0,38000.0,27000.0,True,True,True,1,0,0,Oil Paintings|Paintings,Oil Paintings,Oil on Canvas,Oil on Canvas,,,30 X 20 INCHES,Sea escape on art rules. Waterfall between the tree in a forest. Handmade brush painting.  ,30.0,20.0,,600.0,9,91,True
1288,AR-681288,Grey Beauty,grey-beauty,https://artreserves.com/product/grey-beauty/,PKR,50000.0,50000.0,50000.0,False,True,True,1,0,0,Paintings,Paintings,Ink on Paper,Ink on Paper,,,11.02 x 15.75 INCHES,"Shumaila Islam Biography Born in Lahore, Pakistan, she is M.Phil in studio Practice Finearts from PUCAD. She has acquired training of calligraphy from CCRS-NCA. She has displayed her work in more than 25 group shows on renowned national art platforms and one calligraphy group show in Turkey. She has been part of artist residency at Shakir Ali Museum in 2018. Her work has been selected for Santorini-Mykonos art fairs Greece 2018 and Izmir Biennale 2019. Currently, she is teaching at University of Education and Sargodha University. Statement Being not confined to a single medium, I categorize myself a visual artist. I have been trained in conventional arts of painting, but did experimentation in my works, maintaining the soul of chosen genre according thought process and concepts. My inspirations stimulate from nature and support me to present all kinds of observations and feelings. I choose representational imagery, recalling all the experiences that are in my subconscious, experimenting with linear elements, which I overlay and deploy in order to create a physical construction with abundant lyricism. Segments of nature are revolved into emotional catharsis as a vital need to express thoughts through a constant methodological and flexible investigation. I try to create images provided with a personal sensibility and originality. They show assured sensations of movement. I am producing art pieces on Wasli using gauche, ink and pointers.",11.02,15.75,,173.565,11,1458,True
4110,AR-754110,Key Chain (Freedom In Jail),754110,https://artreserves.com/product/754110/,PKR,500.0,500.0,500.0,False,True,True,1,0,0,Crafts,Crafts,Moti Work,Moti Work,,,500 RS PER PIECE.,,,,,,27,0,True
3765,AR-993765,Untitled,untitled-168,https://artreserves.com/product/untitled-168/,PKR,70000.0,70000.0,70000.0,False,True,True,1,0,0,Freedom in Jail,Freedom in Jail,Embroidery &amp; Oil On Canvas,Embroidery &amp; Oil On Canvas,,,30 x 30 INCHES,,30.0,30.0,,900.0,8,0,True
4302,AR-744302,Alone Life,alone-life,https://artreserves.com/product/alone-life/,PKR,40000.0,45000.0,40000.0,True,True,True,,0,0,Paintings,Paintings,Gouache on Wasli,Gouache on Wasli,,,10 x 10 INCHES,,10.0,10.0,,100.0,10,0,True
1217,AR-351217,Bismillah,bismillah,https://artreserves.com/product/bismillah/,PKR,16000.0,16000.0,16000.0,False,True,True,1,0,0,Calligraphy,Calligraphy,3D Acrylic Cutout on Canvas,3D Acrylic Cutout on Canvas,,,12 x 18 INCHES,,12.0,18.0,,216.0,9,0,True
1200,AR-311200,The Yellow Door,the-yellow-door-3,https://artreserves.com/product/the-yellow-door-3/,PKR,20000.0,20000.0,20000.0,False,True,True,1,0,0,Paintings,Paintings,Acrylic on Canvas,Acrylic on Canvas,,,24 x 36 INCHES,,24.0,36.0,,864.0,15,0,True
3559,AR-853559,Untitled,untitled-90,https://artreserves.com/product/untitled-90/,PKR,10000.0,10000.0,10000.0,False,True,True,1,0,0,Freedom in Jail|Oil Paintings,Freedom in Jail,Oil on Canvas,Oil on Canvas,,,18 x 24 INCHES,,18.0,24.0,,432.0,8,0,True
3241,AR-343241,Hope,hope-2,https://artreserves.com/product/hope-2/,PKR,32000.0,38000.0,32000.0,True,True,True,1,0,0,Acrylic Paintings|Paintings,Acrylic Paintings,Acrylic on Canvas,Acrylic on Canvas,,,36 X 24 INCHES,This painting shows that there is always light at the end of the tunnel. There is always a dawn after a patch of darkness. Hope is what carries us through those dark moments.,36.0,24.0,,864.0,4,174,True
3465,AR-153465,Untitled,untitled-51,https://artreserves.com/product/untitled-51/,PKR,8000.0,8000.0,8000.0,False,True,True,1,0,0,Freedom in Jail|Oil Paintings,Freedom in Jail,Oil on Canvas,Oil on Canvas,,,18 x 24 INCHES,,18.0,24.0,,432.0,8,0,True
3852,AR-763852,Maries Acrylic Cerulean Blue Color 75ML,maries-acrylic-black-color-75ml,https://artreserves.com/product/maries-acrylic-black-color-75ml/,PKR,310.0,350.0,310.0,True,True,True,,0,0,Acrylic Paints|Art Supplies,Acrylic Paints,acrylic paint|maries|maries acrylic color|paints,acrylic paint,,,No.455,,,,,,39,0,False
2957,AR-162957,Pre- Independence,pre-independence,https://artreserves.com/product/pre-independence/,PKR,15000.0,20000.0,15000.0,True,True,True,1,0,0,Paintings,Paintings,Water Color on Paper,Water Color on Paper,,,14 X 20 INCHES,PRE- INDEPENDENCE is a Shadow of Vagabond after independence. Its about suffering and Love under shade of Banyan Tree.,14.0,20.0,,280.0,17,118,True
6984,AR-486984,UNTITLED,untitled-178,https://artreserves.com/product/untitled-178/,PKR,10000.0,10000.0,10000.0,False,True,True,1,0,0,Freedom in Jail,Freedom in Jail,Oil on Canvas,Oil on Canvas,,,24 x 24 INCHES,,24.0,24.0,,576.0,8,0,True
3694,AR-283694,Untitled,untitled-146,https://artreserves.com/product/untitled-146/,PKR,10000.0,10000.0,10000.0,False,True,True,1,0,0,Freedom in Jail,Freedom in Jail,Oil on Canvas,Oil on Canvas,,,12 x 22 INCHES,,12.0,22.0,,264.0,8,0,True
1710,AR-111710,Untitled,untitled-16,https://artreserves.com/product/untitled-16/,PKR,950000.0,950000.0,950000.0,False,True,True,1,0,0,Sculptures,Sculptures,Sheesham Wood Carving,Sheesham Wood Carving,,,36 x 36 INCHES,"Sadiq Hussain – Sculpture Art Professional An introduction: I started my career as a wooden sculptor in the field of fine art in 1980-81. Ali Imam Rizvi was quite impressed with my work and started displaying my art in his indus art gallery. Initially, when Ali Imam Rizvi saw my piece of art he said although he doesn’t allow any work from any artist at such young age but he found my work so impressive he not only allowed me to exhibit my art in his gallery but he also encouraged me to work further for his gallery. I was quite lucky to get this breakthrough in the very early age of 17 years. After that there was no ending… I got a lot of work from foreigners. I worked a lot on the bust sculpting. Making a life size horse sculptor for Pakistan Navy is one of my greatest achievements. That piece of art is still displayed as a Monument in NORE-1, Officers Mess. Karachi. I also worked a lot for many local art lovers. Some of the names are Wahab Jaffer, Dr. Sajid , Arif Ashari, Rafiq Parsa, Rais Ahmed Alvi, Dr Amir Butt and Muhammad Ali Dada. Besides that I also have worked for some multinational companies. Personally I have also hold solo exhibitions in November 2008 at V.M art gallery, which also widely covered by print and electronic media. Beside solo exhibition also participated in many leading group shows at indus art gallery, V.M art gallery and canvas art gallery. The specialty of my sculptors is that every art is made in one piece without any joint. Although my main interest is in the wooden sculpting but I have also worked on Fiber Glass, metal, Gandhara stone and camel bone medium. Many of my fiber glass murals have added artistic value to so many buildings. I believe that a true artist cannot sit back and wait for the change…. Hence I am striving to make change. Sadiq Hussain",36.0,36.0,,1296.0,8,1812,True
4418,AR-654418,Calm,calm,https://artreserves.com/product/calm/,PKR,9000.0,10000.0,9000.0,True,True,True,,0,0,Paintings,Paintings,Water Color on Paper,Water Color on Paper,,,11.7 X 16.5 INCHES,A sensation of relive and soothing experience.,11.7,16.5,,193.04999999999998,4,46,True
2868,AR-782868,Women Figure,women-figure,https://artreserves.com/product/women-figure/,PKR,3000.0,3000.0,3000.0,False,True,True,,0,0,Drawings,Drawings,Pencil on Paper,Pencil on Paper,,,8.3 X 11.7 INCHES,Hello My name is Aqeel Haider. I am a graphic designer and illustrator. Thank you for visiting my profile I hope you like my art work. If you like then feel free to place order and more details. Thank you!,8.3,11.7,,97.11,12,205,True
3353,AR-583353,Starry Night,starry-night,https://artreserves.com/product/starry-night/,PKR,85000.0,100000.0,85000.0,True,True,True,,0,0,Paintings,Paintings,Wool on Lasani Wood,Wool on Lasani Wood,,,24 X 36 INCHES,"This painting has been very close to me. As i started working in this field the first artist , with whom i was inspired was Vincent van gogh. And his most remarkable work “Starry Night” i was not only inspired by his strokes in his this work but also i loved the process and story behind this painting. I loved to recreate van gogh’s this creation. Its really a master piece.",24.0,36.0,,864.0,12,375,True
4160,AR-514160,Paazeb (Freedom In Jail),514160,https://artreserves.com/product/514160/,PKR,1500.0,1500.0,1500.0,False,True,True,1,0,0,Crafts,Crafts,Moti Work,Moti Work,,,RS 1500 PER PAIR.,,,,,,24,0,True
4643,AR-554643,Sore Eyes,sore-eyes,https://artreserves.com/product/sore-eyes/,PKR,24000.0,24000.0,24000.0,False,True,True,,0,0,Oil Paintings,Oil Paintings,Oil Paint On Scholar Sheet,Oil Paint On Scholar Sheet,,,16 X 20 INCHES,It’s painting of old man.. I Used Oil Medium on Scholar Sheet for this Painting and Framed in Wooden Golden (3 Inches) Frame.,16.0,20.0,,320.0,9,125,True
3602,AR-973602,Untitled,untitled-109,https://artreserves.com/product/untitled-109/,PKR,9000.0,9000.0,9000.0,False,True,True,1,0,0,Freedom in Jail,Freedom in Jail,Oil on Canvas,Oil on Canvas,,,18 x 24 INCHES,,18.0,24.0,,432.0,8,0,True
3866,AR-293866,Maires Acrylic Viridian Color 75ML,maires-acrylic-viridian-color-75ml,https://artreserves.com/product/maires-acrylic-viridian-color-75ml/,PKR,310.0,350.0,310.0,True,True,True,,0,0,Acrylic Paints|Art Supplies,Acrylic Paints,acrylic paint|maries|maries acrylic color|paints,acrylic paint,,,No.560,,,,,,34,0,False
3971,AR-293971,Wavy Waters,wavy-waters,https://artreserves.com/product/wavy-waters/,PKR,25000.0,25000.0,25000.0,False,True,True,,0,0,Acrylic Paintings|Paintings,Acrylic Paintings,Acrylic on Canvas,Acrylic on Canvas,,,24 X 18 INCHES,,24.0,18.0,,432.0,11,0,True
1262,AR-821262,Artwork,artwork-2,https://artreserves.com/product/artwork-2/,PKR,86000.0,86000.0,86000.0,False,True,True,1,0,0,Paintings,Paintings,Lead on Paper,Lead on Paper,,,11.02 x 15.75 INCHES,"Shumaila Islam Biography Born in Lahore, Pakistan, she is M.Phil in studio Practice Finearts from PUCAD. She has acquired training of calligraphy from CCRS-NCA. She has displayed her work in more than 25 group shows on renowned national art platforms and one calligraphy group show in Turkey. She has been part of artist residency at Shakir Ali Museum in 2018. Her work has been selected for Santorini-Mykonos art fairs Greece 2018 and Izmir Biennale 2019. Currently, she is teaching at University of Education and Sargodha University. Statement Being not confined to a single medium, I categorize myself a visual artist. I have been trained in conventional arts of painting, but did experimentation in my works, maintaining the soul of chosen genre according thought process and concepts. My inspirations stimulate from nature and support me to present all kinds of observations and feelings. I choose representational imagery, recalling all the experiences that are in my subconscious, experimenting with linear elements, which I overlay and deploy in order to create a physical construction with abundant lyricism. Segments of nature are revolved into emotional catharsis as a vital need to express thoughts through a constant methodological and flexible investigation. I try to create images provided with a personal sensibility and originality. They show assured sensations of movement. I am producing art pieces on Wasli using gauche, ink and pointers.",11.02,15.75,,173.565,7,1458,True
1725,AR-481725,Untitled,untitled-21,https://artreserves.com/product/untitled-21/,PKR,195000.0,195000.0,195000.0,False,True,True,1,0,0,Sculptures,Sculptures,Sheesham Wood Carving,Sheesham Wood Carving,,,12 x 26 INCHES,"Sadiq Hussain – Sculpture Art Professional An introduction: I started my career as a wooden sculptor in the field of fine art in 1980-81. Ali Imam Rizvi was quite impressed with my work and started displaying my art in his indus art gallery. Initially, when Ali Imam Rizvi saw my piece of art he said although he doesn’t allow any work from any artist at such young age but he found my work so impressive he not only allowed me to exhibit my art in his gallery but he also encouraged me to work further for his gallery. I was quite lucky to get this breakthrough in the very early age of 17 years. After that there was no ending… I got a lot of work from foreigners. I worked a lot on the bust sculpting. Making a life size horse sculptor for Pakistan Navy is one of my greatest achievements. That piece of art is still displayed as a Monument in NORE-1, Officers Mess. Karachi. I also worked a lot for many local art lovers. Some of the names are Wahab Jaffer, Dr. Sajid , Arif Ashari, Rafiq Parsa, Rais Ahmed Alvi, Dr Amir Butt and Muhammad Ali Dada. Besides that I also have worked for some multinational companies. Personally I have also hold solo exhibitions in November 2008 at V.M art gallery, which also widely covered by print and electronic media. Beside solo exhibition also participated in many leading group shows at indus art gallery, V.M art gallery and canvas art gallery. The specialty of my sculptors is that every art is made in one piece without any joint. Although my main interest is in the wooden sculpting but I have also worked on Fiber Glass, metal, Gandhara stone and camel bone medium. Many of my fiber glass murals have added artistic value to so many buildings. I believe that a true artist cannot sit back and wait for the change…. Hence I am striving to make change. Sadiq Hussain",12.0,26.0,,312.0,8,1812,True
4061,AR-854061,Its my life,its-my-life,https://artreserves.com/product/its-my-life/,PKR,4500.0,4500.0,4500.0,False,True,True,1,0,0,Acrylic Paintings|Paintings,Acrylic Paintings,Acrylic on Canvas,Acrylic on Canvas,,,12 x 14 INCHES,,12.0,14.0,,168.0,11,0,True
2531,AR-312531,Structure Series,structure-series-6,https://artreserves.com/product/structure-series-6/,PKR,75000.0,75000.0,75000.0,False,True,True,1,0,0,Photography,Photography,Archival Print on Archival Paper. Edition 3/5,Archival Print on Archival Paper. Edition 3/5,,,30 x 54 INCHES,"Jamal Ashiqian[ Jamash] Objective To be able to positively contribute to the society and to leave footprints behind for others to follow. Shades & Hues Social Human Rights Activist Voicing against the patriarchic society since early teens, have been actively blogging on social issues taking part in many awareness campaigns / feminist campaigns / educational campaigns with a number of NGOs Trained as a trainer for Digital Story Telling by APC women (www.apcwomen.org/). Produced a number of digital stories and videos for advocacy and activism and a number of campaigns Photography workshop with children from underprivileged section of the society to teach them to express positively. Participated actively in the local (Pakistan) Take Back The Tech campaign. Founding member of NGO, BoloBhi.org Pads Against Sexism campaign for Pakistan Running an international support group for rape survivors since 2009 on Facebook to provide support and link rape survivors to local social services in their respective region. Trained people (Crafters) online in Malaysia &Thailand to take better photographs of their home crafted items to make them look more presentable and sell more effectively online. 1999–2019 Jamash On Random Occasions, Graphics / Web designer Secured third position in the Azadi Competition held by SPIDER (DAWN) in 1999.. Designed websites, and demonstrations for Info train, designed Logos, Brochures, Visiting Cards Demonstrations, Websites and GUI for many software. Designed a logo for a local NGO, PDP Designed product covers and posters and online advertisements campaigns Commercial Photographic insanity Since before 2002 Jamash: http://www.flickr.com/photos/jamash Involved in Photography since early childhood. buying my first digital camera in 2002 and ever since have done mainstream photography for leading local galleries, artists, magazines and NGOs. Worked for GT, women’s Own, and other magazines covered ramp, fashion and social gatherings. Officially covering art exhibitions and social events since year 2007. Art documentation of works by leading artists including Meher Afroze, Abdul jabbar gull, Noorjehan Bilgrami, Amin Gulgee, Adeela sulaman, Naiza khan, Imran Qureshi, Adeel uz zafar, Madiha Sikander, Ahsan Jamal, Asim butt, Usman Gauri and many other leading artists Since Early 2005 Personal Blog: http://Jamash.wordpress.com Scribbling, playing with words Monthly feature Titled Digi- Art for the Spider ( DAWN) magazine, also introduced regular features “ Artist of the Month” and “ Digital Photography Tips” Technology and digital art related articles for Spider ( DAWN) . Blogging since 2005 on social issues, fine arts, city happenings and events, technology and technology events, have also been the city captain, for Karachi Metro Blogs Former Correspondent France24 Online Contributor Art Now Magazine Contributor Humsafar PIA Inflight Magazine Artistic Madness Exhibitions 2009, participating artist in Machar colony Art show at IVSAA Gallery, Karachi. 2010, Participating artist in Art Loot Maar at The Second Floor, Farar Gallery, Karachi 2012, Participating performance artist, in “Love Marriage”, an Amin Gulgee’s performance, part of Band Baja Barat, Curated by Canvas Gallery held at IVSAA Gallery, Karachi 2012, participating artist at KOEL Gallery for the show titled “MAIN” 2012, participating artist at Art Chowk for the show Titled “Portraiture” 2012, participating artist at KSA Gallery, for the show titled “Sketchbooks” 2013, Participating Artist Alchemy Gallery, Lahore. for the digital art show “ Pixels” 2014 , Participating Artist at Alliance Francaise, Karachi , group show “Raison d’etre”. 2015 Art Performance (public) Titled: Objectified, at IVSAA, Fika, Koel, T2F. 2015. Participating Artist, Aghaz- e- Safar, An event by Pursukoon Karachi, Auction for a cause . 2015 Participating artist, ( Performance, interactive and digital work ) “Basiliq”, Held at Sadeqain Gallery, Frere Hall. 2015 Participating artist, “ Birwa ”, Held at Sadeqain Gallery, Frere Hall. 2016 Participating artist “Impact” , at Mövenpick Hotel Gallery, Karachi 2016 Participating artist “Mera Virsa Mera Khazana “ at Sadeqain Gallery, Frere Hall, Karachi. 2017 Participating artist “Inquiry” at Studio 7 Gallery, Karachi . 2017 Solo Exhibition “ Exploring Structures” Studio 7 Gallery, Karachi. 2017 Site Specific installation “The Lost Stories Of The Past” – Karachi Art Summit – at Arts Council, Karachi. 2018, Participating Artist – Group Show – Baad e Saba II , Clifton Art Gallery, Karachi 2018, Participating Artist – Group Show – Pehchaan, Studio 7 Art Gallery, Karachi. 2018, Participating Artist – Group Show – No Filter, Alliance Francaise Gallerey, Karachi. 2019, Exhibition of personal collection – Aks –e-Jamal at Art Chawk Gallery, Karachi Curatorial projects 2016 Curator, “ When I think about my self … “ Group show – Spaces Gallery, Karachi 2017 Curator “ Social Dialogue “ Solo – Mohsin Panjwani – Studio 7 Gallery, Karachi 2017 Curator “ silent noise “ Group show – Studio 7 Gallery, Karachi 2018 Co-curator “Its All About Satire” Five person Show – Studio 7 Gallery, Karachi. 2019 Co-Curator “An Apology To Shaikh Ayaz” Group show, Chawkandi Art Gallery, Karachi 2020 Curator: “Deafening Silence” Group show at Meubels Art Gallery, Karachi. 2020 Curator Karachi Art and Craft Gala 2021, Studio 7 Gallery Karachi 2021 Co_Curator “ Zindagi hai Karachi” Group show at Arts Council, Karachi. 2021 Curator Karachi Art and Craft Gala 2021(spring), Studio 7 Gallery Karachi Awards 1999, International Azadi competition, 3rd price in web designing. By spider and Xiber com. 2010 Best Live PhotoBlogger , “First National Bloggers Awards” 2017 Special Prize Photography “ First Niggah National Art Awards “. Media Newspaper Mentions Interview ( TV guest appearance AAG TV as a photoblogger) Interview ( TV guest appearance Dawn Tv Breakfast With DAWN) Interview ( TV guest appearance Sindh Tv Morning show ) 2015 GLAM Magazine, Article by Manizhe Ali “ Using art for social activism”. 2015, NIGAAH Art Magazine Article by Marjorie Husain “ Leaving Foot Prints Behind For Others To Follow” 2017 Coverage in Biztoday for the show curated at Studio 7 NIGGAH ART TV coverage by Aks-e-Jamal : 2019 Preopening announcement in Biz today for the show “An Apology To Shaikh Ayaz curated at Chawkandi Art Gallery, Karachi . 2019 Coverage in Youlin Magazine for the show “An Apology To Shaikh Ayaz curated at Chawkandi Art Gallery, Karachi. 2019 Coverage in The News for the show “An Apology To Shaikh Ayaz curated at Chawkandi Art Gallery, Karachi. 2019 Coverage in DAWN by Pirzada Salman for the show “An Apology To Shaikh Ayaz” curated at Chawkandi Art Gallery, Karachi. 2019 Coverage in DAWN by Amra Ali for the show “An Apology To Shaikh Ayaz” curated at Chawkandi Art Gallery, Karachi. 2019 Coverage in Art Now for the show “An Apology To Shaikh Ayaz” curated at Chawkandi Art Gallery, Karachi. 2019 Video Coverage by NIGGAH TV for the show “An Apology To Shaikh Ayaz” curated at Chawkandi Art Gallery, Karachi. 2019 article by Eman Saleem covering the show “An Apology To Shaikh Ayaz” in The Mag Weekly magazine August 31 – Sept 6 Year 2019, Edition Formal Education 2001–2005 University of Karachi, Pakistan. Graduated in English, Education and Sociology in 2005. 2000–2005 Others Karachi, Pakistan. Brain Bench Flash 4 certification in year 2000 Six month proficiency certification in E-commerce from Info train in 2001. Achievement certificate for summer art classes from Karachi School Of Art, year 2005 Other bad Habits Cooking, Reading, Collecting antiques, artworks, stamps, coins and books.",30.0,54.0,,1620.0,16,7656,True
6802,AR-856802,Forest Sky,forest-sky,https://artreserves.com/product/forest-sky/,PKR,15000.0,15000.0,15000.0,False,True,True,,0,0,Oil Paintings|Paintings,Oil Paintings,Oil on Canvas,Oil on Canvas,,,18 X 24 INCHES,Beautiful Forest Sky Oil Painting!,18.0,24.0,,432.0,10,34,True
6191,AR-446191,Wooden Hut in Woods,wooden-hut-in-woods,https://artreserves.com/product/wooden-hut-in-woods/,PKR,10000.0,10000.0,10000.0,False,True,True,,0,0,Oil Paintings|Paintings,Oil Paintings,Oil Paint On Scholar Sheet,Oil Paint On Scholar Sheet,,,11 X 16 INCHES,Oil on Scholar Sheet. A Beautiful Hut Painting!,11.0,16.0,,176.0,19,47,True
5657,AR-445657,UNTITLED,untitled-172,https://artreserves.com/product/untitled-172/,PKR,5000.0,5000.0,5000.0,False,True,True,,0,0,Paintings,Paintings,Mix Medium on Paper,Mix Medium on Paper,,,14 X 22 INCHES,,14.0,22.0,,308.0,8,0,True
1279,AR-521279,Ecstasy,ecstasy,https://artreserves.com/product/ecstasy/,PKR,70000.0,70000.0,70000.0,False,True,True,1,0,0,Paintings,Paintings,Gouache on Wasli,Gouache on Wasli,,,9.84 x 13.39 INCHES,"Shumaila Islam Biography Born in Lahore, Pakistan, she is M.Phil in studio Practice Finearts from PUCAD. She has acquired training of calligraphy from CCRS-NCA. She has displayed her work in more than 25 group shows on renowned national art platforms and one calligraphy group show in Turkey. She has been part of artist residency at Shakir Ali Museum in 2018. Her work has been selected for Santorini-Mykonos art fairs Greece 2018 and Izmir Biennale 2019. Currently, she is teaching at University of Education and Sargodha University. Statement Being not confined to a single medium, I categorize myself a visual artist. I have been trained in conventional arts of painting, but did experimentation in my works, maintaining the soul of chosen genre according thought process and concepts. My inspirations stimulate from nature and support me to present all kinds of observations and feelings. I choose representational imagery, recalling all the experiences that are in my subconscious, experimenting with linear elements, which I overlay and deploy in order to create a physical construction with abundant lyricism. Segments of nature are revolved into emotional catharsis as a vital need to express thoughts through a constant methodological and flexible investigation. I try to create images provided with a personal sensibility and originality. They show assured sensations of movement. I am producing art pieces on Wasli using gauche, ink and pointers.",9.84,13.39,,131.7576,7,1458,True
3427,AR-573427,Untitled,untitled-35,https://artreserves.com/product/untitled-35/,PKR,35000.0,35000.0,35000.0,False,True,True,1,0,0,Freedom in Jail,Freedom in Jail,Embroidery &amp; Oil On Canvas,Embroidery &amp; Oil On Canvas,,,24 x 36 INCHES,,24.0,36.0,,864.0,8,0,True
7729,,Sarfraz Musawir-water colour on paper 15&#215;22 inches,sarfraz-musawir-water-colour-on-paper-15x22-inches,https://artreserves.com/product/sarfraz-musawir-water-colour-on-paper-15x22-inches/,PKR,100000.0,100000.0,100000.0,False,True,True,,0,0,,,,,,,,This painting is framed,,,,,55,23,True
7250,AR-627250,Lady,lady,https://artreserves.com/product/lady/,PKR,8000.0,8000.0,8000.0,False,True,True,,0,0,Paintings,Paintings,Acrylic on Canvas,Acrylic on Canvas,,,16 X 24 INCHES,"It is a replica of an unknown artist, what i did differently is to use pesto with the acrylic to bring some texture to the painting.",16.0,24.0,,384.0,4,132,True
2520,AR-852520,Structure Series,structure-series-3,https://artreserves.com/product/structure-series-3/,PKR,70000.0,70000.0,70000.0,False,True,True,1,0,0,Photography,Photography,Archival Print on Archival Paper. Edition 3/5,Archival Print on Archival Paper. Edition 3/5,,,34 x 72 INCHES,"Jamal Ashiqian[ Jamash] Objective To be able to positively contribute to the society and to leave footprints behind for others to follow. Shades & Hues Social Human Rights Activist Voicing against the patriarchic society since early teens, have been actively blogging on social issues taking part in many awareness campaigns / feminist campaigns / educational campaigns with a number of NGOs Trained as a trainer for Digital Story Telling by APC women (www.apcwomen.org/). Produced a number of digital stories and videos for advocacy and activism and a number of campaigns Photography workshop with children from underprivileged section of the society to teach them to express positively. Participated actively in the local (Pakistan) Take Back The Tech campaign. Founding member of NGO, BoloBhi.org Pads Against Sexism campaign for Pakistan Running an international support group for rape survivors since 2009 on Facebook to provide support and link rape survivors to local social services in their respective region. Trained people (Crafters) online in Malaysia &Thailand to take better photographs of their home crafted items to make them look more presentable and sell more effectively online. 1999–2019 Jamash On Random Occasions, Graphics / Web designer Secured third position in the Azadi Competition held by SPIDER (DAWN) in 1999.. Designed websites, and demonstrations for Info train, designed Logos, Brochures, Visiting Cards Demonstrations, Websites and GUI for many software. Designed a logo for a local NGO, PDP Designed product covers and posters and online advertisements campaigns Commercial Photographic insanity Since before 2002 Jamash: http://www.flickr.com/photos/jamash Involved in Photography since early childhood. buying my first digital camera in 2002 and ever since have done mainstream photography for leading local galleries, artists, magazines and NGOs. Worked for GT, women’s Own, and other magazines covered ramp, fashion and social gatherings. Officially covering art exhibitions and social events since year 2007. Art documentation of works by leading artists including Meher Afroze, Abdul jabbar gull, Noorjehan Bilgrami, Amin Gulgee, Adeela sulaman, Naiza khan, Imran Qureshi, Adeel uz zafar, Madiha Sikander, Ahsan Jamal, Asim butt, Usman Gauri and many other leading artists Since Early 2005 Personal Blog: http://Jamash.wordpress.com Scribbling, playing with words Monthly feature Titled Digi- Art for the Spider ( DAWN) magazine, also introduced regular features “ Artist of the Month” and “ Digital Photography Tips” Technology and digital art related articles for Spider ( DAWN) . Blogging since 2005 on social issues, fine arts, city happenings and events, technology and technology events, have also been the city captain, for Karachi Metro Blogs Former Correspondent France24 Online Contributor Art Now Magazine Contributor Humsafar PIA Inflight Magazine Artistic Madness Exhibitions 2009, participating artist in Machar colony Art show at IVSAA Gallery, Karachi. 2010, Participating artist in Art Loot Maar at The Second Floor, Farar Gallery, Karachi 2012, Participating performance artist, in “Love Marriage”, an Amin Gulgee’s performance, part of Band Baja Barat, Curated by Canvas Gallery held at IVSAA Gallery, Karachi 2012, participating artist at KOEL Gallery for the show titled “MAIN” 2012, participating artist at Art Chowk for the show Titled “Portraiture” 2012, participating artist at KSA Gallery, for the show titled “Sketchbooks” 2013, Participating Artist Alchemy Gallery, Lahore. for the digital art show “ Pixels” 2014 , Participating Artist at Alliance Francaise, Karachi , group show “Raison d’etre”. 2015 Art Performance (public) Titled: Objectified, at IVSAA, Fika, Koel, T2F. 2015. Participating Artist, Aghaz- e- Safar, An event by Pursukoon Karachi, Auction for a cause . 2015 Participating artist, ( Performance, interactive and digital work ) “Basiliq”, Held at Sadeqain Gallery, Frere Hall. 2015 Participating artist, “ Birwa ”, Held at Sadeqain Gallery, Frere Hall. 2016 Participating artist “Impact” , at Mövenpick Hotel Gallery, Karachi 2016 Participating artist “Mera Virsa Mera Khazana “ at Sadeqain Gallery, Frere Hall, Karachi. 2017 Participating artist “Inquiry” at Studio 7 Gallery, Karachi . 2017 Solo Exhibition “ Exploring Structures” Studio 7 Gallery, Karachi. 2017 Site Specific installation “The Lost Stories Of The Past” – Karachi Art Summit – at Arts Council, Karachi. 2018, Participating Artist – Group Show – Baad e Saba II , Clifton Art Gallery, Karachi 2018, Participating Artist – Group Show – Pehchaan, Studio 7 Art Gallery, Karachi. 2018, Participating Artist – Group Show – No Filter, Alliance Francaise Gallerey, Karachi. 2019, Exhibition of personal collection – Aks –e-Jamal at Art Chawk Gallery, Karachi Curatorial projects 2016 Curator, “ When I think about my self … “ Group show – Spaces Gallery, Karachi 2017 Curator “ Social Dialogue “ Solo – Mohsin Panjwani – Studio 7 Gallery, Karachi 2017 Curator “ silent noise “ Group show – Studio 7 Gallery, Karachi 2018 Co-curator “Its All About Satire” Five person Show – Studio 7 Gallery, Karachi. 2019 Co-Curator “An Apology To Shaikh Ayaz” Group show, Chawkandi Art Gallery, Karachi 2020 Curator: “Deafening Silence” Group show at Meubels Art Gallery, Karachi. 2020 Curator Karachi Art and Craft Gala 2021, Studio 7 Gallery Karachi 2021 Co_Curator “ Zindagi hai Karachi” Group show at Arts Council, Karachi. 2021 Curator Karachi Art and Craft Gala 2021(spring), Studio 7 Gallery Karachi Awards 1999, International Azadi competition, 3rd price in web designing. By spider and Xiber com. 2010 Best Live PhotoBlogger , “First National Bloggers Awards” 2017 Special Prize Photography “ First Niggah National Art Awards “. Media Newspaper Mentions Interview ( TV guest appearance AAG TV as a photoblogger) Interview ( TV guest appearance Dawn Tv Breakfast With DAWN) Interview ( TV guest appearance Sindh Tv Morning show ) 2015 GLAM Magazine, Article by Manizhe Ali “ Using art for social activism”. 2015, NIGAAH Art Magazine Article by Marjorie Husain “ Leaving Foot Prints Behind For Others To Follow” 2017 Coverage in Biztoday for the show curated at Studio 7 NIGGAH ART TV coverage by Aks-e-Jamal : 2019 Preopening announcement in Biz today for the show “An Apology To Shaikh Ayaz curated at Chawkandi Art Gallery, Karachi . 2019 Coverage in Youlin Magazine for the show “An Apology To Shaikh Ayaz curated at Chawkandi Art Gallery, Karachi. 2019 Coverage in The News for the show “An Apology To Shaikh Ayaz curated at Chawkandi Art Gallery, Karachi. 2019 Coverage in DAWN by Pirzada Salman for the show “An Apology To Shaikh Ayaz” curated at Chawkandi Art Gallery, Karachi. 2019 Coverage in DAWN by Amra Ali for the show “An Apology To Shaikh Ayaz” curated at Chawkandi Art Gallery, Karachi. 2019 Coverage in Art Now for the show “An Apology To Shaikh Ayaz” curated at Chawkandi Art Gallery, Karachi. 2019 Video Coverage by NIGGAH TV for the show “An Apology To Shaikh Ayaz” curated at Chawkandi Art Gallery, Karachi. 2019 article by Eman Saleem covering the show “An Apology To Shaikh Ayaz” in The Mag Weekly magazine August 31 – Sept 6 Year 2019, Edition Formal Education 2001–2005 University of Karachi, Pakistan. Graduated in English, Education and Sociology in 2005. 2000–2005 Others Karachi, Pakistan. Brain Bench Flash 4 certification in year 2000 Six month proficiency certification in E-commerce from Info train in 2001. Achievement certificate for summer art classes from Karachi School Of Art, year 2005 Other bad Habits Cooking, Reading, Collecting antiques, artworks, stamps, coins and books.",34.0,72.0,,2448.0,16,7656,True
7626,AR-947626,,jamal-ahmad-bangladeshi-artist-8-by-11-inches,https://artreserves.com/product/jamal-ahmad-bangladeshi-artist-8-by-11-inches/,PKR,35000.0,35000.0,35000.0,False,True,True,1,0,0,Drawings,Drawings,drawing,drawing,,,8 x 11 inches,Jamal Ahmad-Bangladeshi artist. 8 by 11 inches,8.0,11.0,,88.0,0,46,True
1876,AR-541876,Kafir 6,kafir-6,https://artreserves.com/product/kafir-6/,PKR,400000.0,400000.0,400000.0,False,True,True,1,0,0,Oil Paintings|Paintings,Oil Paintings,Oil on Canvas,Oil on Canvas,,,36 x 48 INCHES,"Profile: Shahid Rassam is a renowned Pakistani Canadian painter and sculptor. He dabbles in writing and is a passionaterights activist and educationist. He is the Principal of Arts Council Central Institute of Arts and Craft, Pakistan. Shahid has exhibited his work around the world, including the UK,USA,Canada,France, Italy,UAE,India, and Pakistan. Famous writer and art critic Dr. Akbar Naqvi has done a critical analysis of his work in his book “Sense and Insanity.”Shahid plays the bridge between various genres of art and prominent writers like, Mushtaq Ahmed Yusufi, Anwar Maqsood,Zehra Nigah,Iftikhar Arif,Kishwar Naheed, and Gulzar have praised his extraordinary contribution to the world of art. Over time, Shahid has practiced and experimented with various schools and style of painting. He has also done portraits ofleaders like Nelson Mandela, Benazir Bhutto, Justin Trudeau, Hazel McCallion, Salman Taseer, Hilary Clinton,Shahbaz Bhatti, Pope Francis and many great writers and poets. Arts Council Institute of Arts and Crafts (ACIAC) Shahid Rassam is currently leading ACIAC as Principal since 2018. Since he is in charge there are several positive changes anyone can witness. Objective is to make ACIAC in top list of Global institutes for Arts and Crafts Exhibitions: KB19 : Karachi Biennale 2019 at Bagh-e-Ibn-Qasim Solo exhibition “Ghalib & Gulzar series” at VMH Museum Kolkata, 2016. Solo exhibition “Tamasha Meray Aagay” at Koel Gallery,Karachi, 2016. Solo exhibition “Clockwise- Otherwise” at Koel Gallery,Karachi, 2013. Live Painting demonstration on a unique musical composition, painting auctioned for Sick Kids Foundation, Living Art Center, Mississauga Canada organized by SAGA, 2012. Solo exhibition Embassy of Pakistan,Washington DC, 2011. Solo Exhibition at Bagash Art Gallery, Dubai. 2006. Group exhibition, Boston, USA, 2003. Group exhibition of Art and Liberty in France, Belgium, Scotland, 2002. Group exhibition at St. Martin College of Arts London 1999. Group exhibition J.N.T.U. College of Arts Hyderabad, India,1998. Ghalib and Gulzar (Called off two hours before the opening by BJP extrermist). Commissioned Work& Auctions: Prime Minister Nawaz Sharif, portrait Prime Minister Narendra Modi, portrait Ruler of Dubai Shaikh Mohammad Bin Rashid al Maktoum,portrait Mural auctioned at Christies, Dubai for UNFP program for earthquake victims, US $20,000. Visiting Lecturer: Shanti Nekaytun, Calcutta, and India 2016. Rabindranath Bhartya University, Calcutta, India 2016. JJ School of Art, Mumbai, India 2015. University of Toronto 2011. Al-Ain University UAE Abu Dhabi Cultural Foundation. UAE Boston Universite, USA Newspaper Articles and Publication: Picasso, Van Gogh, Paul Klee, Henri Matisse. Jaun Elia,Mushtaq Ahmed Yusufi,Jamal Ehsani,M.FHussain. “Worshippers and Sinners”, a coffee table book published by the Embassy of Pakistan, Washington. Shahid studied art at the St. Martin College of Arts, London on a British Council scholarship. He received Artist of the year (2000), UAE University Al-ain, and Quaid-e-Azam youth award. He has Master’s Degrees in Geology, and Urdu Literature from the University of Karachi. He is married with three children and lives in Karachi, Pakistan. Photo Gallery Contact: Rassam Studio of Art Canada:001905-275-0278 Pakistan: 0092-300-2577411 Email: shahid_rassam@yahoo.com Website:www.shahidrassam.com Address: 92/2, 8th Commercial Street, Phase 4,DHA,Karachi",36.0,48.0,,1728.0,7,3440,True
7628,AR-627628,,mashkoor-raza-oil-on-canvas-size-30-by-48-inches,https://artreserves.com/product/mashkoor-raza-oil-on-canvas-size-30-by-48-inches/,PKR,290000.0,290000.0,290000.0,False,True,True,1,0,0,Oil Paintings,Oil Paintings,Oil on Canvas,Oil on Canvas,,,30 x 48 inches.,Mashkoor Raza oil on canvas. Size 30 by 48 inches.,30.0,48.0,,1440.0,0,50,True
2624,AR-242624,Allah,allah,https://artreserves.com/product/allah/,PKR,8000.0,8000.0,8000.0,False,True,True,1,0,0,Calligraphy,Calligraphy,Acrylic on Canvas,Acrylic on Canvas,,,24 X 24 INCHES,"Beautiful ALLAH painting on Canvas. Freestyle, Decorative and spontaneous brush strokes.",24.0,24.0,,576.0,5,88,True
7009,AR-847009,UNTITLED,untitled-181,https://artreserves.com/product/untitled-181/,PKR,10000.0,10000.0,10000.0,False,True,True,1,0,0,Freedom in Jail,Freedom in Jail,Oil on Canvas,Oil on Canvas,,,20 x 30 INCHES,,20.0,30.0,,600.0,8,0,True
5647,AR-775647,TU KIA JANAY RAAZ KI BATAIN,tu-kia-janay-raaz-ki-batain,https://artreserves.com/product/tu-kia-janay-raaz-ki-batain/,PKR,7000.0,7000.0,7000.0,False,True,True,1,0,0,Drawings|Paintings,Drawings,Charcoal and Ink Wash on Canvas,Charcoal and Ink Wash on Canvas,,,12 X 24 INCHES,,12.0,24.0,,288.0,27,0,True
2753,AR-322753,Yellow Abstract,yellow-abstract,https://artreserves.com/product/yellow-abstract/,PKR,7000.0,10000.0,7000.0,True,True,True,,0,0,Acrylic Paintings|Paintings,Acrylic Paintings,Acrylic on Canvas,Acrylic on Canvas,,,20 X 20 INCHES,Muhammad Arif Channa (MAC),20.0,20.0,,400.0,15,26,True
4416,AR-184416,"Rule-No 1 i am right thats it,",rule-no-1-i-am-right-thats-it,https://artreserves.com/product/rule-no-1-i-am-right-thats-it/,PKR,40000.0,50000.0,40000.0,True,True,True,,0,0,Oil Paintings|Paintings,Oil Paintings,Oil on Canvas,Oil on Canvas,,,36 X 48 INCHES,A phase of Life!,36.0,48.0,,1728.0,30,16,True
3833,AR-173833,Part of the natural world,part-of-the-natural-world,https://artreserves.com/product/part-of-the-natural-world/,PKR,50000.0,50000.0,50000.0,False,True,True,,0,0,Paintings,Paintings,Gouache on Wasli,Gouache on Wasli,,,24 X 20 INCHES,This painting belongs to the series named “Life on the Water”.,24.0,20.0,,480.0,25,62,True
7083,AH04122004,Red abstract,red-abstract,https://artreserves.com/product/red-abstract/,PKR,10000.0,10000.0,10000.0,False,True,True,,0,0,Oil Paintings|Paintings,Oil Paintings,Oil Paint On Canvas,Oil Paint On Canvas,,,20 X 16 INCHES,Combination of red and black making an abstract landscape.,20.0,16.0,,320.0,12,58,True
1706,AR-251706,Untitled,untitled-14,https://artreserves.com/product/untitled-14/,PKR,30000.0,30000.0,30000.0,False,True,True,1,0,0,Paintings,Paintings,Water Color on Paper,Water Color on Paper,,,11 x 22 INCHES,"Arif Ansari When I was doing my Bachelor’s in Fine Arts I explored various mediums but my heart was set on water colour. I loved the versatility and the smooth flow of the colours as they merged on my palette. Additionally I was deeply touched and inspired by the works of late Mr. Zahin Ahmed and Mr. A.Q. Arif. Their style and subject matter appealed to me and I started to work in the same medium. Later I also had the opportunity to meet and work with Mr. Ali Sajid the world renowned artist. He guided me and helped me develop and evolve my style further. Nature has been the muse of countless artists through the ages and still continues to be. My heart has always been drawn to nature, as a child I loved exploring and taking long walks in the uncharted forests. Therefore when I began to paint there was no doubt in my mind what my subject matter would be.",11.0,22.0,,242.0,8,864,True
4095,AR-254095,Pen (Freedom In Jail),254095,https://artreserves.com/product/254095/,PKR,300.0,300.0,300.0,False,True,True,1,0,0,Crafts,Crafts,Moti Work,Moti Work,,,300 RS PER PIECE.,,,,,,21,0,True
4088,AR-934088,Rehel (Freedom In Jail),untitled-moti-work-33423,https://artreserves.com/product/untitled-moti-work-33423/,PKR,15000.0,15000.0,15000.0,False,True,True,1,0,0,Crafts|Freedom in Jail,Crafts,Moti Work,Moti Work,,,,,,,,,23,0,True
7568,AR-423895-1-1-1-1,Maries Acrylic Orange Red Color 75ML,maries-acrylic-phthalo-blue-green-shade-color-75ml,https://artreserves.com/product/maries-acrylic-phthalo-blue-green-shade-color-75ml/,PKR,310.0,350.0,310.0,True,True,True,,0,0,Acrylic Paints|Art Supplies,Acrylic Paints,acrylic paint|maries|maries acrylic color|paints,acrylic paint,,,No.313,,,,,,36,0,False
2155,AR-772155,"Allah, Muhammad",allah-muhammad,https://artreserves.com/product/allah-muhammad/,PKR,10000.0,10000.0,10000.0,False,True,True,1,0,0,Calligraphy,Calligraphy,3D Acrylic Cutout on Canvas,3D Acrylic Cutout on Canvas,,,12 × 16 INCHES,,12.0,16.0,,192.0,15,0,True
3840,AR-423840,Untitled,untitled-169,https://artreserves.com/product/untitled-169/,PKR,5000.0,10000.0,5000.0,True,True,True,1,0,0,Acrylic Paintings,Acrylic Paintings,Acrylic on Canvas,Acrylic on Canvas,,,14 x 14 INCHES,,14.0,14.0,,196.0,8,0,True
3486,AR-993486,Untitled,untitled-61,https://artreserves.com/product/untitled-61/,PKR,30000.0,30000.0,30000.0,False,True,True,1,0,0,Freedom in Jail,Freedom in Jail,Embroidery,Embroidery,,,20 x 28 INCHES,,20.0,28.0,,560.0,8,0,True
1276,AR-211276,Bliss II,bliss-ii,https://artreserves.com/product/bliss-ii/,PKR,125000.0,125000.0,125000.0,False,True,True,1,0,0,Paintings,Paintings,Gouache on Wasli,Gouache on Wasli,,,9.06 x 14.96 INCHES,,9.06,14.96,,135.53760000000003,8,0,True
3751,AR-143751,Untitled,untitled-162,https://artreserves.com/product/untitled-162/,PKR,30000.0,30000.0,30000.0,False,True,True,1,0,0,Freedom in Jail,Freedom in Jail,Embroidery &amp; Oil On Canvas,Embroidery &amp; Oil On Canvas,,,20 x 30 INCHES,,20.0,30.0,,600.0,8,0,True
3671,AR-363671,Untitled,untitled-135,https://artreserves.com/product/untitled-135/,PKR,20000.0,20000.0,20000.0,False,True,True,1,0,0,Freedom in Jail,Freedom in Jail,Oil on Canvas,Oil on Canvas,,,20 x 30 INCHES,,20.0,30.0,,600.0,8,0,True
2997,AR-992997,Loins Heart,loins-heart,https://artreserves.com/product/loins-heart/,PKR,15000.0,20000.0,15000.0,True,True,True,1,0,0,Paintings,Paintings,Water Color on Paper,Water Color on Paper,,,14 X 20 INCHES,Heart Hurts and also rules us……,14.0,20.0,,280.0,11,31,True
5151,AR-365151,Still life,still-life-3,https://artreserves.com/product/still-life-3/,PKR,65000.0,65000.0,65000.0,False,True,True,,0,0,Oil Paintings|Paintings,Oil Paintings,Oil on Canvas,Oil on Canvas,,,20 X 30 INCHES,I love to paint in bright colour and my paintings are more alive/stylised in style. I paint in oil and use good quality of canvas.,20.0,30.0,,600.0,10,130,True
3510,AR-433510,Untitled,untitled-70,https://artreserves.com/product/untitled-70/,PKR,8000.0,8000.0,8000.0,False,True,True,1,0,0,Freedom in Jail|Oil Paintings,Freedom in Jail,Oil on Canvas,Oil on Canvas,,,18 x 24 INCHES,,18.0,24.0,,432.0,8,0,True
5832,AH04121999,Profound into the Nature,profound-into-the-nature,https://artreserves.com/product/profound-into-the-nature/,PKR,15000.0,15000.0,15000.0,False,True,True,,0,0,Oil Paintings|Paintings,Oil Paintings,Oil on Canvas,Oil on Canvas,,,36 X 24 INCHES,A beautiful landscape scene covering different elements of nature with a theme presenting greenery under a calm sky amid a range of mountains. A piece of Art that can take you away from your surroundings to a lush green place with a little cabin to rest for a while.,36.0,24.0,,864.0,24,266,True
6363,AR-726363,The Dead End,the-dead-end,https://artreserves.com/product/the-dead-end/,PKR,65000.0,65000.0,65000.0,False,True,True,1,0,0,Acrylic Paintings|Paintings,Acrylic Paintings,Acrylic on Canvas,Acrylic on Canvas,,,19 X 25 INCHES,"I paint as if to save somebody’s life,probably my own. life is a kind of madness that death makes, long live the dead because we live in them.",19.0,25.0,,475.0,12,142,True
2515,AR-492515,Structure Series,structure-series,https://artreserves.com/product/structure-series/,PKR,60000.0,60000.0,60000.0,False,True,True,1,0,0,Photography,Photography,Archival Print on Archival Paper. Edition 3/5,Archival Print on Archival Paper. Edition 3/5,,,30 x 54 INCHES,"Jamal Ashiqian[ Jamash] Objective To be able to positively contribute to the society and to leave footprints behind for others to follow. Shades & Hues Social Human Rights Activist Voicing against the patriarchic society since early teens, have been actively blogging on social issues taking part in many awareness campaigns / feminist campaigns / educational campaigns with a number of NGOs Trained as a trainer for Digital Story Telling by APC women (www.apcwomen.org/). Produced a number of digital stories and videos for advocacy and activism and a number of campaigns Photography workshop with children from underprivileged section of the society to teach them to express positively. Participated actively in the local (Pakistan) Take Back The Tech campaign. Founding member of NGO, BoloBhi.org Pads Against Sexism campaign for Pakistan Running an international support group for rape survivors since 2009 on Facebook to provide support and link rape survivors to local social services in their respective region. Trained people (Crafters) online in Malaysia &Thailand to take better photographs of their home crafted items to make them look more presentable and sell more effectively online. 1999–2019 Jamash On Random Occasions, Graphics / Web designer Secured third position in the Azadi Competition held by SPIDER (DAWN) in 1999.. Designed websites, and demonstrations for Info train, designed Logos, Brochures, Visiting Cards Demonstrations, Websites and GUI for many software. Designed a logo for a local NGO, PDP Designed product covers and posters and online advertisements campaigns Commercial Photographic insanity Since before 2002 Jamash: http://www.flickr.com/photos/jamash Involved in Photography since early childhood. buying my first digital camera in 2002 and ever since have done mainstream photography for leading local galleries, artists, magazines and NGOs. Worked for GT, women’s Own, and other magazines covered ramp, fashion and social gatherings. Officially covering art exhibitions and social events since year 2007. Art documentation of works by leading artists including Meher Afroze, Abdul jabbar gull, Noorjehan Bilgrami, Amin Gulgee, Adeela sulaman, Naiza khan, Imran Qureshi, Adeel uz zafar, Madiha Sikander, Ahsan Jamal, Asim butt, Usman Gauri and many other leading artists Since Early 2005 Personal Blog: http://Jamash.wordpress.com Scribbling, playing with words Monthly feature Titled Digi- Art for the Spider ( DAWN) magazine, also introduced regular features “ Artist of the Month” and “ Digital Photography Tips” Technology and digital art related articles for Spider ( DAWN) . Blogging since 2005 on social issues, fine arts, city happenings and events, technology and technology events, have also been the city captain, for Karachi Metro Blogs Former Correspondent France24 Online Contributor Art Now Magazine Contributor Humsafar PIA Inflight Magazine Artistic Madness Exhibitions 2009, participating artist in Machar colony Art show at IVSAA Gallery, Karachi. 2010, Participating artist in Art Loot Maar at The Second Floor, Farar Gallery, Karachi 2012, Participating performance artist, in “Love Marriage”, an Amin Gulgee’s performance, part of Band Baja Barat, Curated by Canvas Gallery held at IVSAA Gallery, Karachi 2012, participating artist at KOEL Gallery for the show titled “MAIN” 2012, participating artist at Art Chowk for the show Titled “Portraiture” 2012, participating artist at KSA Gallery, for the show titled “Sketchbooks” 2013, Participating Artist Alchemy Gallery, Lahore. for the digital art show “ Pixels” 2014 , Participating Artist at Alliance Francaise, Karachi , group show “Raison d’etre”. 2015 Art Performance (public) Titled: Objectified, at IVSAA, Fika, Koel, T2F. 2015. Participating Artist, Aghaz- e- Safar, An event by Pursukoon Karachi, Auction for a cause . 2015 Participating artist, ( Performance, interactive and digital work ) “Basiliq”, Held at Sadeqain Gallery, Frere Hall. 2015 Participating artist, “ Birwa ”, Held at Sadeqain Gallery, Frere Hall. 2016 Participating artist “Impact” , at Mövenpick Hotel Gallery, Karachi 2016 Participating artist “Mera Virsa Mera Khazana “ at Sadeqain Gallery, Frere Hall, Karachi. 2017 Participating artist “Inquiry” at Studio 7 Gallery, Karachi . 2017 Solo Exhibition “ Exploring Structures” Studio 7 Gallery, Karachi. 2017 Site Specific installation “The Lost Stories Of The Past” – Karachi Art Summit – at Arts Council, Karachi. 2018, Participating Artist – Group Show – Baad e Saba II , Clifton Art Gallery, Karachi 2018, Participating Artist – Group Show – Pehchaan, Studio 7 Art Gallery, Karachi. 2018, Participating Artist – Group Show – No Filter, Alliance Francaise Gallerey, Karachi. 2019, Exhibition of personal collection – Aks –e-Jamal at Art Chawk Gallery, Karachi Curatorial projects 2016 Curator, “ When I think about my self … “ Group show – Spaces Gallery, Karachi 2017 Curator “ Social Dialogue “ Solo – Mohsin Panjwani – Studio 7 Gallery, Karachi 2017 Curator “ silent noise “ Group show – Studio 7 Gallery, Karachi 2018 Co-curator “Its All About Satire” Five person Show – Studio 7 Gallery, Karachi. 2019 Co-Curator “An Apology To Shaikh Ayaz” Group show, Chawkandi Art Gallery, Karachi 2020 Curator: “Deafening Silence” Group show at Meubels Art Gallery, Karachi. 2020 Curator Karachi Art and Craft Gala 2021, Studio 7 Gallery Karachi 2021 Co_Curator “ Zindagi hai Karachi” Group show at Arts Council, Karachi. 2021 Curator Karachi Art and Craft Gala 2021(spring), Studio 7 Gallery Karachi Awards 1999, International Azadi competition, 3rd price in web designing. By spider and Xiber com. 2010 Best Live PhotoBlogger , “First National Bloggers Awards” 2017 Special Prize Photography “ First Niggah National Art Awards “. Media Newspaper Mentions Interview ( TV guest appearance AAG TV as a photoblogger) Interview ( TV guest appearance Dawn Tv Breakfast With DAWN) Interview ( TV guest appearance Sindh Tv Morning show ) 2015 GLAM Magazine, Article by Manizhe Ali “ Using art for social activism”. 2015, NIGAAH Art Magazine Article by Marjorie Husain “ Leaving Foot Prints Behind For Others To Follow” 2017 Coverage in Biztoday for the show curated at Studio 7 NIGGAH ART TV coverage by Aks-e-Jamal : 2019 Preopening announcement in Biz today for the show “An Apology To Shaikh Ayaz curated at Chawkandi Art Gallery, Karachi . 2019 Coverage in Youlin Magazine for the show “An Apology To Shaikh Ayaz curated at Chawkandi Art Gallery, Karachi. 2019 Coverage in The News for the show “An Apology To Shaikh Ayaz curated at Chawkandi Art Gallery, Karachi. 2019 Coverage in DAWN by Pirzada Salman for the show “An Apology To Shaikh Ayaz” curated at Chawkandi Art Gallery, Karachi. 2019 Coverage in DAWN by Amra Ali for the show “An Apology To Shaikh Ayaz” curated at Chawkandi Art Gallery, Karachi. 2019 Coverage in Art Now for the show “An Apology To Shaikh Ayaz” curated at Chawkandi Art Gallery, Karachi. 2019 Video Coverage by NIGGAH TV for the show “An Apology To Shaikh Ayaz” curated at Chawkandi Art Gallery, Karachi. 2019 article by Eman Saleem covering the show “An Apology To Shaikh Ayaz” in The Mag Weekly magazine August 31 – Sept 6 Year 2019, Edition Formal Education 2001–2005 University of Karachi, Pakistan. Graduated in English, Education and Sociology in 2005. 2000–2005 Others Karachi, Pakistan. Brain Bench Flash 4 certification in year 2000 Six month proficiency certification in E-commerce from Info train in 2001. Achievement certificate for summer art classes from Karachi School Of Art, year 2005 Other bad Habits Cooking, Reading, Collecting antiques, artworks, stamps, coins and books.",30.0,54.0,,1620.0,16,7656,True
7556,AR-423895-1-1-1,Maries Acrylic Yellow Ochre Color 75ML,maries-acrylic-yellow-ochre-color-75ml,https://artreserves.com/product/maries-acrylic-yellow-ochre-color-75ml/,PKR,310.0,350.0,310.0,True,True,True,2,0,0,Acrylic Paints|Art Supplies,Acrylic Paints,acrylic paint|maries|maries acrylic color|paints,acrylic paint,,,No.676,,,,,,38,0,False
3218,AR-323218,River Series,river-series-3,https://artreserves.com/product/river-series-3/,PKR,45000.0,45000.0,45000.0,False,True,True,,0,0,Paintings,Paintings,Water Color on Paper,Water Color on Paper,,,14 X 21 INCHES,"I was born in Lodhran district of Multan division. I work in watercolor media. I learned from International School of painting of Peshawar. I paint most of the things around me. Next to my house is the Sutlej river I like to paint boats on the river. also, I enjoy painting natural things in my village. Watercolor is a difficult medium. I really enjoy working in it. I am always looking for something new. I keep on searching so that people can enjoy my painting as much as possible • • Date of birth 15-05-1984 Exhibitions • Group Show Break in the clouds artscene Art Gallery karachi 2021 • Group Show watercolor Ijaz Art Gallery Lahore 2020. • Group show watercolor Mussawir Art gallery Lahore 2019. • Group show 33 Annual Exhibition Alhamra Art Gallery Lahore 2019. • Group show watercolor Full Circle Gallery Karachi 2019. • Group show watercolor Art scene galleries Karachi 2018. • Group show watercolor Gallery 6 Islamabad 2018. • Group show 32 Annual Exhibition Alhamra Art Gallery Lahore 2018. • • International watercolor society group show 2 Albania Bainnel Albania 2017 International watercolor society group show 2 India Bainnel India 2017 • Group show watercolor Coopera Art Gallery Lahore 2016 • Awards & Certificates • Selected as a top 100 artist in iws bangladesh 1st online juried watercolor competition (certificate 2021) • International watercolor society best watercolor portrait painting award Contest 2019-2020. • International watercolor society Pakistani Artist Award Contest 2016 (Gold medal)• 1st international largest painting Islamabad participation certificate 2016. • Funny Khidmat award bait ul fan of Calligraphy Bahawalpur 2016-2017. • True hues of Khyber Pakhtunkhwa 1st largest painting Peshawar participation certificate 2016. • Certificate Outstanding craftsmanship in the field of oil and colour painting (Major General General Officer Commanding Muhammad Shafique) 2015. • Certificate Outstanding Painting in TFWC (Brigadier Commander Dilawar Khan) 2014.. • Membership. Member of National artist association of Pakistan” • I was born in Lodhran district of Multan division. I work in watercolor media. I learned from International School of painting of Peshawar. I paint most of the things around me. Next to my house is the Sutlej river I like to paint boats on the river. also, I enjoy painting natural things in my village. Watercolor is a difficult medium. I really enjoy working in it. I am always looking for something new.I keep on searching so that people can enjoy my painting as much as possible • • Date of birth 15-05-1984 Exhibitions • Group Show Break in the clouds artscene Art Gallery karachi 2021 • Group Show watercolor Ijaz Art Gallery Lahore 2020. • Group show watercolor Mussawir Art gallery Lahore 2019. • Group show 33 Annual Exhibition Alhamra Art Gallery Lahore 2019. • Group show watercolor Full Circle Gallery Karachi 2019. • Group show watercolor Art scene galleries Karachi 2018. • Group show watercolor Gallery 6 Islamabad 2018. • Group show 32 Annual Exhibition Alhamra Art Gallery Lahore 2018. • • International watercolor society group show 2 Albania Bainnel Albania 2017 International watercolor society group show 2 India Bainnel India 2017 • Group show watercolor Coopera Art Gallery Lahore 2016 • Awards & Certificates • Selected as a top 100 artist in iws bangladesh 1st online juried watercolor competition (certificate 2021) • International watercolor society best watercolor portrait painting award Contest 2019-2020. • International watercolor society Pakistani Artist Award Contest 2016 (Gold medal)• 1st international largest painting Islamabad participation certificate 2016. • Funny Khidmat award bait ul fan of Calligraphy Bahawalpur 2016-2017. • True hues of Khyber Pakhtunkhwa 1st largest painting Peshawar participation certificate 2016. • Certificate Outstanding craftsmanship in the field of oil and colour painting (Major General General Officer Commanding Muhammad Shafique) 2015. • Certificate Outstanding Painting in TFWC (Brigadier Commander Dilawar Khan) 2014.. • Membership. Member of National artist association of Pakistan.",14.0,21.0,,294.0,12,4126,True
7621,AR-457621,,abrar-ahmad-9-and-a-half-by-14-and-a-half-inches-pen-and-ink-on-paper,https://artreserves.com/product/abrar-ahmad-9-and-a-half-by-14-and-a-half-inches-pen-and-ink-on-paper/,PKR,35000.0,35000.0,35000.0,False,True,True,,0,0,Drawings,Drawings,Pen &amp; ink on paper,Pen &amp; ink on paper,,,9.5 x 14.5 inches,Abrar Ahmad 9 and a half by 14 and a half inches Pen and ink on paper,9.5,14.5,,137.75,0,69,True
5491,AR-795491,Chitral landscape,chitral-landscape,https://artreserves.com/product/chitral-landscape/,PKR,29000.0,30000.0,29000.0,True,True,True,1,0,0,Paintings,Paintings,Water Color on Paper,Water Color on Paper,,,6 X 13 INCHES,Landscape depicts chitrali houses and natural environment in Northern area of Pakistan which is peaceful and giving good sensation.,6.0,13.0,,78.0,17,131,True
2540,AR-552540,Structure Series,structure-series-10,https://artreserves.com/product/structure-series-10/,PKR,75000.0,75000.0,75000.0,False,True,True,1,0,0,Photography,Photography,Archival Print on Archival Paper. Edition 3/5,Archival Print on Archival Paper. Edition 3/5,,,34 x 72 INCHES,"Jamal Ashiqian[ Jamash] Objective To be able to positively contribute to the society and to leave footprints behind for others to follow. Shades & Hues Social Human Rights Activist Voicing against the patriarchic society since early teens, have been actively blogging on social issues taking part in many awareness campaigns / feminist campaigns / educational campaigns with a number of NGOs Trained as a trainer for Digital Story Telling by APC women (www.apcwomen.org/). Produced a number of digital stories and videos for advocacy and activism and a number of campaigns Photography workshop with children from underprivileged section of the society to teach them to express positively. Participated actively in the local (Pakistan) Take Back The Tech campaign. Founding member of NGO, BoloBhi.org Pads Against Sexism campaign for Pakistan Running an international support group for rape survivors since 2009 on Facebook to provide support and link rape survivors to local social services in their respective region. Trained people (Crafters) online in Malaysia &Thailand to take better photographs of their home crafted items to make them look more presentable and sell more effectively online. 1999–2019 Jamash On Random Occasions, Graphics / Web designer Secured third position in the Azadi Competition held by SPIDER (DAWN) in 1999.. Designed websites, and demonstrations for Info train, designed Logos, Brochures, Visiting Cards Demonstrations, Websites and GUI for many software. Designed a logo for a local NGO, PDP Designed product covers and posters and online advertisements campaigns Commercial Photographic insanity Since before 2002 Jamash: http://www.flickr.com/photos/jamash Involved in Photography since early childhood. buying my first digital camera in 2002 and ever since have done mainstream photography for leading local galleries, artists, magazines and NGOs. Worked for GT, women’s Own, and other magazines covered ramp, fashion and social gatherings. Officially covering art exhibitions and social events since year 2007. Art documentation of works by leading artists including Meher Afroze, Abdul jabbar gull, Noorjehan Bilgrami, Amin Gulgee, Adeela sulaman, Naiza khan, Imran Qureshi, Adeel uz zafar, Madiha Sikander, Ahsan Jamal, Asim butt, Usman Gauri and many other leading artists Since Early 2005 Personal Blog: http://Jamash.wordpress.com Scribbling, playing with words Monthly feature Titled Digi- Art for the Spider ( DAWN) magazine, also introduced regular features “ Artist of the Month” and “ Digital Photography Tips” Technology and digital art related articles for Spider ( DAWN) . Blogging since 2005 on social issues, fine arts, city happenings and events, technology and technology events, have also been the city captain, for Karachi Metro Blogs Former Correspondent France24 Online Contributor Art Now Magazine Contributor Humsafar PIA Inflight Magazine Artistic Madness Exhibitions 2009, participating artist in Machar colony Art show at IVSAA Gallery, Karachi. 2010, Participating artist in Art Loot Maar at The Second Floor, Farar Gallery, Karachi 2012, Participating performance artist, in “Love Marriage”, an Amin Gulgee’s performance, part of Band Baja Barat, Curated by Canvas Gallery held at IVSAA Gallery, Karachi 2012, participating artist at KOEL Gallery for the show titled “MAIN” 2012, participating artist at Art Chowk for the show Titled “Portraiture” 2012, participating artist at KSA Gallery, for the show titled “Sketchbooks” 2013, Participating Artist Alchemy Gallery, Lahore. for the digital art show “ Pixels” 2014 , Participating Artist at Alliance Francaise, Karachi , group show “Raison d’etre”. 2015 Art Performance (public) Titled: Objectified, at IVSAA, Fika, Koel, T2F. 2015. Participating Artist, Aghaz- e- Safar, An event by Pursukoon Karachi, Auction for a cause . 2015 Participating artist, ( Performance, interactive and digital work ) “Basiliq”, Held at Sadeqain Gallery, Frere Hall. 2015 Participating artist, “ Birwa ”, Held at Sadeqain Gallery, Frere Hall. 2016 Participating artist “Impact” , at Mövenpick Hotel Gallery, Karachi 2016 Participating artist “Mera Virsa Mera Khazana “ at Sadeqain Gallery, Frere Hall, Karachi. 2017 Participating artist “Inquiry” at Studio 7 Gallery, Karachi . 2017 Solo Exhibition “ Exploring Structures” Studio 7 Gallery, Karachi. 2017 Site Specific installation “The Lost Stories Of The Past” – Karachi Art Summit – at Arts Council, Karachi. 2018, Participating Artist – Group Show – Baad e Saba II , Clifton Art Gallery, Karachi 2018, Participating Artist – Group Show – Pehchaan, Studio 7 Art Gallery, Karachi. 2018, Participating Artist – Group Show – No Filter, Alliance Francaise Gallerey, Karachi. 2019, Exhibition of personal collection – Aks –e-Jamal at Art Chawk Gallery, Karachi Curatorial projects 2016 Curator, “ When I think about my self … “ Group show – Spaces Gallery, Karachi 2017 Curator “ Social Dialogue “ Solo – Mohsin Panjwani – Studio 7 Gallery, Karachi 2017 Curator “ silent noise “ Group show – Studio 7 Gallery, Karachi 2018 Co-curator “Its All About Satire” Five person Show – Studio 7 Gallery, Karachi. 2019 Co-Curator “An Apology To Shaikh Ayaz” Group show, Chawkandi Art Gallery, Karachi 2020 Curator: “Deafening Silence” Group show at Meubels Art Gallery, Karachi. 2020 Curator Karachi Art and Craft Gala 2021, Studio 7 Gallery Karachi 2021 Co_Curator “ Zindagi hai Karachi” Group show at Arts Council, Karachi. 2021 Curator Karachi Art and Craft Gala 2021(spring), Studio 7 Gallery Karachi Awards 1999, International Azadi competition, 3rd price in web designing. By spider and Xiber com. 2010 Best Live PhotoBlogger , “First National Bloggers Awards” 2017 Special Prize Photography “ First Niggah National Art Awards “. Media Newspaper Mentions Interview ( TV guest appearance AAG TV as a photoblogger) Interview ( TV guest appearance Dawn Tv Breakfast With DAWN) Interview ( TV guest appearance Sindh Tv Morning show ) 2015 GLAM Magazine, Article by Manizhe Ali “ Using art for social activism”. 2015, NIGAAH Art Magazine Article by Marjorie Husain “ Leaving Foot Prints Behind For Others To Follow” 2017 Coverage in Biztoday for the show curated at Studio 7 NIGGAH ART TV coverage by Aks-e-Jamal : 2019 Preopening announcement in Biz today for the show “An Apology To Shaikh Ayaz curated at Chawkandi Art Gallery, Karachi . 2019 Coverage in Youlin Magazine for the show “An Apology To Shaikh Ayaz curated at Chawkandi Art Gallery, Karachi. 2019 Coverage in The News for the show “An Apology To Shaikh Ayaz curated at Chawkandi Art Gallery, Karachi. 2019 Coverage in DAWN by Pirzada Salman for the show “An Apology To Shaikh Ayaz” curated at Chawkandi Art Gallery, Karachi. 2019 Coverage in DAWN by Amra Ali for the show “An Apology To Shaikh Ayaz” curated at Chawkandi Art Gallery, Karachi. 2019 Coverage in Art Now for the show “An Apology To Shaikh Ayaz” curated at Chawkandi Art Gallery, Karachi. 2019 Video Coverage by NIGGAH TV for the show “An Apology To Shaikh Ayaz” curated at Chawkandi Art Gallery, Karachi. 2019 article by Eman Saleem covering the show “An Apology To Shaikh Ayaz” in The Mag Weekly magazine August 31 – Sept 6 Year 2019, Edition Formal Education 2001–2005 University of Karachi, Pakistan. Graduated in English, Education and Sociology in 2005. 2000–2005 Others Karachi, Pakistan. Brain Bench Flash 4 certification in year 2000 Six month proficiency certification in E-commerce from Info train in 2001. Achievement certificate for summer art classes from Karachi School Of Art, year 2005 Other bad Habits Cooking, Reading, Collecting antiques, artworks, stamps, coins and books.",34.0,72.0,,2448.0,16,7656,True
3704,AR-843704,Untitled,untitled-151,https://artreserves.com/product/untitled-151/,PKR,15000.0,15000.0,15000.0,False,True,True,1,0,0,Freedom in Jail,Freedom in Jail,Oil on Canvas,Oil on Canvas,,,24 x 30 INCHES,,24.0,30.0,,720.0,8,0,True
4311,AR-174311,Untitled,174311,https://artreserves.com/product/174311/,PKR,10000.0,10000.0,10000.0,False,True,True,1,0,0,Freedom in Jail,Freedom in Jail,Oil on Canvas,Oil on Canvas,,,18 x 24 INCHES,,18.0,24.0,,432.0,8,0,True
5669,AR-565669,TU KIA JANAY RAAZ KI BATAIN,tu-kia-janay-raaz-ki-batain-2,https://artreserves.com/product/tu-kia-janay-raaz-ki-batain-2/,PKR,6500.0,6500.0,6500.0,False,True,True,1,0,0,Drawings,Drawings,Charcoal and Ink Wash on Canvas,Charcoal and Ink Wash on Canvas,,,12 X 24 INCHES,,12.0,24.0,,288.0,27,0,True
2995,AR-752995,COLORS,colors,https://artreserves.com/product/colors/,PKR,15000.0,20000.0,15000.0,True,True,True,1,0,0,Paintings,Paintings,Water Color on Paper,Water Color on Paper,,,14 X 20 INCHES,Colors of life are beautiful……,14.0,20.0,,280.0,6,30,True
5664,AR-325664,Alhumdulillah,alhumdulillah,https://artreserves.com/product/alhumdulillah/,PKR,8000.0,8000.0,8000.0,False,True,True,,0,0,Calligraphy,Calligraphy,Oil on Canvas,Oil on Canvas,,,18 X 24 INCHES,,18.0,24.0,,432.0,13,0,True
3733,AR-483733,Untitled,untitled-155,https://artreserves.com/product/untitled-155/,PKR,140000.0,140000.0,140000.0,False,True,True,1,0,0,Drawings,Drawings,Charcoal on Canvas,Charcoal on Canvas,,,24 x 36 INCHES,"A.S Rind was born in 1960 in Rahim Yar Khan, a town in the South of Punjab, Pakistan. He acquired his formal education in Art from the Central Institute of Arts and Crafts in Karachi. The inspirations that Rind has drawn from the rich culture and heritage of his hometown are creatively incorporated in his paintings. With oil on canvas being his major technique, Rind’s paintings are an abstract but a meaningful play of lines and colors. His work revolves around various moods of traditional and modern women in Pakistan. He depicts different moods of a feminine spirit with commendable craftsmanship and intricacy. Use of a blend of varying colors in harmonious tones in the background is Rind’s signature style. Date of Birth : 1960 in Rahim Yar Khan, Pakistan. Qualification : B.A From Punjab. 4 year diploma in fine art 1988 from Central institute of Art and Craft (Arts) Council, Karachi, Pakistan. Career Experience : 1986 worked with different mediums. 1990 worked in realism. 1992 worked In impressionism, done some works in cubism which was exhibited in Alliance Franchise, Karachi, Pakistan. 1998 Painted some work in different techniques and mediums 2002 started calligraphic paintings with own developed typography.",24.0,36.0,,864.0,8,1229,True
1311,AR-421311,Untitled,untitledx,https://artreserves.com/product/untitledx/,PKR,150000.0,150000.0,150000.0,False,True,True,1,0,0,Oil Paintings,Oil Paintings,Oil on Canvas,Oil on Canvas,,,30 x 36 INCHES,,30.0,36.0,,1080.0,8,0,True
5509,AR-585509,Hands of love,hands-of-love,https://artreserves.com/product/hands-of-love/,PKR,45000.0,45000.0,45000.0,False,True,True,,0,0,Oil Paintings|Paintings,Oil Paintings,Oil on Canvas,Oil on Canvas,,,36 X 36 INCHES,It’s a large piece art .. this painting of hands show’s us the sign of true love and loyalty…,36.0,36.0,,1296.0,13,93,True
4152,AR-914152,Flower Key Chain (Freedom In Jail),914152,https://artreserves.com/product/914152/,PKR,800.0,800.0,800.0,False,True,True,1,0,0,Crafts,Crafts,Moti Work,Moti Work,,,RS 800 PER PIECE.,,,,,,34,0,True
5603,AR-465603,Light,light,https://artreserves.com/product/light/,PKR,15000.0,20000.0,15000.0,True,True,True,1,0,0,Paintings,Paintings,Mix Medium on Paper,Mix Medium on Paper,,,24 X 30 INCHES,There is always light in darkness you just have to be patience and persistent.,24.0,30.0,,720.0,5,78,True
1277,AR-871277,Broken Traditions,broken-traditions,https://artreserves.com/product/broken-traditions/,PKR,50000.0,50000.0,50000.0,False,True,True,1,0,0,Paintings,Paintings,Gouache on Wasli,Gouache on Wasli,,,7.09 x 11.02 INCHES,"Shumaila Islam Biography Born in Lahore, Pakistan, she is M.Phil in studio Practice Finearts from PUCAD. She has acquired training of calligraphy from CCRS-NCA. She has displayed her work in more than 25 group shows on renowned national art platforms and one calligraphy group show in Turkey. She has been part of artist residency at Shakir Ali Museum in 2018. Her work has been selected for Santorini-Mykonos art fairs Greece 2018 and Izmir Biennale 2019. Currently, she is teaching at University of Education and Sargodha University. Statement Being not confined to a single medium, I categorize myself a visual artist. I have been trained in conventional arts of painting, but did experimentation in my works, maintaining the soul of chosen genre according thought process and concepts. My inspirations stimulate from nature and support me to present all kinds of observations and feelings. I choose representational imagery, recalling all the experiences that are in my subconscious, experimenting with linear elements, which I overlay and deploy in order to create a physical construction with abundant lyricism. Segments of nature are revolved into emotional catharsis as a vital need to express thoughts through a constant methodological and flexible investigation. I try to create images provided with a personal sensibility and originality. They show assured sensations of movement. I am producing art pieces on Wasli using gauche, ink and pointers.",7.09,11.02,,78.1318,17,1458,True
3527,AR-243527,Untitled,untitled-77,https://artreserves.com/product/untitled-77/,PKR,10000.0,10000.0,10000.0,False,True,True,1,0,0,Freedom in Jail|Oil Paintings,Freedom in Jail,Oil on Canvas,Oil on Canvas,,,24 x 18 INCHES,,24.0,18.0,,432.0,8,0,True
6366,AR-786366,The Escape,the-escape,https://artreserves.com/product/the-escape/,PKR,80000.0,80000.0,80000.0,False,True,True,1,0,0,Acrylic Paintings|Paintings,Acrylic Paintings,Acrylic on Canvas,Acrylic on Canvas,,,17.5 X 23.5 INCHES,"It weighs down on my soul,this world.I don’t know of anything..I keep longing for something.. Am I in all of those places that are lost? I’m not within me. Do I exist somewhere in places, scattered around? But I don’t exist in me.",17.5,23.5,,411.25,10,230,True
3889,AR-523889,Abstract Horse,abstract-horse,https://artreserves.com/product/abstract-horse/,PKR,7000.0,7000.0,7000.0,False,True,True,,0,0,Acrylic Paintings|Paintings,Acrylic Paintings,Acrylic on Canvas,Acrylic on Canvas,,,18 X 12 INCHES,,18.0,12.0,,216.0,14,0,True
3762,AR-713762,Untitled,untitled-167,https://artreserves.com/product/untitled-167/,PKR,80000.0,80000.0,80000.0,False,True,True,1,0,0,Freedom in Jail,Freedom in Jail,Embroidery &amp; Oil On Canvas,Embroidery &amp; Oil On Canvas,,,20 x 30 INCHES,,20.0,30.0,,600.0,8,0,True
7166,AR-617166,Watu izzu maan tasha watu zillu maan tasha,watu-izzu-maan-tasha-watu-zillu-maan-tasha,https://artreserves.com/product/watu-izzu-maan-tasha-watu-zillu-maan-tasha/,PKR,4600.0,4600.0,4600.0,False,True,True,,0,0,Calligraphy,Calligraphy,Acrylic on Canvas,Acrylic on Canvas,,,24 X 24 INCHES,Translation: ” Aur Allah jissa chaha Izzat dy aur jissa chaha zilaat dy “,24.0,24.0,,576.0,42,73,True
3573,AR-283573,Untitled,untitled-96,https://artreserves.com/product/untitled-96/,PKR,17000.0,17000.0,17000.0,False,True,True,1,0,0,Freedom in Jail|Oil Paintings,Freedom in Jail,Oil on Canvas,Oil on Canvas,,,24 x 36 INCHES,,24.0,36.0,,864.0,8,0,True
7018,AR-177018,UNTITLED,untitled-185,https://artreserves.com/product/untitled-185/,PKR,15000.0,15000.0,15000.0,False,True,True,1,0,0,Freedom in Jail,Freedom in Jail,Oil on Canvas,Oil on Canvas,,,20 x 30 INCHES,,20.0,30.0,,600.0,8,0,True
4146,AR-464146,Tasbih (Freedom In Jail),464146,https://artreserves.com/product/464146/,PKR,800.0,800.0,800.0,False,True,True,1,0,0,Crafts,Crafts,Moti Work,Moti Work,,,RS 800 PER PIECE.,,,,,,24,0,True
3699,AR-493699,Untitled,untitled-149,https://artreserves.com/product/untitled-149/,PKR,10000.0,10000.0,10000.0,False,True,True,1,0,0,Freedom in Jail,Freedom in Jail,Oil on Canvas,Oil on Canvas,,,24 x 36 INCHES,,24.0,36.0,,864.0,8,0,True
6995,AR-666995,Jungle,jungle,https://artreserves.com/product/jungle/,PKR,12000.0,12000.0,12000.0,False,True,True,1,0,0,Freedom in Jail,Freedom in Jail,Oil on Canvas,Oil on Canvas,,,18 x 24 INCHES,,18.0,24.0,,432.0,6,0,True
6792,AR-146792,Whirling Darvesh,whirling-darvesh,https://artreserves.com/product/whirling-darvesh/,PKR,20000.0,20000.0,20000.0,False,True,True,,0,0,Paintings,Paintings,Oil on Canvas,Oil on Canvas,,,17.5 X 17.5 INCHES,Oil Painting on Canvas!,17.5,17.5,,306.25,16,23,True
1207,AR-291207,The Yellow Door,the-yellow-door-10,https://artreserves.com/product/the-yellow-door-10/,PKR,20000.0,20000.0,20000.0,False,True,True,1,0,0,Acrylic Paintings|Paintings,Acrylic Paintings,Acrylic on Canvas,Acrylic on Canvas,,,24 x 36 INCHES,,24.0,36.0,,864.0,15,0,True
1173,AR-661173,untitled,untitled-8,https://artreserves.com/product/untitled-8/,PKR,95000.0,95000.0,95000.0,False,True,True,1,0,0,Oil Paintings,Oil Paintings,Oil on Canvas,Oil on Canvas,,,22 x 30 INCHES,"Ajab khan , I a primarily self taught artist, works persistently in of art. He paints the life around his native area of D l khan which river Indus. His landscapes speaks volumes of his love for nature and process without doubt, his expertise in capturing the exact moment on time thus making it timeless. Though Ajab khan is Master in urdu literature and formally trained in this grace but destingueshed himself as well established landscape Painter. Ajab’s language is “colour” his choice of shades, color, scenery and subject instantly takes the viewer to the erea on which he painted that scene. Ajab has groups and many show to his credit and is collected internationally too.",22.0,30.0,,660.0,8,681,True
5659,AR-775659,Calligraphy,calligraphy-3,https://artreserves.com/product/calligraphy-3/,PKR,8000.0,8000.0,8000.0,False,True,True,,0,0,Calligraphy,Calligraphy,Oil on Canvas,Oil on Canvas,,,18 X 24 INCHES,,18.0,24.0,,432.0,11,0,True
3593,AR-763593,Untitled,untitled-106,https://artreserves.com/product/untitled-106/,PKR,17000.0,17000.0,17000.0,False,True,True,1,0,0,Freedom in Jail,Freedom in Jail,Oil on Canvas,Oil on Canvas,,,24 x 36 INCHES,,24.0,36.0,,864.0,8,0,True
3372,AR-713372,Blessed,blessed,https://artreserves.com/product/blessed/,PKR,34000.0,38000.0,34000.0,True,True,True,1,0,0,Oil Paintings|Paintings,Oil Paintings,Oil on Canvas,Oil on Canvas,,,24 X 36 INCHES,My artwork depicts how we are all connected together through the light of love and how we can all get through these difficult times by sticking together. The light depicts the blessings of almighty.,24.0,36.0,,864.0,7,198,True
3562,AR-133562,Untitled,untitled-91,https://artreserves.com/product/untitled-91/,PKR,10000.0,10000.0,10000.0,False,True,True,1,0,0,Freedom in Jail|Oil Paintings,Freedom in Jail,Oil on Canvas,Oil on Canvas,,,18 x 24 INCHES,,18.0,24.0,,432.0,8,0,True
6943,AR-716943,Calligraphy,calligraphy-8,https://artreserves.com/product/calligraphy-8/,PKR,8000.0,8000.0,8000.0,False,True,True,1,0,0,Freedom in Jail,Freedom in Jail,Oil on Canvas,Oil on Canvas,,,18 x 24 INCHES,,18.0,24.0,,432.0,11,0,True
7748,,Arshad Shirazy 18.5&#215;24.5-Oil on Canvas,arshad-shirazy-18-5x24-5-oil-on-canvas,https://artreserves.com/product/arshad-shirazy-18-5x24-5-oil-on-canvas/,PKR,30000.0,30000.0,30000.0,False,True,True,,0,0,,,,,,,,,,,,,43,0,True
7316,AR-417316,Sailing in the waves,sailing-in-the-waves,https://artreserves.com/product/sailing-in-the-waves/,PKR,35000.0,35000.0,35000.0,False,True,True,,0,0,Oil Paintings,Oil Paintings,Oil on Canvas,Oil on Canvas,,,20 X 30 INCHES,An epic oil painting of sailor boat in ocean. Varnished to protect from UV rays.,20.0,30.0,,600.0,20,80,True
3453,AR-473453,Untitled,untitled-46,https://artreserves.com/product/untitled-46/,PKR,10000.0,10000.0,10000.0,False,True,True,1,0,0,Freedom in Jail|Oil Paintings,Freedom in Jail,Oil on Canvas,Oil on Canvas,,,24 x 24 INCHES,,24.0,24.0,,576.0,8,0,True
3895,AR-423895,Maries Acrylic Black Color 75ML,maries-acrylic-black-color-75ml-2,https://artreserves.com/product/maries-acrylic-black-color-75ml-2/,PKR,310.0,350.0,310.0,True,True,True,2,0,0,Acrylic Paints|Art Supplies,Acrylic Paints,acrylic paint|maries|maries acrylic color|paints,acrylic paint,,,No.793,,,,,,31,0,False
3421,AR-283421,Untitled,untitled-32,https://artreserves.com/product/untitled-32/,PKR,70000.0,70000.0,70000.0,False,True,True,1,0,0,Freedom in Jail,Freedom in Jail,Embroidery &amp; Oil On Canvas,Embroidery &amp; Oil On Canvas,,,24 x 36 INCHES,,24.0,36.0,,864.0,8,0,True
3515,AR-543515,Untitled,untitled-72,https://artreserves.com/product/untitled-72/,PKR,12000.0,12000.0,12000.0,False,True,True,1,0,0,Freedom in Jail|Oil Paintings,Freedom in Jail,Oil on Canvas,Oil on Canvas,,,24 x 30 INCHES,,24.0,30.0,,720.0,8,0,True
3260,AR-343260,Soul,soul,https://artreserves.com/product/soul/,PKR,28000.0,34000.0,28000.0,True,True,True,,0,0,Oil Paintings|Paintings,Oil Paintings,Oil on Canvas,Oil on Canvas,,,24 X 24 INCHES,Soul within – the yearning inside to meet our beloved. Losing ourselves to be find ourselves again.,24.0,24.0,,576.0,4,99,True
1209,AR-291209,The Yellow Door,the-yellow-door-12,https://artreserves.com/product/the-yellow-door-12/,PKR,20000.0,20000.0,20000.0,False,True,True,1,0,0,Acrylic Paintings|Paintings,Acrylic Paintings,Acrylic on Canvas,Acrylic on Canvas,,,24 x 36 INCHES,,24.0,36.0,,864.0,15,0,True
2890,AR-482890,Subhanallah,subhanallah,https://artreserves.com/product/subhanallah/,PKR,8000.0,8000.0,8000.0,False,True,True,,0,0,Calligraphy,Calligraphy,Acrylic and Mix Media on Canvas,Acrylic and Mix Media on Canvas,,,20 X 18 INCHES,Acrylic Textured Calligraphy Painting.,20.0,18.0,,360.0,11,38,True
3158,AR-153158,Flowers,flowers,https://artreserves.com/product/flowers/,PKR,18000.0,20000.0,18000.0,True,True,True,,0,0,Oil Paintings|Paintings,Oil Paintings,Oil on Canvas,Oil on Canvas,,,24 X 48 INCHES,Flower composition in oil paint.,24.0,48.0,,1152.0,7,32,True
3698,AR-643698,Untitled,untitled-148,https://artreserves.com/product/untitled-148/,PKR,8000.0,8000.0,8000.0,False,True,True,1,0,0,Freedom in Jail,Freedom in Jail,Oil on Canvas,Oil on Canvas,,,18 x 24 INCHES,,18.0,24.0,,432.0,8,0,True
7000,AR-997000,Calligraphy,7000,https://artreserves.com/product/7000/,PKR,13000.0,13000.0,13000.0,False,True,True,1,0,0,Freedom in Jail,Freedom in Jail,Oil on Canvas,Oil on Canvas,,,24 x 36 INCHES,,24.0,36.0,,864.0,11,0,True
3478,AR-643478,Untitled,untitled-57,https://artreserves.com/product/untitled-57/,PKR,12000.0,12000.0,12000.0,False,True,True,1,0,0,Freedom in Jail|Oil Paintings,Freedom in Jail,Oil on Canvas,Oil on Canvas,,,20 x 30 INCHES,,20.0,30.0,,600.0,8,0,True
7190,AR-597190,The Venice,the-venice,https://artreserves.com/product/the-venice/,PKR,80000.0,80000.0,80000.0,False,True,True,,0,0,Oil Paintings|Paintings,Oil Paintings,Oil on Canvas,Oil on Canvas,,,24 X 36 INCHES,Venice City Has Always Inspired Me to Paint. I Really Liked How This Scene Was Captured. I Have Added a Touch Of My Style In Areas Of Water Through Brush Strokes And The Colors To Make Feel Good When You See It From Distance. It Gives The Feeling of Going Smooth. It is One Of My Finest Paintings I Have Created So Far.,24.0,36.0,,864.0,10,319,True
4090,AR-484090,Pen (Freedom In Jail),484090,https://artreserves.com/product/484090/,PKR,300.0,300.0,300.0,False,True,True,1,0,0,Crafts,Crafts,Moti Work,Moti Work,,,,,,,,,21,0,True
3737,AR-663737,Untitled,untitled-156,https://artreserves.com/product/untitled-156/,PKR,8000.0,8000.0,8000.0,False,True,True,1,0,0,Freedom in Jail,Freedom in Jail,Oil on Canvas,Oil on Canvas,,,18 x 24 INCHES,,18.0,24.0,,432.0,8,0,True
6910,AR-926910,Abandoned,abandoned,https://artreserves.com/product/abandoned/,PKR,12500.0,12500.0,12500.0,False,True,True,1,0,0,Acrylic Paintings|Paintings,Acrylic Paintings,Acrylic and Mix Media on Canvas,Acrylic and Mix Media on Canvas,,,15 X 15 INCHES,,15.0,15.0,,225.0,9,0,True
5116,AR-895116,Beauty of Kalash,beauty-of-kalash,https://artreserves.com/product/beauty-of-kalash/,PKR,19900.0,19900.0,19900.0,False,True,True,,0,0,Oil Paintings|Paintings,Oil Paintings,Oil Paint On Scholar Sheet,Oil Paint On Scholar Sheet,,,24 X 34 INCHES,It’s painting of a beautiful Kalash girl. I use oil medium on scholar sheet for this painting and framed with 2 inches black wooden frame.,24.0,34.0,,816.0,16,138,True
2986,AR-782986,Kolachi,kolachi,https://artreserves.com/product/kolachi/,PKR,10000.0,15000.0,10000.0,True,True,True,1,0,0,Paintings,Paintings,Mix Medium on Paper,Mix Medium on Paper,,,14 X 20 INCHES,Karachi was named after Mai Kolachi which I have showed over here. Karachi originally was a small fisherman village settled by the Baloch tribes from Balochistan and Makran. Their first settlement was near the delta of the Indus River which they named as ‘Kolachi’ village. The people of the original community yet inhabit the area on small island of Abdullah Goth situated near Karachi Port. The well-known neighbourhood ‘Mai Kolachi’ of Karachi still reminds the original name of the city.,14.0,20.0,,280.0,7,491,True
4156,AR-554156,Tasbih (Freedom In Jail),554156,https://artreserves.com/product/554156/,PKR,1000.0,1000.0,1000.0,False,True,True,1,0,0,Crafts,Crafts,Moti Work,Moti Work,,,RS 1000 PER PIECE.,,,,,,24,0,True
1298,AR-621298,Needling II,needling-ii,https://artreserves.com/product/needling-ii/,PKR,55000.0,55000.0,55000.0,False,True,True,1,0,0,Paintings,Paintings,Gouache on Wasli,Gouache on Wasli,,,9.45 x 14.17 INCHES,"Shumaila Islam Biography Born in Lahore, Pakistan, she is M.Phil in studio Practice Finearts from PUCAD. She has acquired training of calligraphy from CCRS-NCA. She has displayed her work in more than 25 group shows on renowned national art platforms and one calligraphy group show in Turkey. She has been part of artist residency at Shakir Ali Museum in 2018. Her work has been selected for Santorini-Mykonos art fairs Greece 2018 and Izmir Biennale 2019. Currently, she is teaching at University of Education and Sargodha University. Statement Being not confined to a single medium, I categorize myself a visual artist. I have been trained in conventional arts of painting, but did experimentation in my works, maintaining the soul of chosen genre according thought process and concepts. My inspirations stimulate from nature and support me to present all kinds of observations and feelings. I choose representational imagery, recalling all the experiences that are in my subconscious, experimenting with linear elements, which I overlay and deploy in order to create a physical construction with abundant lyricism. Segments of nature are revolved into emotional catharsis as a vital need to express thoughts through a constant methodological and flexible investigation. I try to create images provided with a personal sensibility and originality. They show assured sensations of movement. I am producing art pieces on Wasli using gauche, ink and pointers.",9.45,14.17,,133.9065,11,1458,True
7670,AR-877670,"Alia- 12 by 20 inches, Oil and Acrylic on Canvas.",alia-12-by-20-inches-oil-and-acrylic-on-canvas,https://artreserves.com/product/alia-12-by-20-inches-oil-and-acrylic-on-canvas/,PKR,10000.0,10000.0,10000.0,False,True,True,1,0,0,Acrylic Paintings|Oil Paintings,Acrylic Paintings,Oil and Acrylic on Canvas,Oil and Acrylic on Canvas,,,12×20 inches,Comes in a beautiful wooden frame.,12.0,20.0,,240.0,49,34,True
4722,AR-454722,Cholistan girl,cholistan-girl,https://artreserves.com/product/cholistan-girl/,PKR,15000.0,15000.0,15000.0,False,True,True,,0,0,Acrylic Paintings|Paintings,Acrylic Paintings,Acrylic on Canvas,Acrylic on Canvas,,,18 X 24 INCHES,"I got this inspiration from ‘Cholistan’, when the girls welcome the rain in their style of culture. They celebrate it with music songs and with the dance… My painting conveys the same inspiration!",18.0,24.0,,432.0,14,196,True
924,AR-35924,Untitled,untitled-4,https://artreserves.com/product/untitled-4/,PKR,90000.0,90000.0,90000.0,False,True,True,1,0,0,Acrylic Paintings,Acrylic Paintings,Acrylic on Canvas,Acrylic on Canvas,,,24 X 30 INCHES,"NAHID RAZA Born in 1948 in Delhi (India) Lives and works in Karachi (Pakistan) Nahid Raza hails from a family with distinguished art connections. Her late father, Syed Yusuf Raza, was a journalist, art writer and the author of a book on economics. Her life in art began in 1966 when her uncle Ali Imam helped her to join the Central Institute. Later, in 1968 she held her first group exhibition while she was still a student. In 1969, she won her first award, the ‘Best Entry Award’ at the Karachi Arts Council. She was deeply inspired by the intricate stone carvings of Sindh which resulted in her first major landmark works on the Chawkandi Tombs. Soon, the mounting appreciation of her work abroad led to solo exhibitions in Japan, Bangladesh and India. On her return to Karachi, in 1987, she began teaching art full-time. In 1992, Nahid established Studio Art in Karachi, and for over a decade, nurtured several promising talents. She was awarded a residency at the New York State University in 1998. In 2002, her work was displayed in a solo exhibition at the Vienna Museum. Nahid has visited several countries across the globe for her solo and group exhibitions. These include Bezirk Museum, Vienna; Asian Art Biennial, Bangladesh; SAARC exhibition in New Delhi, and a group show called “Intelligent Rebellion” by Pakistani women artists in Bradford, England. In August 2007, Nahid was awarded the President’s Pride of Performance Award, the highest art honor in the country. For KB17, Nahid Raza has created a major painting from her ongoing Virdh series. The word “virdh” refers to repetition of a certain incantation – a practice that exists in many religions. Nahid’s recent work revolves around motifs that have been repeatedly screen-printed on large canvases. Nahid believes there are spiritual ways to purge inner frustrations and to shed agony. One such way is the practice of Sufism, which inculcates divine ethics through devotion towards the Almighty. As a strong believer in divine realities, she has emphasized that there is spirituality in every person. She expresses the feelings that virdh creates in her soul through painting. It is her intention to depict serenity and peace in her canvases.",24.0,30.0,,720.0,8,2216,True
1289,AR-961289,Harmony,harmony,https://artreserves.com/product/harmony/,PKR,80000.0,80000.0,80000.0,False,True,True,1,0,0,Paintings,Paintings,Gouache on Wasli,Gouache on Wasli,,,7.87 x 10.63 INCHES,"Shumaila Islam Biography Born in Lahore, Pakistan, she is M.Phil in studio Practice Finearts from PUCAD. She has acquired training of calligraphy from CCRS-NCA. She has displayed her work in more than 25 group shows on renowned national art platforms and one calligraphy group show in Turkey. She has been part of artist residency at Shakir Ali Museum in 2018. Her work has been selected for Santorini-Mykonos art fairs Greece 2018 and Izmir Biennale 2019. Currently, she is teaching at University of Education and Sargodha University. Statement Being not confined to a single medium, I categorize myself a visual artist. I have been trained in conventional arts of painting, but did experimentation in my works, maintaining the soul of chosen genre according thought process and concepts. My inspirations stimulate from nature and support me to present all kinds of observations and feelings. I choose representational imagery, recalling all the experiences that are in my subconscious, experimenting with linear elements, which I overlay and deploy in order to create a physical construction with abundant lyricism. Segments of nature are revolved into emotional catharsis as a vital need to express thoughts through a constant methodological and flexible investigation. I try to create images provided with a personal sensibility and originality. They show assured sensations of movement. I am producing art pieces on Wasli using gauche, ink and pointers.",7.87,10.63,,83.6581,7,1458,True
2999,AR-382999,Power,power,https://artreserves.com/product/power/,PKR,13000.0,18000.0,13000.0,True,True,True,1,0,0,Paintings,Paintings,Mix Medium on Paper,Mix Medium on Paper,,,14 X 20 INCHES,Media is Power….,14.0,20.0,,280.0,5,16,True
1290,AR-581290,Honour Killing,honour-killing,https://artreserves.com/product/honour-killing/,PKR,102000.0,102000.0,102000.0,False,True,True,1,0,0,Paintings,Paintings,Gouache on Wasli,Gouache on Wasli,,,9.06 x 12.6 INCHES,"Shumaila Islam Biography Born in Lahore, Pakistan, she is M.Phil in studio Practice Finearts from PUCAD. She has acquired training of calligraphy from CCRS-NCA. She has displayed her work in more than 25 group shows on renowned national art platforms and one calligraphy group show in Turkey. She has been part of artist residency at Shakir Ali Museum in 2018. Her work has been selected for Santorini-Mykonos art fairs Greece 2018 and Izmir Biennale 2019. Currently, she is teaching at University of Education and Sargodha University. Statement Being not confined to a single medium, I categorize myself a visual artist. I have been trained in conventional arts of painting, but did experimentation in my works, maintaining the soul of chosen genre according thought process and concepts. My inspirations stimulate from nature and support me to present all kinds of observations and feelings. I choose representational imagery, recalling all the experiences that are in my subconscious, experimenting with linear elements, which I overlay and deploy in order to create a physical construction with abundant lyricism. Segments of nature are revolved into emotional catharsis as a vital need to express thoughts through a constant methodological and flexible investigation. I try to create images provided with a personal sensibility and originality. They show assured sensations of movement. I am producing art pieces on Wasli using gauche, ink and pointers.",9.06,12.6,,114.156,14,1458,True
3756,AR-623756,Untitled,untitled-164,https://artreserves.com/product/untitled-164/,PKR,25000.0,25000.0,25000.0,False,True,True,1,0,0,Freedom in Jail,Freedom in Jail,Embroidery &amp; Oil On Canvas,Embroidery &amp; Oil On Canvas,,,20 x 30 INCHES,,20.0,30.0,,600.0,8,0,True
6942,AR-316942,Water Fall,water-fall,https://artreserves.com/product/water-fall/,PKR,14000.0,14000.0,14000.0,False,True,True,1,0,0,Freedom in Jail,Freedom in Jail,Oil on Canvas,Oil on Canvas,,,20 x 30 INCHES,,20.0,30.0,,600.0,10,0,True
1733,AR-341733,Ankahi III,ankahi-iii,https://artreserves.com/product/ankahi-iii/,PKR,150000.0,150000.0,150000.0,False,True,True,1,0,0,Sculptures,Sculptures,Carving on Books,Carving on Books,,,14 x 17 INCHES,"Munawar Ali Syed (1975) is a Hyderabad born visual artist and art educator. He holds a BFA from National College of Arts (1999) and MA (Art Education) from Beacon House National University (2017). He is an Associate Professor at the Indus Valley School of Art and Architecture, Karachi. Syed’s artworks have been shown in seven solo exhibitions and numerous national and international group exhibitions including Karachi Biennial 2019. He has also collaborated with local Pakistani artists and craftsmen such as Truck artist and produce several public artworks as part of make the city beautiful and accessible public art initiatives such as ‘Rung dey Karachi’ (2010), Reimagining Walls of Karachi and Great wall of Truck Art at the Islamabad International Airport (2017). He was a member of Vasl Artist Collective. Syed participated in international residencies and workshops including Burragorang International Artist’s Workshop, Australia (2003), The Vasl International Artist’s Workshop, Pakistan (2004), Braziers International Artist’s Workshop, UK and Westburry Farm Residency, UK (2005). In 2016, Syed was awarded the SATHA innovation award for his contribution to the public art. He also received two ADA National Awards (2019) for his performance and site-specific works and was the winner of Sovereign Asian Art Public Choice award (2019).",14.0,17.0,,238.0,10,1349,True
6939,AR-766939,Village,village,https://artreserves.com/product/village/,PKR,14000.0,14000.0,14000.0,False,True,True,1,0,0,Freedom in Jail,Freedom in Jail,Oil on Canvas,Oil on Canvas,,,20 x 30 INCHES,,20.0,30.0,,600.0,7,0,True
3630,AR-623630,Untitled,untitled-122,https://artreserves.com/product/untitled-122/,PKR,14000.0,14000.0,14000.0,False,True,True,1,0,0,Freedom in Jail,Freedom in Jail,Oil on Canvas,Oil on Canvas,,,24 x 30 INCHES,,24.0,30.0,,720.0,8,0,True
922,AR-15922,Untitled,untitled-3,https://artreserves.com/product/untitled-3/,PKR,150000.0,150000.0,150000.0,False,True,True,1,0,0,Acrylic Paintings,Acrylic Paintings,Acrylic on Canvas,Acrylic on Canvas,,,36 X 36 INCHES,"NAHID RAZA Born in 1948 in Delhi (India) Lives and works in Karachi (Pakistan) Nahid Raza hails from a family with distinguished art connections. Her late father, Syed Yusuf Raza, was a journalist, art writer and the author of a book on economics. Her life in art began in 1966 when her uncle Ali Imam helped her to join the Central Institute. Later, in 1968 she held her first group exhibition while she was still a student. In 1969, she won her first award, the ‘Best Entry Award’ at the Karachi Arts Council. She was deeply inspired by the intricate stone carvings of Sindh which resulted in her first major landmark works on the Chawkandi Tombs. Soon, the mounting appreciation of her work abroad led to solo exhibitions in Japan, Bangladesh and India. On her return to Karachi, in 1987, she began teaching art full-time. In 1992, Nahid established Studio Art in Karachi, and for over a decade, nurtured several promising talents. She was awarded a residency at the New York State University in 1998. In 2002, her work was displayed in a solo exhibition at the Vienna Museum. Nahid has visited several countries across the globe for her solo and group exhibitions. These include Bezirk Museum, Vienna; Asian Art Biennial, Bangladesh; SAARC exhibition in New Delhi, and a group show called “Intelligent Rebellion” by Pakistani women artists in Bradford, England. In August 2007, Nahid was awarded the President’s Pride of Performance Award, the highest art honor in the country. For KB17, Nahid Raza has created a major painting from her ongoing Virdh series. The word “virdh” refers to repetition of a certain incantation – a practice that exists in many religions. Nahid’s recent work revolves around motifs that have been repeatedly screen-printed on large canvases. Nahid believes there are spiritual ways to purge inner frustrations and to shed agony. One such way is the practice of Sufism, which inculcates divine ethics through devotion towards the Almighty. As a strong believer in divine realities, she has emphasized that there is spirituality in every person. She expresses the feelings that virdh creates in her soul through painting. It is her intention to depict serenity and peace in her canvases.",36.0,36.0,,1296.0,8,2216,True
7347,AR-667347,Still Life Flower in a Vase,still-life-flower-in-a-vase,https://artreserves.com/product/still-life-flower-in-a-vase/,PKR,10000.0,10000.0,10000.0,False,True,True,,0,0,Oil Paintings,Oil Paintings,Oil on Canvas,Oil on Canvas,,,8 X 8 INCHES,"You thought you were being buried, But you were being planted.",8.0,8.0,,64.0,27,62,True
3975,AR-263975,Loneliness,loneliness,https://artreserves.com/product/loneliness/,PKR,20000.0,20000.0,20000.0,False,True,True,,0,0,Acrylic Paintings|Paintings,Acrylic Paintings,Acrylic on Canvas,Acrylic on Canvas,,,24 X 18 INCHES,,24.0,18.0,,432.0,10,0,True
6877,AR-586877,Nastaleeq (red),nastaleeq-red,https://artreserves.com/product/nastaleeq-red/,PKR,21000.0,21000.0,21000.0,False,True,True,,0,0,Calligraphy,Calligraphy,3D Acrylic Cutout on Canvas,3D Acrylic Cutout on Canvas,,,24 X 24 INCHES,"Islamic calligraphy in Nastaleeq font, with 3D effect. The painting is available without frame. Writen with light golden color acrylic on canvas in circle. Outter circle is in maroon color, but inner cirle is in dark grey color. Sides of the canvas is painted dark grey. Golden color will stay long.",24.0,24.0,,576.0,15,299,True
6956,AR-136956,SEX,sex,https://artreserves.com/product/sex/,PKR,8000.0,8000.0,8000.0,False,True,True,1,0,0,Freedom in Jail,Freedom in Jail,Oil on Canvas,Oil on Canvas,,,18 x 24 INCHES,,18.0,24.0,,432.0,3,0,True
3444,AR-143444,Untitled,untitled-43,https://artreserves.com/product/untitled-43/,PKR,15000.0,15000.0,15000.0,False,True,True,1,0,0,Freedom in Jail|Oil Paintings,Freedom in Jail,Oil on Canvas,Oil on Canvas,,,18 x 24 INCHES,,18.0,24.0,,432.0,8,0,True
7354,AR-567354,Person walking in rainyday,person-walking-in-rainyday,https://artreserves.com/product/person-walking-in-rainyday/,PKR,10000.0,10000.0,10000.0,False,True,True,,0,0,Oil Paintings,Oil Paintings,Oil on Canvas,Oil on Canvas,,,18 X 24 INCHES,Conceptual Art My art speaks peace and love simplicity into my landscape. “All that you think is rain is not. Behind the veil angels sometimes weep.”,18.0,24.0,,432.0,26,149,True
3005,AR-373005,Ocean of Tears,ocean-of-tears,https://artreserves.com/product/ocean-of-tears/,PKR,15000.0,20000.0,15000.0,True,True,True,1,0,0,Paintings,Paintings,Water Color on Paper,Water Color on Paper,,,14 X 20 INCHES,"In this artwork, I have shown deepness of sorrows through depth of Atlantic Ocean. In this painting I have showed strength of tear….",14.0,20.0,,280.0,14,132,True
4405,AR-124405,Just where The Hell Am I Stuck Into,just-where-the-hell-am-i-stuck-into,https://artreserves.com/product/just-where-the-hell-am-i-stuck-into/,PKR,70000.0,80000.0,70000.0,True,True,True,,0,0,Oil Paintings|Paintings,Oil Paintings,Oil on Canvas,Oil on Canvas,,,36 X 48 INCHES,A Phase of Life,36.0,48.0,,1728.0,35,15,True
3812,AR-743812,Old Timer,old-timer,https://artreserves.com/product/old-timer/,PKR,7000.0,7000.0,7000.0,False,True,True,,0,0,Drawings,Drawings,Ink and Charcoal on Paper,Ink and Charcoal on Paper,,,10.5 X 7 INCHES,,10.5,7.0,,73.5,9,0,True
3596,AR-733596,Untitled,untitled-107,https://artreserves.com/product/untitled-107/,PKR,10000.0,10000.0,10000.0,False,True,True,1,0,0,Freedom in Jail,Freedom in Jail,Oil on Canvas,Oil on Canvas,,,18 x 24 INCHES,,18.0,24.0,,432.0,8,0,True
6977,AR-196977,UNTITLED,untitled-177,https://artreserves.com/product/untitled-177/,PKR,13000.0,13000.0,13000.0,False,True,True,1,0,0,Freedom in Jail,Freedom in Jail,Oil on Canvas,Oil on Canvas,,,20 x 30 INCHES,,20.0,30.0,,600.0,8,0,True
7044,AR-427044,CORONA,corona,https://artreserves.com/product/corona/,PKR,6000.0,6000.0,6000.0,False,True,True,1,0,0,Freedom in Jail,Freedom in Jail,Oil on Canvas,Oil on Canvas,,,18 x 24 INCHES,,18.0,24.0,,432.0,6,0,True
7665,AR-927665,Abdul Hameed- 20 by 20 inches- Oil on canvas,abdul-hameed-20-by-20-inches-oil-on-canvas,https://artreserves.com/product/abdul-hameed-20-by-20-inches-oil-on-canvas/,PKR,40000.0,40000.0,40000.0,False,True,True,1,0,0,Oil Paintings,Oil Paintings,Oil on Canvas,Oil on Canvas,,,20×20 inches,,20.0,20.0,,400.0,44,0,True
1292,AR-721292,Broken relations,broken-relations,https://artreserves.com/product/broken-relations/,PKR,86000.0,86000.0,86000.0,False,True,True,1,0,0,Paintings,Paintings,Gouache on Wasli,Gouache on Wasli,,,7.87 x 12.6 INCHES,"Shumaila Islam Biography Born in Lahore, Pakistan, she is M.Phil in studio Practice Finearts from PUCAD. She has acquired training of calligraphy from CCRS-NCA. She has displayed her work in more than 25 group shows on renowned national art platforms and one calligraphy group show in Turkey. She has been part of artist residency at Shakir Ali Museum in 2018. Her work has been selected for Santorini-Mykonos art fairs Greece 2018 and Izmir Biennale 2019. Currently, she is teaching at University of Education and Sargodha University. Statement Being not confined to a single medium, I categorize myself a visual artist. I have been trained in conventional arts of painting, but did experimentation in my works, maintaining the soul of chosen genre according thought process and concepts. My inspirations stimulate from nature and support me to present all kinds of observations and feelings. I choose representational imagery, recalling all the experiences that are in my subconscious, experimenting with linear elements, which I overlay and deploy in order to create a physical construction with abundant lyricism. Segments of nature are revolved into emotional catharsis as a vital need to express thoughts through a constant methodological and flexible investigation. I try to create images provided with a personal sensibility and originality. They show assured sensations of movement. I am producing art pieces on Wasli using gauche, ink and pointers.",7.87,12.6,,99.16199999999999,16,1458,True
4145,AR-114145,Flower Key Chain (Freedom In Jail),114145,https://artreserves.com/product/114145/,PKR,600.0,600.0,600.0,False,True,True,1,0,0,Crafts,Crafts,Moti Work,Moti Work,,,RS 600 PER PIECE.,,,,,,34,0,True
2566,AR-382566,THOUGHTS FROM THE CELESTIAL REALM,thoughts-from-the-celestial-realm-3,https://artreserves.com/product/thoughts-from-the-celestial-realm-3/,PKR,175000.0,175000.0,175000.0,False,True,True,1,0,0,Sculptures,Sculptures,Brass Gold and Resin,Brass Gold and Resin,,,15 x 15 x 20 INCHES,,15.0,15.0,20.0,225.0,33,0,True
1210,AR-461210,Alhamdulillah,alhamdulillah,https://artreserves.com/product/alhamdulillah/,PKR,16000.0,16000.0,16000.0,False,True,True,1,0,0,Acrylic Paintings|Calligraphy,Acrylic Paintings,3D Acrylic Cutout on Canvas,3D Acrylic Cutout on Canvas,,,12 x 18 INCHES,,12.0,18.0,,216.0,13,0,True
7047,AR-467047,HELP,help,https://artreserves.com/product/help/,PKR,6000.0,6000.0,6000.0,False,True,True,1,0,0,Freedom in Jail,Freedom in Jail,Oil on Canvas,Oil on Canvas,,,12 x 14 INCHES,,12.0,14.0,,168.0,4,0,True
5661,AR-615661,Kalma Tayyaba Calligraphy,kalma-tayyaba-calligraphy,https://artreserves.com/product/kalma-tayyaba-calligraphy/,PKR,8000.0,8000.0,8000.0,False,True,True,,0,0,Calligraphy,Calligraphy,Oil on Canvas,Oil on Canvas,,,18 X 24 INCHES,,18.0,24.0,,432.0,25,0,True
4106,AR-484106,Key Chain (Freedom In Jail),484106,https://artreserves.com/product/484106/,PKR,400.0,400.0,400.0,False,True,True,1,0,0,Crafts,Crafts,Moti Work,Moti Work,,,400 RS PER PIECE.,,,,,,27,0,True
3543,AR-753543,Untitled,untitled-84,https://artreserves.com/product/untitled-84/,PKR,12000.0,12000.0,12000.0,False,True,True,1,0,0,Freedom in Jail|Oil Paintings,Freedom in Jail,Oil on Canvas,Oil on Canvas,,,20 x 30 INCHES,,20.0,30.0,,600.0,8,0,True
4648,HB Art 006,Coca cola,coca-cola,https://artreserves.com/product/coca-cola/,PKR,4000.0,5000.0,4000.0,True,True,True,1,0,0,Drawings,Drawings,Pencil on Paper,Pencil on Paper,,,8 X 8 Inches,Hi! The following artwork is a pencil work on canson sheet with a size 8×8 inches. Its available with a discount price 4000 pkr.,8.0,8.0,,64.0,9,128,True
3473,AR-323473,Pakistani Music Culture,pakistani-music-culture,https://artreserves.com/product/pakistani-music-culture/,PKR,8000.0,8000.0,8000.0,False,True,True,1,0,0,Freedom in Jail|Oil Paintings,Freedom in Jail,Oil on Canvas,Oil on Canvas,,,18 x 24 INCHES,,18.0,24.0,,432.0,23,0,True
3701,AR-623701,Untitled,untitled-150,https://artreserves.com/product/untitled-150/,PKR,14000.0,14000.0,14000.0,False,True,True,1,0,0,Freedom in Jail,Freedom in Jail,Oil on Canvas,Oil on Canvas,,,24 x 28 INCHES,,24.0,28.0,,672.0,8,0,True
3838,AR-443838,Bound to purpose,bound-to-purpose,https://artreserves.com/product/bound-to-purpose/,PKR,7000.0,7000.0,7000.0,False,True,True,,0,0,Paintings,Paintings,Water Color on Paper,Water Color on Paper,,,10.5 X 7.5 INCHES,This painting is part of the series named “Life on the Water”.,10.5,7.5,,78.75,16,62,True
4108,AR-154108,Tasbih (Freedom In Jail),154108,https://artreserves.com/product/154108/,PKR,500.0,500.0,500.0,False,True,True,1,0,0,Crafts,Crafts,Moti Work,Moti Work,,,500 RS PER PIECE.,,,,,,24,0,True
7233,AR-837233,Give Something Which Keeps on Giving,give-something-which-keeps-on-giving,https://artreserves.com/product/give-something-which-keeps-on-giving/,PKR,80000.0,80000.0,80000.0,False,True,True,,0,0,Oil Paintings,Oil Paintings,Oil on Canvas,Oil on Canvas,,,48 X 59 INCHES,,48.0,59.0,,2832.0,36,0,True
6954,AR-356954,Ertugrul,ertugrul,https://artreserves.com/product/ertugrul/,PKR,8000.0,8000.0,8000.0,False,True,True,1,0,0,Freedom in Jail,Freedom in Jail,Oil on Canvas,Oil on Canvas,,,18 x 24 INCHES,,18.0,24.0,,432.0,8,0,True
6991,AR-816991,Mahira Khan,mahira-khan,https://artreserves.com/product/mahira-khan/,PKR,18000.0,18000.0,18000.0,False,True,True,1,0,0,Freedom in Jail,Freedom in Jail,Oil on Canvas,Oil on Canvas,,,18 x 24 INCHES,,18.0,24.0,,432.0,11,0,True
4153,AR-694153,Untitled (Freedom In Jail),694153,https://artreserves.com/product/694153/,PKR,800.0,800.0,800.0,False,True,True,1,0,0,Crafts,Crafts,Moti Work,Moti Work,,,RS 800 PER PIECE.,,,,,,26,0,True
3837,AR-393837,Call of simplicity,call-of-simplicity,https://artreserves.com/product/call-of-simplicity/,PKR,10000.0,10000.0,10000.0,False,True,True,,0,0,Paintings,Paintings,Water Color on Paper,Water Color on Paper,,,10.5 X 7 INCHES,This painting is part of the series named “Life on the Water”.,10.5,7.0,,73.5,18,62,True
2542,AR-682542,Structure Series,structure-series-11,https://artreserves.com/product/structure-series-11/,PKR,75000.0,75000.0,75000.0,False,True,True,1,0,0,Photography,Photography,Archival Print on Archival Paper. Edition 3/5,Archival Print on Archival Paper. Edition 3/5,,,34 x 72 INCHES,"Jamal Ashiqian[ Jamash] Objective To be able to positively contribute to the society and to leave footprints behind for others to follow. Shades & Hues Social Human Rights Activist Voicing against the patriarchic society since early teens, have been actively blogging on social issues taking part in many awareness campaigns / feminist campaigns / educational campaigns with a number of NGOs Trained as a trainer for Digital Story Telling by APC women (www.apcwomen.org/). Produced a number of digital stories and videos for advocacy and activism and a number of campaigns Photography workshop with children from underprivileged section of the society to teach them to express positively. Participated actively in the local (Pakistan) Take Back The Tech campaign. Founding member of NGO, BoloBhi.org Pads Against Sexism campaign for Pakistan Running an international support group for rape survivors since 2009 on Facebook to provide support and link rape survivors to local social services in their respective region. Trained people (Crafters) online in Malaysia &Thailand to take better photographs of their home crafted items to make them look more presentable and sell more effectively online. 1999–2019 Jamash On Random Occasions, Graphics / Web designer Secured third position in the Azadi Competition held by SPIDER (DAWN) in 1999.. Designed websites, and demonstrations for Info train, designed Logos, Brochures, Visiting Cards Demonstrations, Websites and GUI for many software. Designed a logo for a local NGO, PDP Designed product covers and posters and online advertisements campaigns Commercial Photographic insanity Since before 2002 Jamash: http://www.flickr.com/photos/jamash Involved in Photography since early childhood. buying my first digital camera in 2002 and ever since have done mainstream photography for leading local galleries, artists, magazines and NGOs. Worked for GT, women’s Own, and other magazines covered ramp, fashion and social gatherings. Officially covering art exhibitions and social events since year 2007. Art documentation of works by leading artists including Meher Afroze, Abdul jabbar gull, Noorjehan Bilgrami, Amin Gulgee, Adeela sulaman, Naiza khan, Imran Qureshi, Adeel uz zafar, Madiha Sikander, Ahsan Jamal, Asim butt, Usman Gauri and many other leading artists Since Early 2005 Personal Blog: http://Jamash.wordpress.com Scribbling, playing with words Monthly feature Titled Digi- Art for the Spider ( DAWN) magazine, also introduced regular features “ Artist of the Month” and “ Digital Photography Tips” Technology and digital art related articles for Spider ( DAWN) . Blogging since 2005 on social issues, fine arts, city happenings and events, technology and technology events, have also been the city captain, for Karachi Metro Blogs Former Correspondent France24 Online Contributor Art Now Magazine Contributor Humsafar PIA Inflight Magazine Artistic Madness Exhibitions 2009, participating artist in Machar colony Art show at IVSAA Gallery, Karachi. 2010, Participating artist in Art Loot Maar at The Second Floor, Farar Gallery, Karachi 2012, Participating performance artist, in “Love Marriage”, an Amin Gulgee’s performance, part of Band Baja Barat, Curated by Canvas Gallery held at IVSAA Gallery, Karachi 2012, participating artist at KOEL Gallery for the show titled “MAIN” 2012, participating artist at Art Chowk for the show Titled “Portraiture” 2012, participating artist at KSA Gallery, for the show titled “Sketchbooks” 2013, Participating Artist Alchemy Gallery, Lahore. for the digital art show “ Pixels” 2014 , Participating Artist at Alliance Francaise, Karachi , group show “Raison d’etre”. 2015 Art Performance (public) Titled: Objectified, at IVSAA, Fika, Koel, T2F. 2015. Participating Artist, Aghaz- e- Safar, An event by Pursukoon Karachi, Auction for a cause . 2015 Participating artist, ( Performance, interactive and digital work ) “Basiliq”, Held at Sadeqain Gallery, Frere Hall. 2015 Participating artist, “ Birwa ”, Held at Sadeqain Gallery, Frere Hall. 2016 Participating artist “Impact” , at Mövenpick Hotel Gallery, Karachi 2016 Participating artist “Mera Virsa Mera Khazana “ at Sadeqain Gallery, Frere Hall, Karachi. 2017 Participating artist “Inquiry” at Studio 7 Gallery, Karachi . 2017 Solo Exhibition “ Exploring Structures” Studio 7 Gallery, Karachi. 2017 Site Specific installation “The Lost Stories Of The Past” – Karachi Art Summit – at Arts Council, Karachi. 2018, Participating Artist – Group Show – Baad e Saba II , Clifton Art Gallery, Karachi 2018, Participating Artist – Group Show – Pehchaan, Studio 7 Art Gallery, Karachi. 2018, Participating Artist – Group Show – No Filter, Alliance Francaise Gallerey, Karachi. 2019, Exhibition of personal collection – Aks –e-Jamal at Art Chawk Gallery, Karachi Curatorial projects 2016 Curator, “ When I think about my self … “ Group show – Spaces Gallery, Karachi 2017 Curator “ Social Dialogue “ Solo – Mohsin Panjwani – Studio 7 Gallery, Karachi 2017 Curator “ silent noise “ Group show – Studio 7 Gallery, Karachi 2018 Co-curator “Its All About Satire” Five person Show – Studio 7 Gallery, Karachi. 2019 Co-Curator “An Apology To Shaikh Ayaz” Group show, Chawkandi Art Gallery, Karachi 2020 Curator: “Deafening Silence” Group show at Meubels Art Gallery, Karachi. 2020 Curator Karachi Art and Craft Gala 2021, Studio 7 Gallery Karachi 2021 Co_Curator “ Zindagi hai Karachi” Group show at Arts Council, Karachi. 2021 Curator Karachi Art and Craft Gala 2021(spring), Studio 7 Gallery Karachi Awards 1999, International Azadi competition, 3rd price in web designing. By spider and Xiber com. 2010 Best Live PhotoBlogger , “First National Bloggers Awards” 2017 Special Prize Photography “ First Niggah National Art Awards “. Media Newspaper Mentions Interview ( TV guest appearance AAG TV as a photoblogger) Interview ( TV guest appearance Dawn Tv Breakfast With DAWN) Interview ( TV guest appearance Sindh Tv Morning show ) 2015 GLAM Magazine, Article by Manizhe Ali “ Using art for social activism”. 2015, NIGAAH Art Magazine Article by Marjorie Husain “ Leaving Foot Prints Behind For Others To Follow” 2017 Coverage in Biztoday for the show curated at Studio 7 NIGGAH ART TV coverage by Aks-e-Jamal : 2019 Preopening announcement in Biz today for the show “An Apology To Shaikh Ayaz curated at Chawkandi Art Gallery, Karachi . 2019 Coverage in Youlin Magazine for the show “An Apology To Shaikh Ayaz curated at Chawkandi Art Gallery, Karachi. 2019 Coverage in The News for the show “An Apology To Shaikh Ayaz curated at Chawkandi Art Gallery, Karachi. 2019 Coverage in DAWN by Pirzada Salman for the show “An Apology To Shaikh Ayaz” curated at Chawkandi Art Gallery, Karachi. 2019 Coverage in DAWN by Amra Ali for the show “An Apology To Shaikh Ayaz” curated at Chawkandi Art Gallery, Karachi. 2019 Coverage in Art Now for the show “An Apology To Shaikh Ayaz” curated at Chawkandi Art Gallery, Karachi. 2019 Video Coverage by NIGGAH TV for the show “An Apology To Shaikh Ayaz” curated at Chawkandi Art Gallery, Karachi. 2019 article by Eman Saleem covering the show “An Apology To Shaikh Ayaz” in The Mag Weekly magazine August 31 – Sept 6 Year 2019, Edition Formal Education 2001–2005 University of Karachi, Pakistan. Graduated in English, Education and Sociology in 2005. 2000–2005 Others Karachi, Pakistan. Brain Bench Flash 4 certification in year 2000 Six month proficiency certification in E-commerce from Info train in 2001. Achievement certificate for summer art classes from Karachi School Of Art, year 2005 Other bad Habits Cooking, Reading, Collecting antiques, artworks, stamps, coins and books.",34.0,72.0,,2448.0,16,7656,True
3435,AR-473435,Untitled,untitled-39,https://artreserves.com/product/untitled-39/,PKR,15000.0,15000.0,15000.0,False,True,True,1,0,0,Freedom in Jail,Freedom in Jail,Oil on Canvas,Oil on Canvas,,,24 x 18 INCHES,,24.0,18.0,,432.0,8,0,True
1324,AR-391324,UTOPIA,utopia-2,https://artreserves.com/product/utopia-2/,PKR,50000.0,50000.0,50000.0,False,True,True,1,0,0,Acrylic Paintings|Paintings,Acrylic Paintings,Acrylic on Canvas,Acrylic on Canvas,,,19.29 x 24.02 INCHES,"Shazia Jaffery Artist/Writer Statement My basic belief is that creativity is an expression of the God within, in my paintings; I am looking for spiritual significance in ordinary people and their lives. One is born with Creativity which is gifted by (Allah)God to everyone. I am a Dubai based Pakistani artist, graduated in painting and sculpture I usually work in acrylics sometimes mixed medium, in my contemporary painting style I use text, lines and basic shapes as my main tools. My journey started with exploring SELF; I feel self is the center of everything. It all starts from within, whether good or bad, I believe that your experiences are the outcome of self believe and thought process. I also believe that Self can only be managed if you have strong self-control on your whims and wishes. I have spent ten years to explore the philosophy of self. How lack of self-control can create issues and spread negativity. I also practice self-reflection in my daily life to understand the world and people around me. I also empathize with people and put myself in that situation to observe the different point of views which is reflective in my work. During my journey of self-reflection and exploring of myself, I understood the concepts of liberations, emotional freedom. Freedom is another subject close to my heart, I feel there should be equal opportunity in the world to live and express, spread wings, breathe in open air and taste the variety. “Emotional freedom answers to reclaiming happiness and heart. It is a way to increase ability to love by increasing positive emotions and being able to compassionately witness and transform negative ones whether they are yours or someone else. Emotional freedom can be attained through spiritual awakening. To free our self from anxiety, depression, frustration, the process of spiritual awakening is the key. In my recent practice, my poetry is driving my paintings, I would depict the same message in my poems and my painting leading to realization of spirituality. Everything is the outcome of your spiritual status, if you are connected to Allah/universe then you are at peace happiness and positivity. If your connection is week then it will reflect in your life. Once you understand the spirituality and the art of surrendering that when you rise above and attain self-peace and happiness. I feel that emotional freedom, self, and spiritualty and interrelated. My recent style focusses on spirituality and reinforcement which I feel will eventually create an impact in the society. If you keep on reinforcing goodness, it creates positive impact around you. My main medium is acrylic but I also likes to play with different bases, adds pen and ink and other media.",19.29,24.02,,463.3458,6,2726,True
3522,AR-653522,Untitled,untitled-75,https://artreserves.com/product/untitled-75/,PKR,12000.0,12000.0,12000.0,False,True,True,1,0,0,Freedom in Jail|Oil Paintings,Freedom in Jail,Oil on Canvas,Oil on Canvas,,,18 x 24 INCHES,,18.0,24.0,,432.0,8,0,True
7127,AR-667127,Allah Hu,allah-hu,https://artreserves.com/product/allah-hu/,PKR,3600.0,3600.0,3600.0,False,True,True,,0,0,Calligraphy,Calligraphy,Acrylic on Canvas,Acrylic on Canvas,,,24 X 24 INCHES,I’m 19 years old self taught artist. Keep supporting.,24.0,24.0,,576.0,8,53,True
1735,AR-451735,Ankahi IV,ankahi-iv,https://artreserves.com/product/ankahi-iv/,PKR,150000.0,150000.0,150000.0,False,True,True,1,0,0,Sculptures,Sculptures,Carving on Books,Carving on Books,,,18 x 23 INCHES,"Munawar Ali Syed (1975) is a Hyderabad born visual artist and art educator. He holds a BFA from National College of Arts (1999) and MA (Art Education) from Beacon House National University (2017). He is an Associate Professor at the Indus Valley School of Art and Architecture, Karachi. Syed’s artworks have been shown in seven solo exhibitions and numerous national and international group exhibitions including Karachi Biennial 2019. He has also collaborated with local Pakistani artists and craftsmen such as Truck artist and produce several public artworks as part of make the city beautiful and accessible public art initiatives such as ‘Rung dey Karachi’ (2010), Reimagining Walls of Karachi and Great wall of Truck Art at the Islamabad International Airport (2017). He was a member of Vasl Artist Collective. Syed participated in international residencies and workshops including Burragorang International Artist’s Workshop, Australia (2003), The Vasl International Artist’s Workshop, Pakistan (2004), Braziers International Artist’s Workshop, UK and Westburry Farm Residency, UK (2005). In 2016, Syed was awarded the SATHA innovation award for his contribution to the public art. He also received two ADA National Awards (2019) for his performance and site-specific works and was the winner of Sovereign Asian Art Public Choice award (2019).",18.0,23.0,,414.0,9,1349,True
3868,AR-143868,Maires Acrylic Yellow Mid Color 75ML,maires-acrylic-yellow-mid-color-75ml,https://artreserves.com/product/maires-acrylic-yellow-mid-color-75ml/,PKR,310.0,350.0,310.0,True,True,True,2,0,0,Acrylic Paints|Art Supplies,Acrylic Paints,acrylic paint|maries|maries acrylic color|paints,acrylic paint,,,No.227,,,,,,36,0,False
7431,AR-647431,Cityscape -Waterways,cityscape-waterways,https://artreserves.com/product/cityscape-waterways/,PKR,35000.0,35000.0,35000.0,False,True,True,,0,0,Oil Paintings,Oil Paintings,Oil on Canvas,Oil on Canvas,,,18 X 12 INCHES,Usually we find these kind of streets in venice. which looks very beautiful so I just transferred that perspective cityscape on my canvas. I hope you all will like it. Thankyou.,18.0,12.0,,216.0,20,177,True
4158,AR-264158,Tasbih (Freedom In Jail),tasbih-2,https://artreserves.com/product/tasbih-2/,PKR,1000.0,1000.0,1000.0,False,True,True,1,0,0,Crafts,Crafts,Moti Work,Moti Work,,,RS 1000 PER PIECE.,,,,,,24,0,True
2525,AR-862525,Structure Series,structure-series-5,https://artreserves.com/product/structure-series-5/,PKR,65000.0,65000.0,65000.0,False,True,True,1,0,0,Photography,Photography,Archival Print on Archival Paper. Edition 3/5,Archival Print on Archival Paper. Edition 3/5,,,30 x 54 INCHES,"Jamal Ashiqian[ Jamash] Objective To be able to positively contribute to the society and to leave footprints behind for others to follow. Shades & Hues Social Human Rights Activist Voicing against the patriarchic society since early teens, have been actively blogging on social issues taking part in many awareness campaigns / feminist campaigns / educational campaigns with a number of NGOs Trained as a trainer for Digital Story Telling by APC women (www.apcwomen.org/). Produced a number of digital stories and videos for advocacy and activism and a number of campaigns Photography workshop with children from underprivileged section of the society to teach them to express positively. Participated actively in the local (Pakistan) Take Back The Tech campaign. Founding member of NGO, BoloBhi.org Pads Against Sexism campaign for Pakistan Running an international support group for rape survivors since 2009 on Facebook to provide support and link rape survivors to local social services in their respective region. Trained people (Crafters) online in Malaysia &Thailand to take better photographs of their home crafted items to make them look more presentable and sell more effectively online. 1999–2019 Jamash On Random Occasions, Graphics / Web designer Secured third position in the Azadi Competition held by SPIDER (DAWN) in 1999.. Designed websites, and demonstrations for Info train, designed Logos, Brochures, Visiting Cards Demonstrations, Websites and GUI for many software. Designed a logo for a local NGO, PDP Designed product covers and posters and online advertisements campaigns Commercial Photographic insanity Since before 2002 Jamash: http://www.flickr.com/photos/jamash Involved in Photography since early childhood. buying my first digital camera in 2002 and ever since have done mainstream photography for leading local galleries, artists, magazines and NGOs. Worked for GT, women’s Own, and other magazines covered ramp, fashion and social gatherings. Officially covering art exhibitions and social events since year 2007. Art documentation of works by leading artists including Meher Afroze, Abdul jabbar gull, Noorjehan Bilgrami, Amin Gulgee, Adeela sulaman, Naiza khan, Imran Qureshi, Adeel uz zafar, Madiha Sikander, Ahsan Jamal, Asim butt, Usman Gauri and many other leading artists Since Early 2005 Personal Blog: http://Jamash.wordpress.com Scribbling, playing with words Monthly feature Titled Digi- Art for the Spider ( DAWN) magazine, also introduced regular features “ Artist of the Month” and “ Digital Photography Tips” Technology and digital art related articles for Spider ( DAWN) . Blogging since 2005 on social issues, fine arts, city happenings and events, technology and technology events, have also been the city captain, for Karachi Metro Blogs Former Correspondent France24 Online Contributor Art Now Magazine Contributor Humsafar PIA Inflight Magazine Artistic Madness Exhibitions 2009, participating artist in Machar colony Art show at IVSAA Gallery, Karachi. 2010, Participating artist in Art Loot Maar at The Second Floor, Farar Gallery, Karachi 2012, Participating performance artist, in “Love Marriage”, an Amin Gulgee’s performance, part of Band Baja Barat, Curated by Canvas Gallery held at IVSAA Gallery, Karachi 2012, participating artist at KOEL Gallery for the show titled “MAIN” 2012, participating artist at Art Chowk for the show Titled “Portraiture” 2012, participating artist at KSA Gallery, for the show titled “Sketchbooks” 2013, Participating Artist Alchemy Gallery, Lahore. for the digital art show “ Pixels” 2014 , Participating Artist at Alliance Francaise, Karachi , group show “Raison d’etre”. 2015 Art Performance (public) Titled: Objectified, at IVSAA, Fika, Koel, T2F. 2015. Participating Artist, Aghaz- e- Safar, An event by Pursukoon Karachi, Auction for a cause . 2015 Participating artist, ( Performance, interactive and digital work ) “Basiliq”, Held at Sadeqain Gallery, Frere Hall. 2015 Participating artist, “ Birwa ”, Held at Sadeqain Gallery, Frere Hall. 2016 Participating artist “Impact” , at Mövenpick Hotel Gallery, Karachi 2016 Participating artist “Mera Virsa Mera Khazana “ at Sadeqain Gallery, Frere Hall, Karachi. 2017 Participating artist “Inquiry” at Studio 7 Gallery, Karachi . 2017 Solo Exhibition “ Exploring Structures” Studio 7 Gallery, Karachi. 2017 Site Specific installation “The Lost Stories Of The Past” – Karachi Art Summit – at Arts Council, Karachi. 2018, Participating Artist – Group Show – Baad e Saba II , Clifton Art Gallery, Karachi 2018, Participating Artist – Group Show – Pehchaan, Studio 7 Art Gallery, Karachi. 2018, Participating Artist – Group Show – No Filter, Alliance Francaise Gallerey, Karachi. 2019, Exhibition of personal collection – Aks –e-Jamal at Art Chawk Gallery, Karachi Curatorial projects 2016 Curator, “ When I think about my self … “ Group show – Spaces Gallery, Karachi 2017 Curator “ Social Dialogue “ Solo – Mohsin Panjwani – Studio 7 Gallery, Karachi 2017 Curator “ silent noise “ Group show – Studio 7 Gallery, Karachi 2018 Co-curator “Its All About Satire” Five person Show – Studio 7 Gallery, Karachi. 2019 Co-Curator “An Apology To Shaikh Ayaz” Group show, Chawkandi Art Gallery, Karachi 2020 Curator: “Deafening Silence” Group show at Meubels Art Gallery, Karachi. 2020 Curator Karachi Art and Craft Gala 2021, Studio 7 Gallery Karachi 2021 Co_Curator “ Zindagi hai Karachi” Group show at Arts Council, Karachi. 2021 Curator Karachi Art and Craft Gala 2021(spring), Studio 7 Gallery Karachi Awards 1999, International Azadi competition, 3rd price in web designing. By spider and Xiber com. 2010 Best Live PhotoBlogger , “First National Bloggers Awards” 2017 Special Prize Photography “ First Niggah National Art Awards “. Media Newspaper Mentions Interview ( TV guest appearance AAG TV as a photoblogger) Interview ( TV guest appearance Dawn Tv Breakfast With DAWN) Interview ( TV guest appearance Sindh Tv Morning show ) 2015 GLAM Magazine, Article by Manizhe Ali “ Using art for social activism”. 2015, NIGAAH Art Magazine Article by Marjorie Husain “ Leaving Foot Prints Behind For Others To Follow” 2017 Coverage in Biztoday for the show curated at Studio 7 NIGGAH ART TV coverage by Aks-e-Jamal : 2019 Preopening announcement in Biz today for the show “An Apology To Shaikh Ayaz curated at Chawkandi Art Gallery, Karachi . 2019 Coverage in Youlin Magazine for the show “An Apology To Shaikh Ayaz curated at Chawkandi Art Gallery, Karachi. 2019 Coverage in The News for the show “An Apology To Shaikh Ayaz curated at Chawkandi Art Gallery, Karachi. 2019 Coverage in DAWN by Pirzada Salman for the show “An Apology To Shaikh Ayaz” curated at Chawkandi Art Gallery, Karachi. 2019 Coverage in DAWN by Amra Ali for the show “An Apology To Shaikh Ayaz” curated at Chawkandi Art Gallery, Karachi. 2019 Coverage in Art Now for the show “An Apology To Shaikh Ayaz” curated at Chawkandi Art Gallery, Karachi. 2019 Video Coverage by NIGGAH TV for the show “An Apology To Shaikh Ayaz” curated at Chawkandi Art Gallery, Karachi. 2019 article by Eman Saleem covering the show “An Apology To Shaikh Ayaz” in The Mag Weekly magazine August 31 – Sept 6 Year 2019, Edition Formal Education 2001–2005 University of Karachi, Pakistan. Graduated in English, Education and Sociology in 2005. 2000–2005 Others Karachi, Pakistan. Brain Bench Flash 4 certification in year 2000 Six month proficiency certification in E-commerce from Info train in 2001. Achievement certificate for summer art classes from Karachi School Of Art, year 2005 Other bad Habits Cooking, Reading, Collecting antiques, artworks, stamps, coins and books.",30.0,54.0,,1620.0,16,7656,True
4409,AR-274409,Everything Happens For a Reason,everything-happens-for-a-reason,https://artreserves.com/product/everything-happens-for-a-reason/,PKR,70000.0,80000.0,70000.0,True,True,True,,0,0,Oil Paintings|Paintings,Oil Paintings,Oil on Canvas,Oil on Canvas,,,36 X 48 INCHES,A phase of life.,36.0,48.0,,1728.0,31,16,True
2769,AR-542769,Ali,ali,https://artreserves.com/product/ali/,PKR,15000.0,15000.0,15000.0,False,True,True,,0,0,Calligraphy,Calligraphy,Ink on Paper,Ink on Paper,,,11.7 X 16.5 INCHES,Hello! Word Ali calligraphy with tea wash background. Thank you for visiting my profile. Feel free to discuss and place orders. Thank you!,11.7,16.5,,193.04999999999998,3,138,True
7050,AR-957050,Sassi Pannu,sassi-pannu,https://artreserves.com/product/sassi-pannu/,PKR,8000.0,8000.0,8000.0,False,True,True,1,0,0,Freedom in Jail,Freedom in Jail,Oil on Canvas,Oil on Canvas,,,18 x 24 INCHES,,18.0,24.0,,432.0,11,0,True
7005,AR-557005,LOVE,love-2,https://artreserves.com/product/love-2/,PKR,13000.0,13000.0,13000.0,False,True,True,1,0,0,Freedom in Jail,Freedom in Jail,Oil on Canvas,Oil on Canvas,,,24 x 36 INCHES,,24.0,36.0,,864.0,4,0,True
5110,AR-345110,The Faces,the-faces,https://artreserves.com/product/the-faces/,PKR,7000.0,10000.0,7000.0,True,True,True,,0,0,Acrylic Paintings|Paintings,Acrylic Paintings,Acrylic on Canvas,Acrylic on Canvas,,,16 X 24 INCHES,My Name is Alishba Rajper a 17 year old self taught Artist I live in Gulistan e Jauhar Karachi and the reason to sell my Paintings on Art Reserves is that I want people to connect with me through a suitable platform and I just found Art Reserve’s page for this and that was the best option to go through!,16.0,24.0,,384.0,9,304,True
7011,AR-897011,UNTITLED,untitled-182,https://artreserves.com/product/untitled-182/,PKR,10000.0,10000.0,10000.0,False,True,True,1,0,0,Freedom in Jail,Freedom in Jail,Oil on Canvas,Oil on Canvas,,,18 x 24 INCHES,,18.0,24.0,,432.0,8,0,True
3546,AR-953546,Untitled,untitled-85,https://artreserves.com/product/untitled-85/,PKR,10000.0,10000.0,10000.0,False,True,True,1,0,0,Freedom in Jail|Oil Paintings,Freedom in Jail,Oil on Canvas,Oil on Canvas,,,24 x 24 INCHES,,24.0,24.0,,576.0,8,0,True
1304,AR-171304,Wisdom and Sin I,wisdom-and-sin-i,https://artreserves.com/product/wisdom-and-sin-i/,PKR,50000.0,50000.0,50000.0,False,True,True,1,0,0,Paintings,Paintings,Ink on Paper,Ink on Paper,,,11.02 x 15.75 INCHES,"Shumaila Islam Biography Born in Lahore, Pakistan, she is M.Phil in studio Practice Finearts from PUCAD. She has acquired training of calligraphy from CCRS-NCA. She has displayed her work in more than 25 group shows on renowned national art platforms and one calligraphy group show in Turkey. She has been part of artist residency at Shakir Ali Museum in 2018. Her work has been selected for Santorini-Mykonos art fairs Greece 2018 and Izmir Biennale 2019. Currently, she is teaching at University of Education and Sargodha University. Statement Being not confined to a single medium, I categorize myself a visual artist. I have been trained in conventional arts of painting, but did experimentation in my works, maintaining the soul of chosen genre according thought process and concepts. My inspirations stimulate from nature and support me to present all kinds of observations and feelings. I choose representational imagery, recalling all the experiences that are in my subconscious, experimenting with linear elements, which I overlay and deploy in order to create a physical construction with abundant lyricism. Segments of nature are revolved into emotional catharsis as a vital need to express thoughts through a constant methodological and flexible investigation. I try to create images provided with a personal sensibility and originality. They show assured sensations of movement. I am producing art pieces on Wasli using gauche, ink and pointers.",11.02,15.75,,173.565,16,1458,True
4322,AR-424322,Untitled,424322,https://artreserves.com/product/424322/,PKR,15000.0,15000.0,15000.0,False,True,True,1,0,0,Freedom in Jail,Freedom in Jail,Oil on Canvas,Oil on Canvas,,,20 x 30 INCHES,,20.0,30.0,,600.0,8,0,True
1723,AR-141723,Untitled,untitled-20,https://artreserves.com/product/untitled-20/,PKR,165000.0,165000.0,165000.0,False,True,True,1,0,0,Sculptures,Sculptures,Sheesham Wood Carving,Sheesham Wood Carving,,,13 x 33 INCHES,,13.0,33.0,,429.0,8,0,True
1225,AR-181225,Talaash,talaash,https://artreserves.com/product/talaash/,PKR,90000.0,90000.0,90000.0,False,True,True,1,0,0,Acrylic Paintings|Paintings,Acrylic Paintings,Acrylic on Canvas,Acrylic on Canvas,,,21.26 x 34.25 INCHES,"Shazia Jaffery Artist/Writer Statement My basic belief is that creativity is an expression of the God within, in my paintings; I am looking for spiritual significance in ordinary people and their lives. One is born with Creativity which is gifted by (Allah)God to everyone. I am a Dubai based Pakistani artist, graduated in painting and sculpture I usually work in acrylics sometimes mixed medium, in my contemporary painting style I use text, lines and basic shapes as my main tools. My journey started with exploring SELF; I feel self is the center of everything. It all starts from within, whether good or bad, I believe that your experiences are the outcome of self believe and thought process. I also believe that Self can only be managed if you have strong self-control on your whims and wishes. I have spent ten years to explore the philosophy of self. How lack of self-control can create issues and spread negativity. I also practice self-reflection in my daily life to understand the world and people around me. I also empathize with people and put myself in that situation to observe the different point of views which is reflective in my work. During my journey of self-reflection and exploring of myself, I understood the concepts of liberations, emotional freedom. Freedom is another subject close to my heart, I feel there should be equal opportunity in the world to live and express, spread wings, breathe in open air and taste the variety. “Emotional freedom answers to reclaiming happiness and heart. It is a way to increase ability to love by increasing positive emotions and being able to compassionately witness and transform negative ones whether they are yours or someone else. Emotional freedom can be attained through spiritual awakening. To free our self from anxiety, depression, frustration, the process of spiritual awakening is the key. In my recent practice, my poetry is driving my paintings, I would depict the same message in my poems and my painting leading to realization of spirituality. Everything is the outcome of your spiritual status, if you are connected to Allah/universe then you are at peace happiness and positivity. If your connection is week then it will reflect in your life. Once you understand the spirituality and the art of surrendering that when you rise above and attain self-peace and happiness. I feel that emotional freedom, self, and spiritualty and interrelated. My recent style focusses on spirituality and reinforcement which I feel will eventually create an impact in the society. If you keep on reinforcing goodness, it creates positive impact around you. My main medium is acrylic but I also likes to play with different bases, adds pen and ink and other media.",21.26,34.25,,728.1550000000001,7,2726,True
1301,AR-351301,Tradition,tradition,https://artreserves.com/product/tradition/,PKR,40000.0,40000.0,40000.0,False,True,True,1,0,0,Paintings,Paintings,Gouache on Wasli,Gouache on Wasli,,,8.27 x 11.02 INCHES,"Shumaila Islam Biography Born in Lahore, Pakistan, she is M.Phil in studio Practice Finearts from PUCAD. She has acquired training of calligraphy from CCRS-NCA. She has displayed her work in more than 25 group shows on renowned national art platforms and one calligraphy group show in Turkey. She has been part of artist residency at Shakir Ali Museum in 2018. Her work has been selected for Santorini-Mykonos art fairs Greece 2018 and Izmir Biennale 2019. Currently, she is teaching at University of Education and Sargodha University. Statement Being not confined to a single medium, I categorize myself a visual artist. I have been trained in conventional arts of painting, but did experimentation in my works, maintaining the soul of chosen genre according thought process and concepts. My inspirations stimulate from nature and support me to present all kinds of observations and feelings. I choose representational imagery, recalling all the experiences that are in my subconscious, experimenting with linear elements, which I overlay and deploy in order to create a physical construction with abundant lyricism. Segments of nature are revolved into emotional catharsis as a vital need to express thoughts through a constant methodological and flexible investigation. I try to create images provided with a personal sensibility and originality. They show assured sensations of movement. I am producing art pieces on Wasli using gauche, ink and pointers.",8.27,11.02,,91.13539999999999,9,1458,True
4162,AR-364162,Paazeb (Freedom In Jail),364162,https://artreserves.com/product/364162/,PKR,1500.0,1500.0,1500.0,False,True,True,1,0,0,Crafts,Crafts,Moti Work,Moti Work,,,RS 1500 PER PIECE.,,,,,,24,0,True
5139,AR-855139,AL AQSA,al-aqsa,https://artreserves.com/product/al-aqsa/,PKR,9000.0,9000.0,9000.0,False,True,True,1,0,0,Oil Paintings|Paintings,Oil Paintings,Oil on Canvas,Oil on Canvas,,,21 X 28 INCHES,Al Aqsa with Round Calligraphy (Kalma Tayyaba).,21.0,28.0,,588.0,7,47,True
6975,AR-996975,Peacock,peacock,https://artreserves.com/product/peacock/,PKR,13000.0,13000.0,13000.0,False,True,True,1,0,0,Freedom in Jail,Freedom in Jail,Oil on Canvas,Oil on Canvas,,,20 x 30 INCHES,,20.0,30.0,,600.0,7,0,True
7742,,Arshad Shirazy- Oil &#038; Acrylic on canvas-18&#215;20 inches,arshad-shirazy-oil-acrylic-on-canvas-18x20-inches,https://artreserves.com/product/arshad-shirazy-oil-acrylic-on-canvas-18x20-inches/,PKR,25000.0,25000.0,25000.0,False,True,True,,0,0,,,,,,,,,,,,,62,0,True
7094,AR-847094,Malang,malang-2,https://artreserves.com/product/malang-2/,PKR,200000.0,200000.0,200000.0,False,True,True,,0,0,Oil Paintings|Paintings,Oil Paintings,Oil on Canvas,Oil on Canvas,,,36 X 24 INCHES,Here is an oil painting titled as MALANG. I’ve just painted it in the end of the last year.,36.0,24.0,,864.0,6,91,True
3555,AR-683555,Untitled,untitled-89,https://artreserves.com/product/untitled-89/,PKR,20000.0,20000.0,20000.0,False,True,True,1,0,0,Freedom in Jail|Oil Paintings,Freedom in Jail,Oil on Canvas,Oil on Canvas,,,18 x 24 INCHES,,18.0,24.0,,432.0,8,0,True
3669,AR-633669,Untitled,untitled-134,https://artreserves.com/product/untitled-134/,PKR,13000.0,13000.0,13000.0,False,True,True,1,0,0,Freedom in Jail,Freedom in Jail,Oil on Canvas,Oil on Canvas,,,20 x 30 INCHES,,20.0,30.0,,600.0,8,0,True
1727,AR-271727,Untitled,untitled-22,https://artreserves.com/product/untitled-22/,PKR,195000.0,195000.0,195000.0,False,True,True,1,0,0,Sculptures,Sculptures,Sheesham Wood Carving,Sheesham Wood Carving,,,12 x 26 INCHES,"Sadiq Hussain – Sculpture Art Professional An introduction: I started my career as a wooden sculptor in the field of fine art in 1980-81. Ali Imam Rizvi was quite impressed with my work and started displaying my art in his indus art gallery. Initially, when Ali Imam Rizvi saw my piece of art he said although he doesn’t allow any work from any artist at such young age but he found my work so impressive he not only allowed me to exhibit my art in his gallery but he also encouraged me to work further for his gallery. I was quite lucky to get this breakthrough in the very early age of 17 years. After that there was no ending… I got a lot of work from foreigners. I worked a lot on the bust sculpting. Making a life size horse sculptor for Pakistan Navy is one of my greatest achievements. That piece of art is still displayed as a Monument in NORE-1, Officers Mess. Karachi. I also worked a lot for many local art lovers. Some of the names are Wahab Jaffer, Dr. Sajid , Arif Ashari, Rafiq Parsa, Rais Ahmed Alvi, Dr Amir Butt and Muhammad Ali Dada. Besides that I also have worked for some multinational companies. Personally I have also hold solo exhibitions in November 2008 at V.M art gallery, which also widely covered by print and electronic media. Beside solo exhibition also participated in many leading group shows at indus art gallery, V.M art gallery and canvas art gallery. The specialty of my sculptors is that every art is made in one piece without any joint. Although my main interest is in the wooden sculpting but I have also worked on Fiber Glass, metal, Gandhara stone and camel bone medium. Many of my fiber glass murals have added artistic value to so many buildings. I believe that a true artist cannot sit back and wait for the change…. Hence I am striving to make change. Sadiq Hussain",12.0,26.0,,312.0,8,1812,True
2652,AR-952652,Confined,confined,https://artreserves.com/product/confined/,PKR,60000.0,60000.0,60000.0,False,True,True,,0,0,Sculptures,Sculptures,Mix Media,Mix Media,,Resin and Paper clay Size: 6″ x 9,4.5 X 9.5 INCHES,"Title: Confined Medium: Resin and Paper clay Size: 6″ x 9.5″ Art is the carrier of human condition, and has always reflected different aspects of human life. It has been representing changes in the world in diversified ways. this work started with the content of human condition, which compose the essentials of human existence. It is basically a concern for human nature and society , how do we live our lives and how does it life keep on changing? Recently ” Pandemic” has affected thousands of peoples. Countries are banning gathering of people to the spread and break the exponential curve. Many countries are locking their population and enforcing strict quarantine. Living in such condition makes human more frustrated and mentally disturbed. So, my work is all about this pandemic and hoe it affects us not just physically but mentally too, and we human are fighting to get out of this situation.    ",4.5,9.5,,42.75,8,907,True
3648,AR-653648,An outcome,an-outcome,https://artreserves.com/product/an-outcome/,PKR,65000.0,75000.0,65000.0,True,True,True,,0,0,Oil Paintings|Paintings,Oil Paintings,Oil on Canvas,Oil on Canvas,,,36 X 48 INCHES,Gestures of hands have been a way to channel my bottled up feelings on a black canvas. The body of my work is solely centered on the quiet space in your head where snippets of life and memories live. My work is simply a voice for everyone around to show their different zones of emotions through language of hands.,36.0,48.0,,1728.0,10,314,True
2476,AR-862476,Tu Kiya Jane Raaz Ki Baatey,tu-kiya-jane-raaz-ki-baatey,https://artreserves.com/product/tu-kiya-jane-raaz-ki-baatey/,PKR,3500.0,3500.0,3500.0,False,True,True,1,0,0,Drawings,Drawings,Charcoal on Paper,Charcoal on Paper,,,10.5 x 14.5 INCHES,,10.5,14.5,,152.25,27,0,True
1272,AR-461272,Beauty and Lyricism,beauty-and-lyricism,https://artreserves.com/product/beauty-and-lyricism/,PKR,70000.0,70000.0,70000.0,False,True,True,1,0,0,Paintings,Paintings,Lead on Paper,Lead on Paper,,,11.02 x 15.75 INCHES,"Shumaila Islam Biography Born in Lahore, Pakistan, she is M.Phil in studio Practice Finearts from PUCAD. She has acquired training of calligraphy from CCRS-NCA. She has displayed her work in more than 25 group shows on renowned national art platforms and one calligraphy group show in Turkey. She has been part of artist residency at Shakir Ali Museum in 2018. Her work has been selected for Santorini-Mykonos art fairs Greece 2018 and Izmir Biennale 2019. Currently, she is teaching at University of Education and Sargodha University. Statement Being not confined to a single medium, I categorize myself a visual artist. I have been trained in conventional arts of painting, but did experimentation in my works, maintaining the soul of chosen genre according thought process and concepts. My inspirations stimulate from nature and support me to present all kinds of observations and feelings. I choose representational imagery, recalling all the experiences that are in my subconscious, experimenting with linear elements, which I overlay and deploy in order to create a physical construction with abundant lyricism. Segments of nature are revolved into emotional catharsis as a vital need to express thoughts through a constant methodological and flexible investigation. I try to create images provided with a personal sensibility and originality. They show assured sensations of movement. I am producing art pieces on Wasli using gauche, ink and pointers.",11.02,15.75,,173.565,19,1458,True
7398,AR-127398,I am not your negro,i-am-not-your-negro,https://artreserves.com/product/i-am-not-your-negro/,PKR,12000.0,15000.0,12000.0,True,True,True,1,0,0,Oil Paintings,Oil Paintings,Oil on Canvas,Oil on Canvas,,,6 X 10 INCHES,,6.0,10.0,,60.0,19,0,True
918,AR-84918,Tasbih,tasbih,https://artreserves.com/product/tasbih/,PKR,140000.0,140000.0,140000.0,False,True,True,1,0,0,Paintings,Paintings,Acrylic on Canvas,Acrylic on Canvas,,,30 x 36 INCHES,"NAHID RAZA Born in 1948 in Delhi (India) Lives and works in Karachi (Pakistan) Nahid Raza hails from a family with distinguished art connections. Her late father, Syed Yusuf Raza, was a journalist, art writer and the author of a book on economics. Her life in art began in 1966 when her uncle Ali Imam helped her to join the Central Institute. Later, in 1968 she held her first group exhibition while she was still a student. In 1969, she won her first award, the ‘Best Entry Award’ at the Karachi Arts Council. She was deeply inspired by the intricate stone carvings of Sindh which resulted in her first major landmark works on the Chawkandi Tombs. Soon, the mounting appreciation of her work abroad led to solo exhibitions in Japan, Bangladesh and India. On her return to Karachi, in 1987, she began teaching art full-time. In 1992, Nahid established Studio Art in Karachi, and for over a decade, nurtured several promising talents. She was awarded a residency at the New York State University in 1998. In 2002, her work was displayed in a solo exhibition at the Vienna Museum. Nahid has visited several countries across the globe for her solo and group exhibitions. These include Bezirk Museum, Vienna; Asian Art Biennial, Bangladesh; SAARC exhibition in New Delhi, and a group show called “Intelligent Rebellion” by Pakistani women artists in Bradford, England. In August 2007, Nahid was awarded the President’s Pride of Performance Award, the highest art honor in the country. For KB17, Nahid Raza has created a major painting from her ongoing Virdh series. The word “virdh” refers to repetition of a certain incantation – a practice that exists in many religions. Nahid’s recent work revolves around motifs that have been repeatedly screen-printed on large canvases. Nahid believes there are spiritual ways to purge inner frustrations and to shed agony. One such way is the practice of Sufism, which inculcates divine ethics through devotion towards the Almighty. As a strong believer in divine realities, she has emphasized that there is spirituality in every person. She expresses the feelings that virdh creates in her soul through painting. It is her intention to depict serenity and peace in her canvases.",30.0,36.0,,1080.0,6,2216,True
7003,AR-267003,LOVE,love,https://artreserves.com/product/love/,PKR,14000.0,14000.0,14000.0,False,True,True,1,0,0,Freedom in Jail,Freedom in Jail,Oil on Canvas,Oil on Canvas,,,18 x 24 INCHES,,18.0,24.0,,432.0,4,0,True
4167,AR-184167,Female Wallet (Freedom In Jail),184167,https://artreserves.com/product/184167/,PKR,2000.0,2000.0,2000.0,False,True,True,1,0,0,Crafts,Crafts,Moti Work,Moti Work,,,RS 2000 PER PIECE.,,,,,,31,0,True
5824,AH04121996,Winter Sunset,winter-sunset,https://artreserves.com/product/winter-sunset/,PKR,15000.0,15000.0,15000.0,False,True,True,,0,0,Oil Paintings|Paintings,Oil Paintings,Oil on Canvas,Oil on Canvas,,,24 X 24 INCHES,"A beautiful winter landscape scene with a glowing sun about to set, creating an aesthetic glare on the Misty mountains with the orange colored sky reflecting on the water giving a deep sense of relaxation.",24.0,24.0,,576.0,13,205,True
3470,AR-883470,Untitled,untitled-54,https://artreserves.com/product/untitled-54/,PKR,8000.0,8000.0,8000.0,False,True,True,1,0,0,Freedom in Jail|Oil Paintings,Freedom in Jail,Oil on Canvas,Oil on Canvas,,,18 x 24 INCHES,,18.0,24.0,,432.0,8,0,True
3583,AR-973583,Untitled,untitled-101,https://artreserves.com/product/untitled-101/,PKR,10000.0,10000.0,10000.0,False,True,True,1,0,0,Freedom in Jail|Oil Paintings,Freedom in Jail,Oil on Canvas,Oil on Canvas,,,20 x 30 INCHES,,20.0,30.0,,600.0,8,0,True
6938,AR-446938,Calligraphy,calligraphy-7,https://artreserves.com/product/calligraphy-7/,PKR,8000.0,8000.0,8000.0,False,True,True,1,0,0,Freedom in Jail,Freedom in Jail,Oil on Canvas,Oil on Canvas,,,18 x 24 INCHES,,18.0,24.0,,432.0,11,0,True
3651,AR-933651,The Abyss of life,the-abyss-of-life,https://artreserves.com/product/the-abyss-of-life/,PKR,40000.0,42000.0,40000.0,True,True,True,,0,0,Acrylic Paintings|Paintings,Acrylic Paintings,Acrylic and Mix Media on Canvas,Acrylic and Mix Media on Canvas,,,48 X 30 INCHES,Abstract done on 2.5 by 4 feet stretched canvas by Narmin Allahwala.,48.0,30.0,,1440.0,17,68,True
3710,AR-723710,Untitled,untitled-153,https://artreserves.com/product/untitled-153/,PKR,8000.0,8000.0,8000.0,False,True,True,1,0,0,Freedom in Jail,Freedom in Jail,Oil on Canvas,Oil on Canvas,,,18 x 24 INCHES,,18.0,24.0,,432.0,8,0,True
7007,AR-417007,UNTITLED,untitled-180,https://artreserves.com/product/untitled-180/,PKR,12000.0,12000.0,12000.0,False,True,True,1,0,0,Freedom in Jail,Freedom in Jail,Oil on Canvas,Oil on Canvas,,,24 x 30 INCHES,,24.0,30.0,,720.0,8,0,True
4414,AR-954414,There is no Escape!,there-is-no-escape,https://artreserves.com/product/there-is-no-escape/,PKR,90000.0,100000.0,90000.0,True,True,True,,0,0,Oil Paintings|Paintings,Oil Paintings,Oil on Canvas,Oil on Canvas,,,36 X 48 INCHES,A phase of life!,36.0,48.0,,1728.0,19,16,True
4318,AR-664318,Untitled,664318,https://artreserves.com/product/664318/,PKR,10000.0,10000.0,10000.0,False,True,True,1,0,0,Freedom in Jail,Freedom in Jail,Oil on Canvas,Oil on Canvas,,,18 x 24 INCHES,,18.0,24.0,,432.0,8,0,True
5959,AR-845959,Ship painting,ship-painting,https://artreserves.com/product/ship-painting/,PKR,8000.0,8000.0,8000.0,False,True,True,,0,0,Paintings,Paintings,Oil Paint On Canvas,Oil Paint On Canvas,,,18 X 24 INCHES,A Beautiful Ship Painting!,18.0,24.0,,432.0,13,26,False
4316,AR-974316,Untitled,974316,https://artreserves.com/product/974316/,PKR,10000.0,10000.0,10000.0,False,True,True,1,0,0,Freedom in Jail,Freedom in Jail,Oil on Canvas,Oil on Canvas,,,18 x 24 INCHES,,18.0,24.0,,432.0,8,0,True
7307,AR-717307,Still Life,still-life-2,https://artreserves.com/product/still-life-2/,PKR,15000.0,15000.0,15000.0,False,True,True,1,0,0,Oil Paintings|Paintings,Oil Paintings,Oil on Canvas,Oil on Canvas,,,12 X 12 INCHES,A realistic still-life painting of pears with bowl. Finished corners and varnished.,12.0,12.0,,144.0,10,83,True
3524,AR-923524,Untitled,untitled-76,https://artreserves.com/product/untitled-76/,PKR,15000.0,15000.0,15000.0,False,True,True,1,0,0,Freedom in Jail|Oil Paintings,Freedom in Jail,Oil on Canvas,Oil on Canvas,,,20 x 30 INCHES,,20.0,30.0,,600.0,8,0,True
6007,AR-896007,Sad soul,sad-soul,https://artreserves.com/product/sad-soul/,PKR,2700.0,3000.0,2700.0,True,True,True,,0,0,Oil Paintings|Paintings,Oil Paintings,Oil Paint and Silver Gliding on Canvas,Oil Paint and Silver Gliding on Canvas,,,18 X 24 INCHES,Oil painting on canvas.,18.0,24.0,,432.0,8,23,True
7559,AR-423895-1-1-1-1,Maries Acrylic Rose Color 75ML,maries-acrylic-rose-color-75ml,https://artreserves.com/product/maries-acrylic-rose-color-75ml/,PKR,310.0,350.0,310.0,True,True,True,,0,0,Acrylic Paints|Art Supplies,Acrylic Paints,acrylic paint|maries|maries acrylic color|paints,acrylic paint,,,No.336,,,,,,30,0,False
1166,AR-991166,untitled,untitled-5,https://artreserves.com/product/untitled-5/,PKR,150000.0,150000.0,150000.0,False,True,True,1,0,0,Oil Paintings,Oil Paintings,Oil on Canvas,Oil on Canvas,,,30 x 40 INCHES,"Ajab khan , I a primarily self taught artist, works persistently in of art. He paints the life around his native area of D l khan which river Indus. His landscapes speaks volumes of his love for nature and process without doubt, his expertise in capturing the exact moment on time thus making it timeless. Though Ajab khan is Master in urdu literature and formally trained in this grace but destingueshed himself as well established landscape Painter. Ajab’s language is “colour” his choice of shades, color, scenery and subject instantly takes the viewer to the erea on which he painted that scene. Ajab has groups and many show to his credit and is collected internationally too.",30.0,40.0,,1200.0,8,681,True
7045,AR-567045,S P L Rehabilitation,s-p-l-rehabilitation,https://artreserves.com/product/s-p-l-rehabilitation/,PKR,8000.0,8000.0,8000.0,False,True,True,1,0,0,Freedom in Jail,Freedom in Jail,Oil on Canvas,Oil on Canvas,,,18 x 24 INCHES,,18.0,24.0,,432.0,20,0,True
934,AR-59934,Kalma,kalma,https://artreserves.com/product/kalma/,PKR,16000.0,16000.0,16000.0,False,True,True,1,0,0,Calligraphy,Calligraphy,3D Acrylic Cutout on Canvas,3D Acrylic Cutout on Canvas,,,12 X 18 INCHES,,12.0,18.0,,216.0,5,0,True
907,AR-49907,Untitled,untitled-2,https://artreserves.com/product/untitled-2/,PKR,42000.0,42000.0,42000.0,False,True,True,1,0,0,Oil Paintings,Oil Paintings,Oil on Wood,Oil on Wood,,,5.5 x 5.5 INCHES,"Farrukh Shahab Date of Birth 1969 Karachi Qualification 1988 Graduated Govt. Commerce College Karachi Works and Live in Karachi Career . Exhibitions Solo Exhibitions: 2011 The Drawing Room Art Gallery Lahore. 2010 Tanzara Art Gallery Islamabad. 2009 Artscene Gallery Karachi. 2008 Croweaters Gallery Lahore. 2007 Zenani Art Gallery Karachi. 2006 Indus Art Gallery Karachi. 2005 Unicorn Art Gallery Karachi. Selected Group Shows (Pakistan) 2012 Koel Gallery Karachi. 2012 Royaat Art Gallery Lahore. 2012 Art Chowk Karachi. 2011 Commune Artist Colony Karachi. 2010 Four person Shows Ocean Gallery Lahore. 2010 Three person show Chowkundi Art Gallery, Karachi. 2009 Chowkundi Art Gallery Karachi. 2008 Four Person Show Collector’s Galleria Lahore. 2008 15 Senior Artist Exhibition Clifton Art Gallery Karachi. 2007 National Art Gallery Islamabad. 2006 Three Person Show Alliance Franciose Karachi. 2005 Kara Film Festival Karachi. 2005 Indus Gallery Karachi. 2005 Ejaz Art Gallery Lahore. 2004 Ejaz Art Gallery Lahore. 2003 Forum For Peace and Democracy Beach Luxury Karachi. 1999 Ahmed Pervaiz Gallery Arts Council Karachi 1995 Quaid-e- Azam Portriat Exhibition. 1994 Quaid-e-Azam Academy Karachi. 1994 Four Person Show Arts Council of Pakistan Karachi. 1994 Sixth National Exhibition PNCA Islamabad. 1992 Four Person Show Ahmed Pervaiz Gallery Karachi. Selected Group (International) 2012 Asia House London UK. 2012 La Galleria Pall Mall UK. 2012 Raddison’s Dhaka. 2011 Alliance Franciose, Singapore. Trination Exhibitions: Blue Water Garden Hotel, Dhaka. Painter’s from SAARC Nation, Dhaka. Alliance Franciose, New Delhi Gallery Pritidev London, UK. Hong Kong Fine Art Gallery, Hong Kong. STC Maurya Sheraton Towers, Delhi.",5.5,5.5,,30.25,8,1723,True
1162,AR-371162,Through the Crevices 1,through-the-crevices-1,https://artreserves.com/product/through-the-crevices-1/,PKR,100000.0,100000.0,100000.0,False,True,True,1,0,0,Paintings,Paintings,Oil Paint and Silver Gliding on Canvas,Oil Paint and Silver Gliding on Canvas,,,24 x 24 INCHES,"Abid Hassan Artist statement: Beyond Science and technology, in the seismographs of imagination lie reasons for another world that we live on top of, a parallel ecosystem that we are discovering by the day. With imperfectly perfect layers of rock, water and a whole new world of species and materials, the inside of the earth we live on is been made. Like the layers on an onion the inside of the earth is layered extensively and separately, yet every layer diffuses within the other. With the warm pink and earthy tones, an aesthetically pleasing design has been put inside the earth and thus it can be said that not just the exterior but the interior of the world that we live on is created with great awe. My artwork does not describe the visible cliched landscapes, but the invisible and undiscovered insides of our world. It is astounding that everything needed for life and to fulfill our energy requirements is embedded in nature, and that we must only discover and invent ways to make use of them. Just like a journey within a person’s inner self, a voyage within the earth we live on is necessary to explore its potential, the amount of energy it has, and the extent to which it is self-reliant and self-sustaining.",24.0,24.0,,576.0,22,1224,True
1154,AR-831154,Self Absorption,self-absorption,https://artreserves.com/product/self-absorption/,PKR,200000.0,200000.0,200000.0,False,True,True,1,0,0,Oil Paintings|Paintings,Oil Paintings,Oil on Canvas,Oil on Canvas,,,18 x 42 INCHES,"Abdul Jabbar Gull was born in 1969 in Mirpurkhas. He completed his BFA in Sculpture from NCA in 1996. Gull has exhibited nationally and internationally ever since. He has several solo and group shows to his credit. From 1998 to 2008 he taught sculpture at the Indus Valley School of Art and Architecture. He is still engaged with various institutes as visiting faculty. Gull has been invited to Fordsburg Residency Program – Johannesburg (2002), VASL International Artists’ Residency – Karachi (2005), Mosan International Stone Sculpture Symposium – Seoul, South Korea, Arrecido Wool Symposium – Spain (2013) (2014) and (2015),. His work is part of collections nationally and internationally. He has done several projects of Sculptures and Paintings for commercial and private sector including the “COINS MURAL” a large 18 ft x 24 ft mural for The State Bank of Pakistan. Metal Sculpture for Head office Faysal Bank Karachi. A huge Metal Installation for Glaxosmitithkline head office, Site Karachi. His work is displayed at CIP lounge at new Islamabad international airport. His work WINGED THOUGHT was chosen and given as an award to international film celebrities at Pakistan international film festival PIFF. He has participated in Karachi Biennale 2017 and 2019. He was part of Islamabad Art Festival IAF. He is also the recipient of Excellence award by Punjab artists association and National Award for sculpture by Pakistan National Council of Arts.",18.0,42.0,,756.0,15,1456,True
2533,AR-542533,Structure Series,structure-series-7,https://artreserves.com/product/structure-series-7/,PKR,63000.0,63000.0,63000.0,False,True,True,1,0,0,Photography,Photography,Archival Print on Archival Paper. Edition 3/5,Archival Print on Archival Paper. Edition 3/5,,,30 x 54 INCHES,"Jamal Ashiqian[ Jamash] Objective To be able to positively contribute to the society and to leave footprints behind for others to follow. Shades & Hues Social Human Rights Activist Voicing against the patriarchic society since early teens, have been actively blogging on social issues taking part in many awareness campaigns / feminist campaigns / educational campaigns with a number of NGOs Trained as a trainer for Digital Story Telling by APC women (www.apcwomen.org/). Produced a number of digital stories and videos for advocacy and activism and a number of campaigns Photography workshop with children from underprivileged section of the society to teach them to express positively. Participated actively in the local (Pakistan) Take Back The Tech campaign. Founding member of NGO, BoloBhi.org Pads Against Sexism campaign for Pakistan Running an international support group for rape survivors since 2009 on Facebook to provide support and link rape survivors to local social services in their respective region. Trained people (Crafters) online in Malaysia &Thailand to take better photographs of their home crafted items to make them look more presentable and sell more effectively online. 1999–2019 Jamash On Random Occasions, Graphics / Web designer Secured third position in the Azadi Competition held by SPIDER (DAWN) in 1999.. Designed websites, and demonstrations for Info train, designed Logos, Brochures, Visiting Cards Demonstrations, Websites and GUI for many software. Designed a logo for a local NGO, PDP Designed product covers and posters and online advertisements campaigns Commercial Photographic insanity Since before 2002 Jamash: http://www.flickr.com/photos/jamash Involved in Photography since early childhood. buying my first digital camera in 2002 and ever since have done mainstream photography for leading local galleries, artists, magazines and NGOs. Worked for GT, women’s Own, and other magazines covered ramp, fashion and social gatherings. Officially covering art exhibitions and social events since year 2007. Art documentation of works by leading artists including Meher Afroze, Abdul jabbar gull, Noorjehan Bilgrami, Amin Gulgee, Adeela sulaman, Naiza khan, Imran Qureshi, Adeel uz zafar, Madiha Sikander, Ahsan Jamal, Asim butt, Usman Gauri and many other leading artists Since Early 2005 Personal Blog: http://Jamash.wordpress.com Scribbling, playing with words Monthly feature Titled Digi- Art for the Spider ( DAWN) magazine, also introduced regular features “ Artist of the Month” and “ Digital Photography Tips” Technology and digital art related articles for Spider ( DAWN) . Blogging since 2005 on social issues, fine arts, city happenings and events, technology and technology events, have also been the city captain, for Karachi Metro Blogs Former Correspondent France24 Online Contributor Art Now Magazine Contributor Humsafar PIA Inflight Magazine Artistic Madness Exhibitions 2009, participating artist in Machar colony Art show at IVSAA Gallery, Karachi. 2010, Participating artist in Art Loot Maar at The Second Floor, Farar Gallery, Karachi 2012, Participating performance artist, in “Love Marriage”, an Amin Gulgee’s performance, part of Band Baja Barat, Curated by Canvas Gallery held at IVSAA Gallery, Karachi 2012, participating artist at KOEL Gallery for the show titled “MAIN” 2012, participating artist at Art Chowk for the show Titled “Portraiture” 2012, participating artist at KSA Gallery, for the show titled “Sketchbooks” 2013, Participating Artist Alchemy Gallery, Lahore. for the digital art show “ Pixels” 2014 , Participating Artist at Alliance Francaise, Karachi , group show “Raison d’etre”. 2015 Art Performance (public) Titled: Objectified, at IVSAA, Fika, Koel, T2F. 2015. Participating Artist, Aghaz- e- Safar, An event by Pursukoon Karachi, Auction for a cause . 2015 Participating artist, ( Performance, interactive and digital work ) “Basiliq”, Held at Sadeqain Gallery, Frere Hall. 2015 Participating artist, “ Birwa ”, Held at Sadeqain Gallery, Frere Hall. 2016 Participating artist “Impact” , at Mövenpick Hotel Gallery, Karachi 2016 Participating artist “Mera Virsa Mera Khazana “ at Sadeqain Gallery, Frere Hall, Karachi. 2017 Participating artist “Inquiry” at Studio 7 Gallery, Karachi . 2017 Solo Exhibition “ Exploring Structures” Studio 7 Gallery, Karachi. 2017 Site Specific installation “The Lost Stories Of The Past” – Karachi Art Summit – at Arts Council, Karachi. 2018, Participating Artist – Group Show – Baad e Saba II , Clifton Art Gallery, Karachi 2018, Participating Artist – Group Show – Pehchaan, Studio 7 Art Gallery, Karachi. 2018, Participating Artist – Group Show – No Filter, Alliance Francaise Gallerey, Karachi. 2019, Exhibition of personal collection – Aks –e-Jamal at Art Chawk Gallery, Karachi Curatorial projects 2016 Curator, “ When I think about my self … “ Group show – Spaces Gallery, Karachi 2017 Curator “ Social Dialogue “ Solo – Mohsin Panjwani – Studio 7 Gallery, Karachi 2017 Curator “ silent noise “ Group show – Studio 7 Gallery, Karachi 2018 Co-curator “Its All About Satire” Five person Show – Studio 7 Gallery, Karachi. 2019 Co-Curator “An Apology To Shaikh Ayaz” Group show, Chawkandi Art Gallery, Karachi 2020 Curator: “Deafening Silence” Group show at Meubels Art Gallery, Karachi. 2020 Curator Karachi Art and Craft Gala 2021, Studio 7 Gallery Karachi 2021 Co_Curator “ Zindagi hai Karachi” Group show at Arts Council, Karachi. 2021 Curator Karachi Art and Craft Gala 2021(spring), Studio 7 Gallery Karachi Awards 1999, International Azadi competition, 3rd price in web designing. By spider and Xiber com. 2010 Best Live PhotoBlogger , “First National Bloggers Awards” 2017 Special Prize Photography “ First Niggah National Art Awards “. Media Newspaper Mentions Interview ( TV guest appearance AAG TV as a photoblogger) Interview ( TV guest appearance Dawn Tv Breakfast With DAWN) Interview ( TV guest appearance Sindh Tv Morning show ) 2015 GLAM Magazine, Article by Manizhe Ali “ Using art for social activism”. 2015, NIGAAH Art Magazine Article by Marjorie Husain “ Leaving Foot Prints Behind For Others To Follow” 2017 Coverage in Biztoday for the show curated at Studio 7 NIGGAH ART TV coverage by Aks-e-Jamal : 2019 Preopening announcement in Biz today for the show “An Apology To Shaikh Ayaz curated at Chawkandi Art Gallery, Karachi . 2019 Coverage in Youlin Magazine for the show “An Apology To Shaikh Ayaz curated at Chawkandi Art Gallery, Karachi. 2019 Coverage in The News for the show “An Apology To Shaikh Ayaz curated at Chawkandi Art Gallery, Karachi. 2019 Coverage in DAWN by Pirzada Salman for the show “An Apology To Shaikh Ayaz” curated at Chawkandi Art Gallery, Karachi. 2019 Coverage in DAWN by Amra Ali for the show “An Apology To Shaikh Ayaz” curated at Chawkandi Art Gallery, Karachi. 2019 Coverage in Art Now for the show “An Apology To Shaikh Ayaz” curated at Chawkandi Art Gallery, Karachi. 2019 Video Coverage by NIGGAH TV for the show “An Apology To Shaikh Ayaz” curated at Chawkandi Art Gallery, Karachi. 2019 article by Eman Saleem covering the show “An Apology To Shaikh Ayaz” in The Mag Weekly magazine August 31 – Sept 6 Year 2019, Edition Formal Education 2001–2005 University of Karachi, Pakistan. Graduated in English, Education and Sociology in 2005. 2000–2005 Others Karachi, Pakistan. Brain Bench Flash 4 certification in year 2000 Six month proficiency certification in E-commerce from Info train in 2001. Achievement certificate for summer art classes from Karachi School Of Art, year 2005 Other bad Habits Cooking, Reading, Collecting antiques, artworks, stamps, coins and books.",30.0,54.0,,1620.0,16,7656,True
897,AR-37897,Al Haadi,al-haadi,https://artreserves.com/product/al-haadi/,PKR,50000.0,50000.0,50000.0,False,True,True,1,0,0,Calligraphy,Calligraphy,Marble,Marble,,,14 x 22 INCHES,"Aqib Faiz I am Aqib Faiz live in Karachi Pakistan. I work as a stone calligrapher and mostly work in semi-precious stones Lapis Lazuli in Mosaic. I also work in oil on canvas, practicing in Farrukh Shahab’s studio since 2013. Exhibitions : • Group show Grandeur Art Gallery Karachi 2013 & 2015 • Group show ‘From here to there’ Artkaam Gallery Karachi 2018 • Group show ‘Sindh Jaa Rang’ Sindh provincial Museum Hyderabad 2018 • Group show Pakistan women festival in the year 2018",14.0,22.0,,308.0,8,479,True
3742,AR-613742,Untitled,untitled-158,https://artreserves.com/product/untitled-158/,PKR,8000.0,8000.0,8000.0,False,True,True,1,0,0,Freedom in Jail,Freedom in Jail,Oil on Canvas,Oil on Canvas,,,18 x 24 INCHES,,18.0,24.0,,432.0,8,0,True
5836,AH04122000,Amid the snowy bed,amid-the-snowy-bed,https://artreserves.com/product/amid-the-snowy-bed/,PKR,10000.0,10000.0,10000.0,False,True,True,,0,0,Oil Paintings|Paintings,Oil Paintings,Oil on Canvas,Oil on Canvas,,,24 X 18 INCHES,A chilling winter scene under a sky full of action and snow covered trees living resting over a bed of snow.,24.0,18.0,,432.0,18,108,True
3065,AR-743065,ALLAH,allah-3,https://artreserves.com/product/allah-3/,PKR,50000.0,50000.0,50000.0,False,True,True,,0,0,Calligraphy,Calligraphy,Oil on Canvas,Oil on Canvas,,,24 X 24 INCHES,“ALLAH” Calligraphy!,24.0,24.0,,576.0,5,20,True
7041,AR-657041,DREAMS,dreams,https://artreserves.com/product/dreams/,PKR,8000.0,8000.0,8000.0,False,True,True,1,0,0,Freedom in Jail,Freedom in Jail,Oil on Canvas,Oil on Canvas,,,18 x 24 INCHES,,18.0,24.0,,432.0,6,0,True
7704,,A Tribute to the Hands that Create,a-tribute-to-the-hands-that-create,https://artreserves.com/product/a-tribute-to-the-hands-that-create/,PKR,22000.0,24000.0,22000.0,True,True,True,,0,0,Crafts,Crafts,,,,,"This mixed-media artwork is a homage to the traditional craftsmanship of Pakistan, celebrating the labor and resilience of artisans, particularly women, who weave, craft, and cultivate. The intricate figure, composed of interwoven stained-glass-like patterns, symbolizes the organic connection between humanity and nature. Surrounding elements—woven baskets, crocheted fabric, and textured cherries—bring a tactile depth, bridging fine art with traditional handmade crafts. By incorporating embroidery and basketry into the composition, this piece not only represents Pakistan’s rich artistic heritage but also redefines Art Deco by integrating organic forms with geometric abstraction. The flourishing vines emerging from the figure embody the endurance of artisanal traditions, evolving yet deeply rooted in cultural identity sizes : 23 x 36 inches",,23.0,36.0,,828.0,34,0,True
6380,AR-676380,Boat landscape,boat-landscape,https://artreserves.com/product/boat-landscape/,PKR,7000.0,7000.0,7000.0,False,True,True,,0,0,Acrylic Paintings|Paintings,Acrylic Paintings,Acrylic on Canvas,Acrylic on Canvas,,,16 X 20 INCHES,Boat Landscape Reflection. My Soul Steers Me Into Natures Silence.,16.0,20.0,,320.0,14,66,True
3520,AR-253520,Untitled,untitled-74,https://artreserves.com/product/untitled-74/,PKR,13000.0,13000.0,13000.0,False,True,True,1,0,0,Freedom in Jail|Oil Paintings,Freedom in Jail,Oil on Canvas,Oil on Canvas,,,20 x 30 INCHES,,20.0,30.0,,600.0,8,0,True
6346,AR-356346,Sufi Dervesh,sufi-dervesh,https://artreserves.com/product/sufi-dervesh/,PKR,30000.0,30000.0,30000.0,False,True,True,1,0,0,Acrylic Paintings|Paintings,Acrylic Paintings,Acrylic on Canvas,Acrylic on Canvas,,,36 X 48 INCHES,Impressed by Sufism. How Ancient Dervesh Stories are all Around the World . It Inspired me by Mulana Romi.    ,36.0,48.0,,1728.0,12,110,True
3569,AR-223569,Untitled,untitled-94,https://artreserves.com/product/untitled-94/,PKR,10000.0,10000.0,10000.0,False,True,True,1,0,0,Freedom in Jail|Oil Paintings,Freedom in Jail,Oil on Canvas,Oil on Canvas,,,18 x 24 INCHES,,18.0,24.0,,432.0,8,0,True
2748,AR-122748,A dream within a dream,a-dream-within-a-dream,https://artreserves.com/product/a-dream-within-a-dream/,PKR,50000.0,50000.0,50000.0,False,True,True,,0,0,Paintings,Paintings,Mix Medium on Paper,Mix Medium on Paper,,,16 X 14 INCHES,"A Dream within A dream This painting is inspired by Edgar Allan Poe poetry “A dream within a dream” Dreams are illusions to an awake mind. But when a dream happens the mind is in a partial or lesser state of consciousness. So, dreams seem real when you are dreaming and it stays real for you until your awareness is triggered. Body has its own triggers to wake you but the mind also has a way to bring you back to reality for cross examination, but we still keep feeding our brains for the things which are just in our dream.",16.0,14.0,,224.0,22,525,True
6979,AR-246979,Aasman Say Gira Khajoor Mai Atka,aasman-say-gira-khajoor-mai-atka,https://artreserves.com/product/aasman-say-gira-khajoor-mai-atka/,PKR,12000.0,12000.0,12000.0,False,True,True,1,0,0,Freedom in Jail,Freedom in Jail,Oil on Canvas,Oil on Canvas,,,24 x 36 INCHES,,24.0,36.0,,864.0,32,0,True
1285,AR-951285,Enlightenment I,enlightenment-i,https://artreserves.com/product/enlightenment-i/,PKR,140000.0,140000.0,140000.0,False,True,True,1,0,0,Paintings,Paintings,Mix Medium on Paper,Mix Medium on Paper,,,15.75 x 15.75 INCHES,"Shumaila Islam Biography Born in Lahore, Pakistan, she is M.Phil in studio Practice Finearts from PUCAD. She has acquired training of calligraphy from CCRS-NCA. She has displayed her work in more than 25 group shows on renowned national art platforms and one calligraphy group show in Turkey. She has been part of artist residency at Shakir Ali Museum in 2018. Her work has been selected for Santorini-Mykonos art fairs Greece 2018 and Izmir Biennale 2019. Currently, she is teaching at University of Education and Sargodha University. Statement Being not confined to a single medium, I categorize myself a visual artist. I have been trained in conventional arts of painting, but did experimentation in my works, maintaining the soul of chosen genre according thought process and concepts. My inspirations stimulate from nature and support me to present all kinds of observations and feelings. I choose representational imagery, recalling all the experiences that are in my subconscious, experimenting with linear elements, which I overlay and deploy in order to create a physical construction with abundant lyricism. Segments of nature are revolved into emotional catharsis as a vital need to express thoughts through a constant methodological and flexible investigation. I try to create images provided with a personal sensibility and originality. They show assured sensations of movement. I am producing art pieces on Wasli using gauche, ink and pointers.",15.75,15.75,,248.0625,15,1458,True
3606,AR-773606,Untitled,untitled-111,https://artreserves.com/product/untitled-111/,PKR,9000.0,9000.0,9000.0,False,True,True,1,0,0,Freedom in Jail,Freedom in Jail,Oil on Canvas,Oil on Canvas,,,18 x 24 INCHES,,18.0,24.0,,432.0,8,0,True
2211,AR-122211,Library of Lahore,library-of-lahore,https://artreserves.com/product/library-of-lahore/,PKR,40000.0,40000.0,40000.0,False,True,True,1,0,0,Paintings,Paintings,Water Color on Paper,Water Color on Paper,,,23 X 23 INCHES,"Shaima Omar is a watercolor artist who started painting as a hobby and quickly this hobby turned into a passion. A passion that led her into exploring the realms of life. Her passion grew with time and along with it her brush strokes matured into master pieces. She paints both, water and land. Water is a mystery for mankind. And this mystery has always intrigued Shaima who has fought her way through all that life threw at her. She explores this mystery by painting the majestic yet the simple sailing boats, “life without a defined purpose is similar to a boat without a crew in the middle of the ocean”. Her purpose in life is to find that definition. She is humbled to present her paintings at international platforms including Italy, Portugal, Urbino, Albania, Maxico and Greece and many other countries as a Pakistani watercolor artist. In future she wants to brush away the ugly misconceptions about Pakistan’s Northern areas and wants the world to conceive the most scenic and charming sights of Pakistan through the extensions of a Pakistani woman’s artistic talents. As the great ruler of Turkey Sultan Mehmet Murad said, “boat is nothing without water and Man without his dreams…”",23.0,23.0,,529.0,17,1193,True
3501,AR-183501,Untitled,untitled-66,https://artreserves.com/product/untitled-66/,PKR,6000.0,6000.0,6000.0,False,True,True,1,0,0,Freedom in Jail|Oil Paintings,Freedom in Jail,Oil on Canvas,Oil on Canvas,,,18 x 24 INCHES,,18.0,24.0,,432.0,8,0,True
1708,AR-581708,Untitled,untitled-15,https://artreserves.com/product/untitled-15/,PKR,660000.0,660000.0,660000.0,False,True,True,1,0,0,Sculptures,Sculptures,Sheesham Wood Carving,Sheesham Wood Carving,,,13 x 28 INCHES,"Sadiq Hussain – Sculpture Art Professional An introduction: I started my career as a wooden sculptor in the field of fine art in 1980-81. Ali Imam Rizvi was quite impressed with my work and started displaying my art in his indus art gallery. Initially, when Ali Imam Rizvi saw my piece of art he said although he doesn’t allow any work from any artist at such young age but he found my work so impressive he not only allowed me to exhibit my art in his gallery but he also encouraged me to work further for his gallery. I was quite lucky to get this breakthrough in the very early age of 17 years. After that there was no ending… I got a lot of work from foreigners. I worked a lot on the bust sculpting. Making a life size horse sculptor for Pakistan Navy is one of my greatest achievements. That piece of art is still displayed as a Monument in NORE-1, Officers Mess. Karachi. I also worked a lot for many local art lovers. Some of the names are Wahab Jaffer, Dr. Sajid , Arif Ashari, Rafiq Parsa, Rais Ahmed Alvi, Dr Amir Butt and Muhammad Ali Dada. Besides that I also have worked for some multinational companies. Personally I have also hold solo exhibitions in November 2008 at V.M art gallery, which also widely covered by print and electronic media. Beside solo exhibition also participated in many leading group shows at indus art gallery, V.M art gallery and canvas art gallery. The specialty of my sculptors is that every art is made in one piece without any joint. Although my main interest is in the wooden sculpting but I have also worked on Fiber Glass, metal, Gandhara stone and camel bone medium. Many of my fiber glass murals have added artistic value to so many buildings. I believe that a true artist cannot sit back and wait for the change…. Hence I am striving to make change. Sadiq Hussain",13.0,28.0,,364.0,8,1812,True
3625,AR-363625,Untitled,untitled-121,https://artreserves.com/product/untitled-121/,PKR,18000.0,18000.0,18000.0,False,True,True,1,0,0,Freedom in Jail,Freedom in Jail,Oil on Canvas,Oil on Canvas,,,18 x 24 INCHES,,18.0,24.0,,432.0,8,0,True
6983,AR-786983,Tiger,tiger,https://artreserves.com/product/tiger/,PKR,8000.0,8000.0,8000.0,False,True,True,1,0,0,Freedom in Jail,Freedom in Jail,Oil on Canvas,Oil on Canvas,,,18 x 24 INCHES,,18.0,24.0,,432.0,5,0,True
932,AR-55932,The Fall,the-fall,https://artreserves.com/product/the-fall/,PKR,40000.0,40000.0,40000.0,False,True,True,1,0,0,Oil Paintings|Paintings,Oil Paintings,Oil on Canvas,Oil on Canvas,,,36 x 36 inches,,36.0,36.0,,1296.0,8,0,True
6368,AR-426368,Hum Nagma Siraa Kuch Ghazlon Ke,hum-nagma-siraa-kuch-ghazlon-ke,https://artreserves.com/product/hum-nagma-siraa-kuch-ghazlon-ke/,PKR,50000.0,50000.0,50000.0,False,True,True,,0,0,Acrylic Paintings|Paintings,Acrylic Paintings,Acrylic on Canvas,Acrylic on Canvas,,,19.5 X 17 INCHES,As a poetry lover.. A ghazal by Nafees Athar had inspired me to paint this piece..this is all there’s to it!,19.5,17.0,,331.5,31,108,True
4659,AR-494659,Oil painting,oil-painting,https://artreserves.com/product/oil-painting/,PKR,10000.0,12000.0,10000.0,True,True,True,1,0,0,Paintings,Paintings,Acrylic on Canvas,Acrylic on Canvas,,,36 X 48 Inches,Hi! The following artwork is an acrylic painting on canavas.Its a sold item but you can place your orders here to get 80%discount on each painting,36.0,48.0,,1728.0,12,146,False
2970,AR-882970,,2970,https://artreserves.com/product/2970/,PKR,18500.0,18500.0,18500.0,False,True,True,,0,0,Oil Paintings|Paintings,Oil Paintings,Oil on Canvas,Oil on Canvas,,,8 X 12 INCHES,"A handmade Abstract Oil Painting done creatively with an eye-catching combination of background and foreground theme. Depiction of Imaginary feelings. Best for wall hang use at different spaces. Conceptual Artwork. Size: 20cm (W) x 30cm (H) x 2cm (D) Can be framed as per desired theme. This is a Hand Made painting made by myself, an Artist with having a Bachelor’s degree in BFA. Shipping fee ois applicable",8.0,12.0,,96.0,0,409,True
4692,AR-464692,Village life,village-life,https://artreserves.com/product/village-life/,PKR,15000.0,15000.0,15000.0,False,True,True,,0,0,Oil Paintings|Paintings,Oil Paintings,Oil on Canvas,Oil on Canvas,,,30 X 18 INCHES,This is my village life painting of a lady with her daughter as their is only source of water in village from where they take water to their homes.,30.0,18.0,,540.0,12,147,True
3474,AR-673474,Untitled,untitled-55,https://artreserves.com/product/untitled-55/,PKR,10000.0,10000.0,10000.0,False,True,True,1,0,0,Freedom in Jail|Oil Paintings,Freedom in Jail,Oil on Canvas,Oil on Canvas,,,18 x 24 INCHES,,18.0,24.0,,432.0,8,0,True
4298,AR-384298,An Affair To Remember,an-affair-to-remember,https://artreserves.com/product/an-affair-to-remember/,PKR,50000.0,55000.0,50000.0,True,True,True,,0,0,Paintings,Paintings,Gouache Teawash and Gold on Wasli,Gouache Teawash and Gold on Wasli,,,14 X 10 INCHES,,14.0,10.0,,140.0,21,0,True
4166,AR-174166,Female Wallet (Freedom In Jail),174166,https://artreserves.com/product/174166/,PKR,2000.0,2000.0,2000.0,False,True,True,1,0,0,Crafts,Crafts,Moti Work,Moti Work,,,RS 2000 PER PIECE.,,,,,,31,0,True
3423,AR-453423,Untitled,untitled-33,https://artreserves.com/product/untitled-33/,PKR,40000.0,40000.0,40000.0,False,True,True,1,0,0,Freedom in Jail,Freedom in Jail,Embroidery &amp; Oil On Canvas,Embroidery &amp; Oil On Canvas,,,24 x 36 INCHES,,24.0,36.0,,864.0,8,0,True
7623,AR-377623,,abrar-ahmad-oil-on-board-12-by-12-inches,https://artreserves.com/product/abrar-ahmad-oil-on-board-12-by-12-inches/,PKR,55000.0,55000.0,55000.0,False,True,True,1,0,0,Oil Paintings,Oil Paintings,oil on board,oil on board,,,12 x 12 inches,Abrar Ahmad-Oil on Board 12 by 12 inches.,12.0,12.0,,144.0,0,41,True
4039,AR-644039,Hanging Flowers,hanging-flowers,https://artreserves.com/product/hanging-flowers/,PKR,35000.0,35000.0,35000.0,False,True,True,,0,0,Acrylic Paintings|Paintings,Acrylic Paintings,Acrylic on Canvas,Acrylic on Canvas,,,36 X 24 INCHES,,36.0,24.0,,864.0,15,0,True
4059,AR-524059,Moon Series,moon-series,https://artreserves.com/product/moon-series/,PKR,1500.0,1500.0,1500.0,False,True,True,1,0,0,Acrylic Paintings|Paintings,Acrylic Paintings,Acrylic on Canvas,Acrylic on Canvas,,,6 x 8 INCHES,,6.0,8.0,,48.0,11,0,True
6805,AR-216805,Kun faya kun,kun-faya-kun,https://artreserves.com/product/kun-faya-kun/,PKR,6500.0,6500.0,6500.0,False,True,True,,0,0,Drawings,Drawings,Pencil on Paper,Pencil on Paper,,,15 X 18 INCHES,Color Pencil on Watercolor Paper!,15.0,18.0,,270.0,12,33,True
1278,AR-441278,Dowry,dowry,https://artreserves.com/product/dowry/,PKR,115000.0,115000.0,115000.0,False,True,True,1,0,0,Paintings,Paintings,Gouache on Wasli,Gouache on Wasli,,,9.06 x 14.96 INCHES,"Shumaila Islam Biography Born in Lahore, Pakistan, she is M.Phil in studio Practice Finearts from PUCAD. She has acquired training of calligraphy from CCRS-NCA. She has displayed her work in more than 25 group shows on renowned national art platforms and one calligraphy group show in Turkey. She has been part of artist residency at Shakir Ali Museum in 2018. Her work has been selected for Santorini-Mykonos art fairs Greece 2018 and Izmir Biennale 2019. Currently, she is teaching at University of Education and Sargodha University. Statement Being not confined to a single medium, I categorize myself a visual artist. I have been trained in conventional arts of painting, but did experimentation in my works, maintaining the soul of chosen genre according thought process and concepts. My inspirations stimulate from nature and support me to present all kinds of observations and feelings. I choose representational imagery, recalling all the experiences that are in my subconscious, experimenting with linear elements, which I overlay and deploy in order to create a physical construction with abundant lyricism. Segments of nature are revolved into emotional catharsis as a vital need to express thoughts through a constant methodological and flexible investigation. I try to create images provided with a personal sensibility and originality. They show assured sensations of movement. I am producing art pieces on Wasli using gauche, ink and pointers.",9.06,14.96,,135.53760000000003,5,1458,True
3674,AR-943674,Untitled,untitled-137,https://artreserves.com/product/untitled-137/,PKR,10000.0,10000.0,10000.0,False,True,True,1,0,0,Freedom in Jail,Freedom in Jail,Oil on Canvas,Oil on Canvas,,,18 x 24 INCHES,,18.0,24.0,,432.0,8,0,True
5667,AR-855667,Calligraphy,calligraphy-2,https://artreserves.com/product/calligraphy-2/,PKR,3000.0,3000.0,3000.0,False,True,True,,0,0,Calligraphy,Calligraphy,Oil and Acrylic on Canvas,Oil and Acrylic on Canvas,,,12 X 24 INCHES,,12.0,24.0,,288.0,11,0,True
4724,AR-714724,Thar inspired,thar-inspired,https://artreserves.com/product/thar-inspired/,PKR,15000.0,15000.0,15000.0,False,True,True,,0,0,Paintings,Paintings,Acrylic on Canvas,Acrylic on Canvas,,,24 X 36 INCHES,Its acrylics on cotton canvas . Palette knife technique Once I went to Sindh dessert Thar there in a silent dessert when it rained the girls starting dancing on the typical Sindhi style. Which is also a symbol of hospitality of that culture.,24.0,36.0,,864.0,13,241,True
3581,AR-613581,Untitled,untitled-100,https://artreserves.com/product/untitled-100/,PKR,10000.0,10000.0,10000.0,False,True,True,1,0,0,Freedom in Jail|Oil Paintings,Freedom in Jail,Oil on Canvas,Oil on Canvas,,,12 x 18 INCHES,,12.0,18.0,,216.0,8,0,True
5133,AR-845133,Allah,allah-4,https://artreserves.com/product/allah-4/,PKR,35000.0,35000.0,35000.0,False,True,True,1,0,0,Oil Paintings|Paintings,Oil Paintings,Oil on Canvas,Oil on Canvas,,,14 X 12 INCHES,,14.0,12.0,,168.0,5,0,True
1203,AR-691203,The Yellow Door,the-yellow-door-6,https://artreserves.com/product/the-yellow-door-6/,PKR,15000.0,15000.0,15000.0,False,True,True,1,0,0,Paintings,Paintings,Acrylic on Canvas,Acrylic on Canvas,,,18 x 24 INCHES,,18.0,24.0,,432.0,15,0,True
6962,AR-526962,Eagle,eagle,https://artreserves.com/product/eagle/,PKR,15000.0,15000.0,15000.0,False,True,True,1,0,0,Freedom in Jail,Freedom in Jail,Oil on Canvas,Oil on Canvas,,,24 x 30 INCHES,,24.0,30.0,,720.0,5,0,True
2963,AR-732963,Loh-e-Qurani,loh-e-qurani-calligraphy-painting-on-a-stretched-canvas-60cm-x-40cm-x-2cm-handmade-painting-in-oil-medium,https://artreserves.com/product/loh-e-qurani-calligraphy-painting-on-a-stretched-canvas-60cm-x-40cm-x-2cm-handmade-painting-in-oil-medium/,PKR,35000.0,35000.0,35000.0,False,True,True,,0,0,Calligraphy,Calligraphy,Oil on Canvas,Oil on Canvas,,,24 X 16 INCHES,"This is an Arabic Calligraphy well known as “Louh-e-Qurani / Quranic Words” made up with a vibrant and attractive background colour theme. Calligraphy Painting on a Stretched Canvas, 60cm x 40cm x 2cm, Handmade Painting in Oil Medium The Canvas size is measured as 60cm (24in) x 40cm (16in) x 2cm (0.8in). All four edges are painted with the same colour pattern to maintain symmetry in the painting. The canvas is ready to hang as it is. Although You can add a frame according to your room theme if you wish so. Easy to Hang on Wall with Hook. Unique and attractive Colour theme. This is a Hand Made painting made by myself, an Artist with having a Bachelor’s degree in BFA.",24.0,16.0,,384.0,12,674,True
5178,AR-385178,Dreamer,dreamer,https://artreserves.com/product/dreamer/,PKR,4999.0,8000.0,4999.0,True,True,True,,0,0,Acrylic Paintings|Paintings,Acrylic Paintings,Acrylic on Canvas,Acrylic on Canvas,,,12 X 12 INCHES,“No one has ever achieved greatness without dreams.” Dream big!,12.0,12.0,,144.0,7,63,True
3477,AR-593477,Untitled,untitled-56,https://artreserves.com/product/untitled-56/,PKR,12000.0,12000.0,12000.0,False,True,True,1,0,0,Freedom in Jail,Freedom in Jail,Pencil Work,Pencil Work,,,20 x 30 INCHES,,20.0,30.0,,600.0,8,0,True
7084,AR-187084,Going home in the rain,going-home-in-the-rain,https://artreserves.com/product/going-home-in-the-rain/,PKR,45000.0,45000.0,45000.0,False,True,True,,0,0,Oil Paintings|Paintings,Oil Paintings,Oil Paint On Acrylic Paper,Oil Paint On Acrylic Paper,,,22 X 15 INCHES,“Going home in the rain” is a beautiful cityscape created on heavy textured base(gesso) using palette knife with oils only. It is mounted with thick white paper and further framed with burnt sienna colored frame.,22.0,15.0,,330.0,22,212,True
3552,AR-153552,Untitled,untitled-87,https://artreserves.com/product/untitled-87/,PKR,20000.0,20000.0,20000.0,False,True,True,1,0,0,Freedom in Jail|Oil Paintings,Freedom in Jail,Oil on Canvas,Oil on Canvas,,,20 x 30 INCHES,,20.0,30.0,,600.0,8,0,True
3601,AR-183601,Untitled,untitled-110,https://artreserves.com/product/untitled-110/,PKR,7000.0,7000.0,7000.0,False,True,True,1,0,0,Freedom in Jail,Freedom in Jail,Oil on Canvas,Oil on Canvas,,,18 x 24 INCHES,,18.0,24.0,,432.0,8,0,True
7360,AR-457360,Zaviya,zaviya,https://artreserves.com/product/zaviya/,PKR,20000.0,20000.0,20000.0,False,True,True,,0,0,Oil Paintings,Oil Paintings,Oil on Canvas,Oil on Canvas,,,18 X 24 INCHES,There are always different ways to see things. Beauty can be found in Rusty and Useless objects with just a slightly change of perception.,18.0,24.0,,432.0,6,138,True
6291,AR-246291,Power of Horse,power-of-horse,https://artreserves.com/product/power-of-horse/,PKR,4000.0,4500.0,4000.0,True,True,True,,0,0,Acrylic Paintings,Acrylic Paintings,3D Acrylic Cutout on Acrylic Sheet,3D Acrylic Cutout on Acrylic Sheet,,,21 X 27 INCHES,Painted on Canson Sheet. Available Without Frame. Will be Delivered in Tube. Size : 27 × 21 Inches. Black and white.,21.0,27.0,,567.0,14,116,True
1700,AR-581700,Untitled,untitled-12,https://artreserves.com/product/untitled-12/,PKR,35000.0,35000.0,35000.0,False,True,True,1,0,0,Paintings,Paintings,Water Color on Paper,Water Color on Paper,,,12.5 x 22.5 INCHES,"Arif Ansari When I was doing my Bachelor’s in Fine Arts I explored various mediums but my heart was set on water colour. I loved the versatility and the smooth flow of the colours as they merged on my palette. Additionally I was deeply touched and inspired by the works of late Mr. Zahin Ahmed and Mr. A.Q. Arif. Their style and subject matter appealed to me and I started to work in the same medium. Later I also had the opportunity to meet and work with Mr. Ali Sajid the world renowned artist. He guided me and helped me develop and evolve my style further. Nature has been the muse of countless artists through the ages and still continues to be. My heart has always been drawn to nature, as a child I loved exploring and taking long walks in the uncharted forests. Therefore when I began to paint there was no doubt in my mind what my subject matter would be.",12.5,22.5,,281.25,8,864,True
4652,HB Art 004,Still life,still-life,https://artreserves.com/product/still-life/,PKR,6000.0,7000.0,6000.0,True,True,True,1,0,0,Paintings,Paintings,Water Color on Paper,Water Color on Paper,,,6 X 8 Inches,Hi! The following painting has been created with poster and water color on sheet. Its available with a discount price 6000pkr,6.0,8.0,,48.0,10,125,True
3467,AR-213467,Untitled,untitled-52,https://artreserves.com/product/untitled-52/,PKR,10000.0,10000.0,10000.0,False,True,True,1,0,0,Freedom in Jail|Oil Paintings,Freedom in Jail,Oil on Canvas,Oil on Canvas,,,18 x 24 INCHES,,18.0,24.0,,432.0,8,0,True
925,AR-38925,Digital Age,digital-age,https://artreserves.com/product/digital-age/,PKR,40000.0,40000.0,40000.0,False,True,True,1,0,0,Oil Paintings,Oil Paintings,Oil on Canvas,Oil on Canvas,,,36 x 36 INCHES,,36.0,36.0,,1296.0,11,0,True
6974,AR-986974,Imran Khan,imran-khan,https://artreserves.com/product/imran-khan/,PKR,15000.0,15000.0,15000.0,False,True,True,1,0,0,Freedom in Jail,Freedom in Jail,Pencil Work,Pencil Work,,,18x 12 INCHES,,18.0,12.0,,216.0,10,0,True
7727,,Abdul Hameed Oil on canvas- 20&#215;20 inches,abdul-hameed-oil-on-canvas-20x20-inches,https://artreserves.com/product/abdul-hameed-oil-on-canvas-20x20-inches/,PKR,35000.0,35000.0,35000.0,False,True,True,,0,0,,,,,,,,This painting is framed.,,,,,45,24,True
3007,AR-423007,Untitled,untitled-30,https://artreserves.com/product/untitled-30/,PKR,15000.0,20000.0,15000.0,True,True,True,1,0,0,Paintings,Paintings,Mix Medium on Paper,Mix Medium on Paper,,,14 X 20 INCHES,"In this artwork, I have worked on Negro child through mix media and composed it with different recycled materials. I have composed Negro child through collage work of different raw materials. Here, I have tried depicting that “beauty doesn`t really lie in color or race, instead it lies within human soul”. So with this concept, I have showed innocence, purity and simplicity in my art work and that`s the real face of beauty, I believe.",14.0,20.0,,280.0,8,437,True
5859,AH04122003,When it rains,when-it-rains,https://artreserves.com/product/when-it-rains/,PKR,25000.0,25000.0,25000.0,False,True,True,,0,0,Oil Paintings|Paintings,Oil Paintings,Oil on Canvas,Oil on Canvas,,,18 X 24 INCHES,"An Abstract cityscape describing the view of a street after rain, the foggy silhouette of buildings, the grey and black structures and car headlights reflecting over the roads giving a beautiful rainy vibe and calm feeling.",18.0,24.0,,432.0,13,223,True
1153,AR-571153,Malang,malang-4,https://artreserves.com/product/malang-4/,PKR,70000.0,70000.0,70000.0,False,True,True,1,0,0,Paintings,Paintings,Water Color on Paper,Water Color on Paper,,,22 x 30 INCHES,,22.0,30.0,,660.0,6,0,True
7014,AR-727014,UNTITLED,untitled-183,https://artreserves.com/product/untitled-183/,PKR,12000.0,12000.0,12000.0,False,True,True,1,0,0,Freedom in Jail,Freedom in Jail,Oil on Canvas,Oil on Canvas,,,20 x 30 INCHES,,20.0,30.0,,600.0,8,0,True
6810,AR-946810,Darvaish,darvaish,https://artreserves.com/product/darvaish/,PKR,6000.0,6000.0,6000.0,False,True,True,,0,0,Drawings,Drawings,Pencil on Paper,Pencil on Paper,,,15 X 18 INCHES,Charcoal Pencil on Watercolor Paper!,15.0,18.0,,270.0,8,36,True
6148,AR-126148,serenity,serenity,https://artreserves.com/product/serenity/,PKR,15000.0,15000.0,15000.0,False,True,True,,0,0,Oil Paintings,Oil Paintings,Oil Paint On Canvas,Oil Paint On Canvas,,,18 X 12 INCHES,A Beautiful Serenity Painting!,18.0,12.0,,216.0,8,30,True
3535,AR-863535,Untitled,untitled-80,https://artreserves.com/product/untitled-80/,PKR,8000.0,8000.0,8000.0,False,True,True,1,0,0,Freedom in Jail|Oil Paintings,Freedom in Jail,Oil on Canvas,Oil on Canvas,,,18 x 24 INCHES,,18.0,24.0,,432.0,8,0,True
2077,AR-762077,Vintage Table Clock Round Glass Frame with Brass Body Working Condition Made in Germany,vintage-table-clock-round-glass-frame-with-brass-body-working-condition-made-in-germany,https://artreserves.com/product/vintage-table-clock-round-glass-frame-with-brass-body-working-condition-made-in-germany/,PKR,16000.0,16000.0,16000.0,False,True,True,1,0,0,Crafts,Crafts,Brass with Glass Frame,Brass with Glass Frame,,,8 × 12 INCHES,,8.0,12.0,,96.0,87,0,True
3635,AR-333635,Untitled,untitled-124,https://artreserves.com/product/untitled-124/,PKR,10000.0,10000.0,10000.0,False,True,True,1,0,0,Freedom in Jail,Freedom in Jail,Oil on Canvas,Oil on Canvas,,,18 x 24 INCHES,,18.0,24.0,,432.0,8,0,True
3969,AR-183969,Figurative Tree,figurative-tree,https://artreserves.com/product/figurative-tree/,PKR,20000.0,20000.0,20000.0,False,True,True,,0,0,Acrylic Paintings|Paintings,Acrylic Paintings,Acrylic on Canvas,Acrylic on Canvas,,,18 X 24 INCHES,,18.0,24.0,,432.0,15,0,True
7725,,Nesar Ahmad-oil on canvas 12&#215;18 inches,nesar-ahmad-oil-on-canvas-12x18-inches,https://artreserves.com/product/nesar-ahmad-oil-on-canvas-12x18-inches/,PKR,30000.0,30000.0,30000.0,False,True,True,,0,0,,,,,,,,This painting is framed,,,,,43,23,True
2990,AR-582990,Wrecked,wrecked,https://artreserves.com/product/wrecked/,PKR,15000.0,20000.0,15000.0,True,True,True,1,0,0,Paintings,Paintings,Water Color on Paper,Water Color on Paper,,,14 X 20 INCHES,The name Karachi first appeared on a document in 1742 of a Dutch merchant ship `de Ridderkerk’ belonging to the Dutch East India Company when it was shipwrecked along its coast.,14.0,20.0,,280.0,7,177,True
3205,AR-133205,Around me,around-me,https://artreserves.com/product/around-me/,PKR,50000.0,50000.0,50000.0,False,True,True,,0,0,Paintings,Paintings,Water Color on Paper,Water Color on Paper,,,18 X 21 INCHES,"I was born in Lodhran district of Multan division. I work in watercolor media. I learned from International School of painting of Peshawar. I paint most of the things around me. Next to my house is the Sutlej river I like to paint boats on the river. also, I enjoy painting natural things in my village. Watercolor is a difficult medium. I really enjoy working in it. I am always looking for something new. I keep on searching so that people can enjoy my painting as much as possible • • Date of birth 15-05-1984 Exhibitions • Group Show Break in the clouds artscene Art Gallery karachi 2021 • Group Show watercolor Ijaz Art Gallery Lahore 2020. • Group show watercolor Mussawir Art gallery Lahore 2019. • Group show 33 Annual Exhibition Alhamra Art Gallery Lahore 2019. • Group show watercolor Full Circle Gallery Karachi 2019. • Group show watercolor Art scene galleries Karachi 2018. • Group show watercolor Gallery 6 Islamabad 2018. • Group show 32 Annual Exhibition Alhamra Art Gallery Lahore 2018. • • International watercolor society group show 2 Albania Bainnel Albania 2017 International watercolor society group show 2 India Bainnel India 2017 • Group show watercolor Coopera Art Gallery Lahore 2016 • Awards & Certificates • Selected as a top 100 artist in iws bangladesh 1st online juried watercolor competition (certificate 2021) • International watercolor society best watercolor portrait painting award Contest 2019-2020. • International watercolor society Pakistani Artist Award Contest 2016 (Gold medal)• 1st international largest painting Islamabad participation certificate 2016. • Funny Khidmat award bait ul fan of Calligraphy Bahawalpur 2016-2017. • True hues of Khyber Pakhtunkhwa 1st largest painting Peshawar participation certificate 2016. • Certificate Outstanding craftsmanship in the field of oil and colour painting (Major General General Officer Commanding Muhammad Shafique) 2015. • Certificate Outstanding Painting in TFWC (Brigadier Commander Dilawar Khan) 2014.. • Membership. Member of National artist association of Pakistan” • I was born in Lodhran district of Multan division. I work in watercolor media. I learned from International School of painting of Peshawar. I paint most of the things around me. Next to my house is the Sutlej river I like to paint boats on the river. also, I enjoy painting natural things in my village. Watercolor is a difficult medium. I really enjoy working in it. I am always looking for something new.I keep on searching so that people can enjoy my painting as much as possible • • Date of birth 15-05-1984 Exhibitions • Group Show Break in the clouds artscene Art Gallery karachi 2021 • Group Show watercolor Ijaz Art Gallery Lahore 2020. • Group show watercolor Mussawir Art gallery Lahore 2019. • Group show 33 Annual Exhibition Alhamra Art Gallery Lahore 2019. • Group show watercolor Full Circle Gallery Karachi 2019. • Group show watercolor Art scene galleries Karachi 2018. • Group show watercolor Gallery 6 Islamabad 2018. • Group show 32 Annual Exhibition Alhamra Art Gallery Lahore 2018. • • International watercolor society group show 2 Albania Bainnel Albania 2017 International watercolor society group show 2 India Bainnel India 2017 • Group show watercolor Coopera Art Gallery Lahore 2016 • Awards & Certificates • Selected as a top 100 artist in iws bangladesh 1st online juried watercolor competition (certificate 2021) • International watercolor society best watercolor portrait painting award Contest 2019-2020. • International watercolor society Pakistani Artist Award Contest 2016 (Gold medal)• 1st international largest painting Islamabad participation certificate 2016. • Funny Khidmat award bait ul fan of Calligraphy Bahawalpur 2016-2017. • True hues of Khyber Pakhtunkhwa 1st largest painting Peshawar participation certificate 2016. • Certificate Outstanding craftsmanship in the field of oil and colour painting (Major General General Officer Commanding Muhammad Shafique) 2015. • Certificate Outstanding Painting in TFWC (Brigadier Commander Dilawar Khan) 2014.. • Membership. Member of National artist association of Pakistan.",18.0,21.0,,378.0,9,4126,True
3690,AR-623690,Untitled,untitled-145,https://artreserves.com/product/untitled-145/,PKR,7000.0,7000.0,7000.0,False,True,True,1,0,0,Freedom in Jail,Freedom in Jail,Oil on Canvas,Oil on Canvas,,,18 x 18 INCHES,,18.0,18.0,,324.0,8,0,True
3396,TA97043,Surah Al Rahman,surah-al-rahman,https://artreserves.com/product/surah-al-rahman/,PKR,17600.0,17600.0,17600.0,False,True,True,,0,0,Calligraphy,Calligraphy,Acrylic and Mix Media on Canvas,Acrylic and Mix Media on Canvas,,,36 X 24 INCHES,An Oil Painting of Surah Al Rahman (complete) on a 3×2 ft. canvas. An eye-catching calligraphy oil painting with sharp and vibrant colors available on a ready to hang canvas .,36.0,24.0,,864.0,15,175,True
4112,AR-224112,Key Chain (Freedom In Jail),224112,https://artreserves.com/product/224112/,PKR,500.0,500.0,500.0,False,True,True,1,0,0,Crafts,Crafts,Moti Work,Moti Work,,,500 RS PER PIECE.,,,,,,27,0,True
3592,AR-923592,Untitled,untitled-105,https://artreserves.com/product/untitled-105/,PKR,10000.0,10000.0,10000.0,False,True,True,1,0,0,Freedom in Jail,Freedom in Jail,Oil on Canvas,Oil on Canvas,,,18 x 24 INCHES,,18.0,24.0,,432.0,8,0,True
7396,AR-447396,Calm in the Chaos,calm-in-the-chaos,https://artreserves.com/product/calm-in-the-chaos/,PKR,40000.0,40000.0,40000.0,False,True,True,1,0,0,Oil Paintings,Oil Paintings,Oil on Canvas,Oil on Canvas,,,18 X 24 INCHES,Calm in the chaos.,18.0,24.0,,432.0,17,18,True
5186,AR-745186,Blossom trees in a park,blossom-trees-in-a-park,https://artreserves.com/product/blossom-trees-in-a-park/,PKR,85000.0,85000.0,85000.0,False,True,True,,0,0,Oil Paintings|Paintings,Oil Paintings,Oil on Canvas,Oil on Canvas,,,30 X 24 INCHES,I love to paint in bright colour and my paintings are more alive/stylised in style. I paint in oil and use good quality of canvas.,30.0,24.0,,720.0,23,130,True
2075,AR-422075,Antique Door Stopper Material Iron,antique-door-stopper-material-iron,https://artreserves.com/product/antique-door-stopper-material-iron/,PKR,3500.0,3500.0,3500.0,False,True,True,1,0,0,Crafts,Crafts,Iron,Iron,,,6 × 7 INCHES,,6.0,7.0,,42.0,34,0,True
6733,AR-726733,TALES,tales,https://artreserves.com/product/tales/,PKR,10500.0,11500.0,10500.0,True,True,True,1,0,0,Acrylic Paintings|Paintings,Acrylic Paintings,Acrylic on Canvas,Acrylic on Canvas,,,21 X 21 INCHES,,21.0,21.0,,441.0,5,0,True
2569,AR-132569,THOUGHTS FROM THE CELESTIAL REALM,thoughts-from-the-celestial-realm-4,https://artreserves.com/product/thoughts-from-the-celestial-realm-4/,PKR,175000.0,175000.0,175000.0,False,True,True,1,0,0,Sculptures,Sculptures,Brass Gold and Resin,Brass Gold and Resin,,,15 x 15 x 20 INCHES,,15.0,15.0,20.0,225.0,33,0,True
3469,AR-393469,Untitled,untitled-53,https://artreserves.com/product/untitled-53/,PKR,8000.0,8000.0,8000.0,False,True,True,1,0,0,Freedom in Jail|Oil Paintings,Freedom in Jail,Oil on Canvas,Oil on Canvas,,,18 x 24 INCHES,,18.0,24.0,,432.0,8,0,True
3870,AR-743870,Maires Acrylic Burnt Sienna Color 75ML,maires-acrylic-burnt-sienna-color-75ml,https://artreserves.com/product/maires-acrylic-burnt-sienna-color-75ml/,PKR,310.0,350.0,310.0,True,True,True,,0,0,Acrylic Paints|Art Supplies,Acrylic Paints,acrylic paint|maries|maries acrylic color|paints,acrylic paint,,,No.684,,,,,,38,0,False
4098,AR-694098,Key Chain (Freedom In Jail),694098,https://artreserves.com/product/694098/,PKR,400.0,400.0,400.0,False,True,True,1,0,0,Crafts,Crafts,Moti Work,Moti Work,,,400 RS PER PIECE.,,,,,,27,0,True
1887,AR-851887,North Series,north-series,https://artreserves.com/product/north-series/,PKR,45000.0,45000.0,45000.0,False,True,True,1,0,0,Paintings,Paintings,Water Color on Paper,Water Color on Paper,,,15 x 20 INCHES,"Ali Sajid Academic Qualifications: Bachelors in Fine arts, University of Peshawar, Pakistan (gold medalist) 2002. Masters in Fine arts University of Peshawar, Pakistan, 2004. Courses: -Advance courses in painting and sketching from Singapore 2011. -Worked with Urban sketchers Singapore 2011. -Worked with Urban Sketchers Tokyo,Japan 2013. ￼Awards and Acknowledgments: -1st prize International watercolor festival Dubai, UAE, 2018. -Awarded by Global Association Of Watercolor artists, contest 2018. -“National Heros of Peshawar” award by govt of KP Pakistan 2017. -Landscape Artist Award, Albania Biennale, 2017. -Daniel Smith watercolor Award, Fabriano Italy, 2016. -“Living Human Treasure Award” by Government of KP Pakistan, 2016. Several National level Awards including All Pakistan SS Hyder award and Gulgee Awards. Juried: 2016-17 Jury Member and Examiner IWS Turkey Golden Brush Contest at Gaziantep, Turkey. Jury Member of IWS Arab Nations Contest at Dubai. Jury Member of IWS Pakistan International Watercolor Contest at Islamabad. Organisations: -2016 Organized IWS Largest Cultural Paintings Exhibition of KP Province at Nishter Hall, Peshawar. -Organized Pakistan’s First Largest Watercolor Painting Exhibition at Pak-China Center Islamabad, Pakistan. Exhibitions: -Solo Exhibition at Native Art Gallery Lahore 2015. -Solo Exhibition at Pak-China Friendship Center Islamabad Pakistan 2016. -Solo show at nomads art gallery Islamabad 2020. -Group Shows at Ejaz art gallery, Artscene gallery, Art kaam gallery, 2014-2018 Pakistan. -Group Show at Fabriano, Italy. -Group Show IWS India Biennale at New Delhi, India. -Group Show at Urbino, Italy. -Group Show IWS Hong Kong Biennale at Hong Kong. -Group Show Albania Biennale Tirana at Albania. Work Experience: -Assistant Professor at Sarhad University of Science & Technology Peshawar. -Visiting faculty in the capacity of Assistant Professor at Abdul Wali Khan University, Mardan. -Worked with Urban Sketchers Tokyo, Japan from 2012-14. -Worked as a Creative Director at Info art network Singapore from 2008 to 2012. -Served as a faculty at Institute of Fine Arts, University of Peshawar, from 2004 to 2008. Other Achievements: 2013-2017 Resource Person and Conducted Series of Seminars on Art and Painting at Art and Design Department University of Peshawar. 2016 Conducted Seminar on Creative Art at Sarhad University Peshawar. 2015-16 Conducted Painting Workshops at Benazir University Peshawar. 2014-16 Conducted Painting Workshops at Sadiq Women University, Bahawalpur. 2008-16 Conducted Seminars at Women University Swabi. 2007-2017 Demonstrated Live Painting in Italy, Dubai, Japan, Singapore and Pakistan. Artwork Displayed and Collected: Collected and displayed at Head office of UNESCO. Paintings collected by UNHCR office. Paintings collected and by Fabriano Museum, Italy. Landscapes collected and displayed by Urbino Museum, Italy. Artwork and Paintings of Army Forts collected and displayed by 11 Corps Headquarter. Painting and Art Work on culture and old Peshawar city displayed and collected by the Chief Minister House Khyber Pakhtunkhwa. Workshops Conducted: Severl workshops conducted in Pakistan and abroad.",15.0,20.0,,300.0,12,3189,True
4734,AR-144734,Sufi calligraphy,sufi-calligraphy,https://artreserves.com/product/sufi-calligraphy/,PKR,12000.0,12000.0,12000.0,False,True,True,,0,0,Acrylic Paintings|Calligraphy|Paintings,Acrylic Paintings,Acrylic and Pen on Canvas,Acrylic and Pen on Canvas,,,16 X 24 INCHES,"Dervesh calligraphy. Of the numerous orders of Islam, Sufism is defined as the inner and mystical dimension. The Mevlevi Order was formed in 1312 in the Turkish city of Konya (formerly the capital of the Anatolian Seljuk Sultanate) by the followers of the 13th century Persian poet, Islamic theologian, and Sufi mystic Jalāl Ud- Dīn Muhammad Rūmī (or Mevlânâ). Organized by Mevlânâ’s son, Sultan Walad, the order in Konya soon began to expand into other towns with appointed leaders, and in its heyday there were 114 tekke (monasteries) established throughout the Ottoman Empire, including ones in Belgrade, Athens, Cairo, Mecca, Baghdad, Damascus, and Tabriz. With the fall of the Ottoman Empire after WWI, the Sufi organizations were declared illegal, and the tekkes were either closed down, adapted into mosques, or turned into museums. Two of the most important remaining Mevlevihane are the ones in Konya (where Mevlânâ is buried) and the Galata Mevlevihanesi in Istanbul. By 1953 public performances of the Mevlevi Sema, or the Whirling Prayer Ceremony, were permitted by the Turkish government, and soon large crowds came from all over the world to watch displays organized by the Ministry of Culture and Tourism.",16.0,24.0,,384.0,16,1220,True
3492,AR-743492,Untitled,untitled-63,https://artreserves.com/product/untitled-63/,PKR,100000.0,100000.0,100000.0,False,True,True,1,0,0,Freedom in Jail,Freedom in Jail,Embroidery,Embroidery,,,38 x 32 INCHES,,38.0,32.0,,1216.0,8,0,True
4170,AR-654170,Female Wallet (Freedom In Jail),654170,https://artreserves.com/product/654170/,PKR,2000.0,2000.0,2000.0,False,True,True,1,0,0,Crafts,Crafts,Moti Work,Moti Work,,,RS 2000 PER PIECE.,,,,,,31,0,True
4148,AR-734148,Key Chain (Freedom In Jail),734148,https://artreserves.com/product/734148/,PKR,800.0,800.0,800.0,False,True,True,1,0,0,Crafts,Crafts,Moti Work,Moti Work,,,RS 800 PER PIECE.,,,,,,27,0,True
3155,AR-733155,River series,river-series-2,https://artreserves.com/product/river-series-2/,PKR,65000.0,65000.0,65000.0,False,True,True,,0,0,Paintings,Paintings,Water Color on Paper,Water Color on Paper,,,22 X 30 INCHES,"I was born in Lodhran district of Multan division. I work in watercolor media. I learned from International School of painting of Peshawar. I paint most of the things around me. Next to my house is the Sutlej river I like to paint boats on the river. also,I enjoy painting natural things in my village. Watercolor is a difficult medium. I really enjoy working in it. I am always looking for something new. I keep on searching so that people can enjoy my painting as much as possible • • Date of birth 15-05-1984 Exhibitions • Group Show Break in the clouds artscene Art Gallery karachi 2021 • Group Show watercolor Ijaz Art Gallery Lahore 2020. • Group show watercolor Mussawir Art gallery Lahore 2019. • Group show 33 Annual Exhibition Alhamra Art Gallery Lahore 2019. • Group show watercolor Full Circle Gallery Karachi 2019. • Group show watercolor Art scene galleries Karachi 2018. • Group show watercolor Gallery 6 Islamabad 2018. • Group show 32 Annual Exhibition Alhamra Art Gallery Lahore 2018. • • International watercolor society group show 2 Albania Bainnel Albania 2017 International watercolor society group show 2 India Bainnel India 2017 • Group show watercolor Coopera Art Gallery Lahore 2016 • Awards & Certificates • Selected as a top 100 artist in iws bangladesh 1st online juried watercolor competition (certificate 2021) • International watercolor society best watercolor portrait painting award Contest 2019-2020. • International watercolor society Pakistani Artist Award Contest 2016 (Gold medal)• 1st international largest painting Islamabad participation certificate 2016. • Funny Khidmat award bait ul fan of Calligraphy Bahawalpur 2016-2017. • Tru hues of Khyber Pakhtunkhwa 1st largest painting Peshawar participation certificate 2016. • Certificate Outstanding craftsmanship in the field of oil and colour painting (Major General General Officer Commanding Muhammad Shafique) 2015. • Certificate Outstanding Painting in TFWC (Brigadier Commander Dilawar Khan) 2014.. • Membership. Member of National artist association of Pakistan” • I was born in Lodhran district of Multan division. I work in watercolor media. I learned from International School of painting of Peshawar. I paint most of the things around me. Next to my house is the Sutlej river I like to paint boats on the river. also, I enjoy painting natural things in my village. Watercolor is a difficult medium. I really enjoy working in it. I am always looking for something new.I keep on searching so that people can enjoy my painting as much as possible • • Date of birth 15-05-1984 Exhibitions • Group Show Break in the clouds artscene Art Gallery karachi 2021 • Group Show watercolor Ijaz Art Gallery Lahore 2020. • Group show watercolor Mussawir Art gallery Lahore 2019. • Group show 33 Annual Exhibition Alhamra Art Gallery Lahore 2019. • Group show watercolor Full Circle Gallery Karachi 2019. • Group show watercolor Art scene galleries Karachi 2018. • Group show watercolor Gallery 6 Islamabad 2018. • Group show 32 Annual Exhibition Alhamra Art Gallery Lahore 2018. • • International watercolor society group show 2 Albania Bainnel Albania 2017 International watercolor society group show 2 India Bainnel India 2017 • Group show watercolor Coopera Art Gallery Lahore 2016 • Awards & Certificates • Selected as a top 100 artist in iws bangladesh 1st online juried watercolor competition (certificate 2021) • International watercolor society best watercolor portrait painting award Contest 2019-2020. • International watercolor society Pakistani Artist Award Contest 2016 (Gold medal)• 1st international largest painting Islamabad participation certificate 2016. • Funny Khidmat award bait ul fan of Calligraphy Bahawalpur 2016-2017. • True hues of Khyber Pakhtunkhwa 1st largest painting Peshawar participation certificate 2016. • Certificate Outstanding craftsmanship in the field of oil and colour painting (Major General General Officer Commanding Muhammad Shafique) 2015. • Certificate Outstanding Painting in TFWC (Brigadier Commander Dilawar Khan) 2014.. • Membership. Member of National artist association of Pakistan.",22.0,30.0,,660.0,12,4124,True
1291,AR-261291,Innocence,innocence-2,https://artreserves.com/product/innocence-2/,PKR,96000.0,96000.0,96000.0,False,True,True,1,0,0,Paintings,Paintings,Gouache on Wasli,Gouache on Wasli,,,7.87 x 12.6 INCHES,"Shumaila Islam Biography Born in Lahore, Pakistan, she is M.Phil in studio Practice Finearts from PUCAD. She has acquired training of calligraphy from CCRS-NCA. She has displayed her work in more than 25 group shows on renowned national art platforms and one calligraphy group show in Turkey. She has been part of artist residency at Shakir Ali Museum in 2018. Her work has been selected for Santorini-Mykonos art fairs Greece 2018 and Izmir Biennale 2019. Currently, she is teaching at University of Education and Sargodha University. Statement Being not confined to a single medium, I categorize myself a visual artist. I have been trained in conventional arts of painting, but did experimentation in my works, maintaining the soul of chosen genre according thought process and concepts. My inspirations stimulate from nature and support me to present all kinds of observations and feelings. I choose representational imagery, recalling all the experiences that are in my subconscious, experimenting with linear elements, which I overlay and deploy in order to create a physical construction with abundant lyricism. Segments of nature are revolved into emotional catharsis as a vital need to express thoughts through a constant methodological and flexible investigation. I try to create images provided with a personal sensibility and originality. They show assured sensations of movement. I am producing art pieces on Wasli using gauche, ink and pointers.",7.87,12.6,,99.16199999999999,9,1458,True
1717,AR-151717,Untitled,untitled-19,https://artreserves.com/product/untitled-19/,PKR,165000.0,165000.0,165000.0,False,True,True,1,0,0,Sculptures,Sculptures,Sheesham Wood Carving,Sheesham Wood Carving,,,18 x 29 INCHES,"Sadiq Hussain – Sculpture Art Professional An introduction: I started my career as a wooden sculptor in the field of fine art in 1980-81. Ali Imam Rizvi was quite impressed with my work and started displaying my art in his indus art gallery. Initially, when Ali Imam Rizvi saw my piece of art he said although he doesn’t allow any work from any artist at such young age but he found my work so impressive he not only allowed me to exhibit my art in his gallery but he also encouraged me to work further for his gallery. I was quite lucky to get this breakthrough in the very early age of 17 years. After that there was no ending… I got a lot of work from foreigners. I worked a lot on the bust sculpting. Making a life size horse sculptor for Pakistan Navy is one of my greatest achievements. That piece of art is still displayed as a Monument in NORE-1, Officers Mess. Karachi. I also worked a lot for many local art lovers. Some of the names are Wahab Jaffer, Dr. Sajid , Arif Ashari, Rafiq Parsa, Rais Ahmed Alvi, Dr Amir Butt and Muhammad Ali Dada. Besides that I also have worked for some multinational companies. Personally I have also hold solo exhibitions in November 2008 at V.M art gallery, which also widely covered by print and electronic media. Beside solo exhibition also participated in many leading group shows at indus art gallery, V.M art gallery and canvas art gallery. The specialty of my sculptors is that every art is made in one piece without any joint. Although my main interest is in the wooden sculpting but I have also worked on Fiber Glass, metal, Gandhara stone and camel bone medium. Many of my fiber glass murals have added artistic value to so many buildings. I believe that a true artist cannot sit back and wait for the change…. Hence I am striving to make change. Sadiq Hussain",18.0,29.0,,522.0,8,1812,True
3612,AR-573612,Untitled,untitled-114,https://artreserves.com/product/untitled-114/,PKR,18000.0,18000.0,18000.0,False,True,True,1,0,0,Freedom in Jail,Freedom in Jail,Oil on Canvas,Oil on Canvas,,,20 x 30 INCHES,,20.0,30.0,,600.0,8,0,True
70,AR-6570,Rusted,2x2-rusted-acrylics-on-foil,https://artreserves.com/product/2x2-rusted-acrylics-on-foil/,PKR,15000.0,15000.0,15000.0,False,True,True,1,0,0,Paintings,Paintings,Acrylic on Canvas,Acrylic on Canvas,,,18 x 24 INCHES,,18.0,24.0,,432.0,6,0,True
6936,AR-416936,Calligraphy,calligraphy-6,https://artreserves.com/product/calligraphy-6/,PKR,8000.0,8000.0,8000.0,False,True,True,1,0,0,Freedom in Jail,Freedom in Jail,Oil on Canvas,Oil on Canvas,,,18 x 24 INCHES,,18.0,24.0,,432.0,11,0,True
7075,AR-377075,Enticing Accidents,enticing-accidents,https://artreserves.com/product/enticing-accidents/,PKR,50000.0,50000.0,50000.0,False,True,True,,0,0,Oil Paintings|Paintings,Oil Paintings,Oil on Canvas,Oil on Canvas,,,24 X 24 INCHES,Monochrome portrait on stretched canvas This painting is made using mainly warm tones to represent a particular state of mind that is home to empathy and passion.,24.0,24.0,,576.0,18,162,True
1303,AR-611303,Transformation II,transformation-ii,https://artreserves.com/product/transformation-ii/,PKR,88000.0,88000.0,88000.0,False,True,True,1,0,0,Paintings,Paintings,Gouache on Wasli,Gouache on Wasli,,,9.84 x 12.6 INCHES,"Shumaila Islam Biography Born in Lahore, Pakistan, she is M.Phil in studio Practice Finearts from PUCAD. She has acquired training of calligraphy from CCRS-NCA. She has displayed her work in more than 25 group shows on renowned national art platforms and one calligraphy group show in Turkey. She has been part of artist residency at Shakir Ali Museum in 2018. Her work has been selected for Santorini-Mykonos art fairs Greece 2018 and Izmir Biennale 2019. Currently, she is teaching at University of Education and Sargodha University. Statement Being not confined to a single medium, I categorize myself a visual artist. I have been trained in conventional arts of painting, but did experimentation in my works, maintaining the soul of chosen genre according thought process and concepts. My inspirations stimulate from nature and support me to present all kinds of observations and feelings. I choose representational imagery, recalling all the experiences that are in my subconscious, experimenting with linear elements, which I overlay and deploy in order to create a physical construction with abundant lyricism. Segments of nature are revolved into emotional catharsis as a vital need to express thoughts through a constant methodological and flexible investigation. I try to create images provided with a personal sensibility and originality. They show assured sensations of movement. I am producing art pieces on Wasli using gauche, ink and pointers.",9.84,12.6,,123.984,17,1458,True
1159,AR-321159,THOUGHTS FROM THE CELESTIAL REALM,thoughts-from-the-celestial-realm,https://artreserves.com/product/thoughts-from-the-celestial-realm/,PKR,275000.0,275000.0,275000.0,False,True,True,1,0,0,Sculptures,Sculptures,Brass and Wood,Brass and Wood,,,8 x 8 x 36 INCHES,,8.0,8.0,36.0,64.0,33,0,True
3531,AR-413531,Untitled,untitled-78,https://artreserves.com/product/untitled-78/,PKR,15000.0,15000.0,15000.0,False,True,True,1,0,0,Freedom in Jail|Oil Paintings,Freedom in Jail,Oil on Canvas,Oil on Canvas,,,22 x 40 INCHES,,22.0,40.0,,880.0,8,0,True
3761,AR-853761,Untitled,untitled-166,https://artreserves.com/product/untitled-166/,PKR,60000.0,60000.0,60000.0,False,True,True,1,0,0,Freedom in Jail,Freedom in Jail,Embroidery &amp; Oil On Canvas,Embroidery &amp; Oil On Canvas,,,24 x 30 INCHES,,24.0,30.0,,720.0,8,0,True
2914,1,Couple Lion mural,couple-lion-mural,https://artreserves.com/product/couple-lion-mural/,PKR,187000.0,200000.0,187000.0,True,True,True,,0,0,Oil Paintings|Paintings,Oil Paintings,Oil Paint,Oil Paint,,,54 X 72 INCHES,"Handmade painting on canvas! 6 fit mural. Colors: Orange, Yellow, Ochre, White, Brunt umber. The beauty of this painting is the Angle of the eye is always 30 degree where ever you stand. With glass frame cover your whole wall.",54.0,72.0,,3888.0,17,226,True
3620,AR-423620,Untitled,untitled-118,https://artreserves.com/product/untitled-118/,PKR,10000.0,10000.0,10000.0,False,True,True,1,0,0,Freedom in Jail,Freedom in Jail,Oil on Canvas,Oil on Canvas,,,27 x 13 INCHES,,27.0,13.0,,351.0,8,0,True
3485,AR-533485,Untitled,untitled-60,https://artreserves.com/product/untitled-60/,PKR,30000.0,30000.0,30000.0,False,True,True,1,0,0,Freedom in Jail,Freedom in Jail,Embroidery,Embroidery,,,20 x 28 INCHES,,20.0,28.0,,560.0,8,0,True
7571,AR-423895-1-1-1-1,Maries Acrylic Crimson Color 75ML,maries-acrylic-orange-red-color-75ml,https://artreserves.com/product/maries-acrylic-orange-red-color-75ml/,PKR,310.0,350.0,310.0,True,True,True,,0,0,Acrylic Paints|Art Supplies,Acrylic Paints,acrylic paint|maries|maries acrylic color|paints,acrylic paint,,,No.315,,,,,,33,0,False
6301,AR-126301,"Hey dude, Sharing is Caring!",hey-dude-sharing-is-caring,https://artreserves.com/product/hey-dude-sharing-is-caring/,PKR,7000.0,7000.0,7000.0,False,True,True,1,0,0,Oil Paintings|Paintings,Oil Paintings,Oil on Canvas,Oil on Canvas,,,8 X 8 INCHES,Wildlife has its own way of sharing and caring.,8.0,8.0,,64.0,28,47,True
5475,AR-995475,Mutu Qabla Wa Anta Mutu ( Die before death ),mutu-qabla-wa-anta-mutu-die-before-death,https://artreserves.com/product/mutu-qabla-wa-anta-mutu-die-before-death/,PKR,180000.0,190000.0,180000.0,True,True,True,1,0,0,Acrylic Paintings|Paintings,Acrylic Paintings,Acrylic on Canvas,Acrylic on Canvas,,,30 X 51 INCHES,On of painting of the series name “Search of Light” related sufism based on my on personal experiences. The painting depicted Ayah die before death means kill your nafs before the death.,30.0,51.0,,1530.0,44,186,True
1202,AR-881202,The Yellow Door,the-yellow-door-5,https://artreserves.com/product/the-yellow-door-5/,PKR,20000.0,20000.0,20000.0,False,True,True,1,0,0,Paintings,Paintings,Acrylic on Canvas,Acrylic on Canvas,,,24 x 36 INCHES,,24.0,36.0,,864.0,15,0,True
3684,AR-333684,Untitled,untitled-142,https://artreserves.com/product/untitled-142/,PKR,8000.0,8000.0,8000.0,False,True,True,1,0,0,Freedom in Jail,Freedom in Jail,Oil on Canvas,Oil on Canvas,,,18 x 24 INCHES,,18.0,24.0,,432.0,8,0,True
3966,AR-233966,Romantic Walk,romantic-walk,https://artreserves.com/product/romantic-walk/,PKR,30000.0,30000.0,30000.0,False,True,True,,0,0,Acrylic Paintings|Paintings,Acrylic Paintings,Acrylic on Canvas,Acrylic on Canvas,,,24 X 18 INCHES,Extensive use of Palette Knife…,24.0,18.0,,432.0,13,31,True
3633,AR-573633,Untitled,untitled-123,https://artreserves.com/product/untitled-123/,PKR,10000.0,10000.0,10000.0,False,True,True,1,0,0,Freedom in Jail,Freedom in Jail,Oil on Canvas,Oil on Canvas,,,12 x 18 INCHES,,12.0,18.0,,216.0,8,0,True
1300,AR-791300,Seed of Soul,seed-of-soul,https://artreserves.com/product/seed-of-soul/,PKR,70000.0,70000.0,70000.0,False,True,True,1,0,0,Paintings,Paintings,Lead on Paper,Lead on Paper,,,11.02 x 15.75 INCHES,"Shumaila Islam Biography Born in Lahore, Pakistan, she is M.Phil in studio Practice Finearts from PUCAD. She has acquired training of calligraphy from CCRS-NCA. She has displayed her work in more than 25 group shows on renowned national art platforms and one calligraphy group show in Turkey. She has been part of artist residency at Shakir Ali Museum in 2018. Her work has been selected for Santorini-Mykonos art fairs Greece 2018 and Izmir Biennale 2019. Currently, she is teaching at University of Education and Sargodha University. Statement Being not confined to a single medium, I categorize myself a visual artist. I have been trained in conventional arts of painting, but did experimentation in my works, maintaining the soul of chosen genre according thought process and concepts. My inspirations stimulate from nature and support me to present all kinds of observations and feelings. I choose representational imagery, recalling all the experiences that are in my subconscious, experimenting with linear elements, which I overlay and deploy in order to create a physical construction with abundant lyricism. Segments of nature are revolved into emotional catharsis as a vital need to express thoughts through a constant methodological and flexible investigation. I try to create images provided with a personal sensibility and originality. They show assured sensations of movement. I am producing art pieces on Wasli using gauche, ink and pointers.",11.02,15.75,,173.565,12,1458,True
3363,AR-143363,The Horizon,the-horizon,https://artreserves.com/product/the-horizon/,PKR,27000.0,29000.0,27000.0,True,True,True,1,0,0,Acrylic Paintings|Paintings,Acrylic Paintings,Acrylic on Canvas,Acrylic on Canvas,,,36 X 36 INCHES,3 by 3 feet on stretched canvas.,36.0,36.0,,1296.0,11,32,True
3481,AR-983481,Untitled,untitled-58,https://artreserves.com/product/untitled-58/,PKR,15000.0,15000.0,15000.0,False,True,True,1,0,0,Freedom in Jail|Oil Paintings,Freedom in Jail,Oil on Canvas,Oil on Canvas,,,20 x 30 INCHES,,20.0,30.0,,600.0,8,0,True
3532,AR-713532,Untitled,untitled-79,https://artreserves.com/product/untitled-79/,PKR,8000.0,8000.0,8000.0,False,True,True,1,0,0,Freedom in Jail|Oil Paintings,Freedom in Jail,Oil on Canvas,Oil on Canvas,,,18 x 24 INCHES,,18.0,24.0,,432.0,8,0,True
3434,AR-723434,Untitled,untitled-38,https://artreserves.com/product/untitled-38/,PKR,15000.0,15000.0,15000.0,False,True,True,1,0,0,Freedom in Jail,Freedom in Jail,Oil on Canvas,Oil on Canvas,,,24 x 18 INCHES,,24.0,18.0,,432.0,8,0,True
3507,AR-883507,Untitled,untitled-68,https://artreserves.com/product/untitled-68/,PKR,10000.0,10000.0,10000.0,False,True,True,1,0,0,Freedom in Jail|Oil Paintings,Freedom in Jail,Oil on Canvas,Oil on Canvas,,,20 x 30 INCHES,,20.0,30.0,,600.0,8,0,True
3695,AR-793695,Untitled,untitled-147,https://artreserves.com/product/untitled-147/,PKR,8000.0,8000.0,8000.0,False,True,True,1,0,0,Freedom in Jail,Freedom in Jail,Oil on Canvas,Oil on Canvas,,,18 x 24 INCHES,,18.0,24.0,,432.0,8,0,True
3758,AR-153758,Untitled,untitled-165,https://artreserves.com/product/untitled-165/,PKR,80000.0,80000.0,80000.0,False,True,True,1,0,0,Freedom in Jail,Freedom in Jail,Embroidery &amp; Oil On Canvas,Embroidery &amp; Oil On Canvas,,,24 x 30 INCHES,,24.0,30.0,,720.0,8,0,True
1299,AR-591299,Personification,personification,https://artreserves.com/product/personification/,PKR,70000.0,70000.0,70000.0,False,True,True,1,0,0,Paintings,Paintings,Lead on Paper,Lead on Paper,,,11.02 x 15.75 INCHES,"Shumaila Islam Biography Born in Lahore, Pakistan, she is M.Phil in studio Practice Finearts from PUCAD. She has acquired training of calligraphy from CCRS-NCA. She has displayed her work in more than 25 group shows on renowned national art platforms and one calligraphy group show in Turkey. She has been part of artist residency at Shakir Ali Museum in 2018. Her work has been selected for Santorini-Mykonos art fairs Greece 2018 and Izmir Biennale 2019. Currently, she is teaching at University of Education and Sargodha University. Statement Being not confined to a single medium, I categorize myself a visual artist. I have been trained in conventional arts of painting, but did experimentation in my works, maintaining the soul of chosen genre according thought process and concepts. My inspirations stimulate from nature and support me to present all kinds of observations and feelings. I choose representational imagery, recalling all the experiences that are in my subconscious, experimenting with linear elements, which I overlay and deploy in order to create a physical construction with abundant lyricism. Segments of nature are revolved into emotional catharsis as a vital need to express thoughts through a constant methodological and flexible investigation. I try to create images provided with a personal sensibility and originality. They show assured sensations of movement. I am producing art pieces on Wasli using gauche, ink and pointers.",11.02,15.75,,173.565,15,1458,True
4176,AR-354176,Abstract Rainy Day,abstract-rainy-day,https://artreserves.com/product/abstract-rainy-day/,PKR,15000.0,15000.0,15000.0,False,True,True,,0,0,Acrylic Paintings|Paintings,Acrylic Paintings,Acrylic on Canvas,Acrylic on Canvas,,,24 X 18 INCHES,,24.0,18.0,,432.0,18,0,True
1287,AR-791287,Forgotten Glory,forgotten-glory,https://artreserves.com/product/forgotten-glory/,PKR,55000.0,55000.0,55000.0,False,True,True,1,0,0,Paintings,Paintings,Lead on Paper,Lead on Paper,,,11.02 x 15.75 INCHES,"Shumaila Islam Biography Born in Lahore, Pakistan, she is M.Phil in studio Practice Finearts from PUCAD. She has acquired training of calligraphy from CCRS-NCA. She has displayed her work in more than 25 group shows on renowned national art platforms and one calligraphy group show in Turkey. She has been part of artist residency at Shakir Ali Museum in 2018. Her work has been selected for Santorini-Mykonos art fairs Greece 2018 and Izmir Biennale 2019. Currently, she is teaching at University of Education and Sargodha University. Statement Being not confined to a single medium, I categorize myself a visual artist. I have been trained in conventional arts of painting, but did experimentation in my works, maintaining the soul of chosen genre according thought process and concepts. My inspirations stimulate from nature and support me to present all kinds of observations and feelings. I choose representational imagery, recalling all the experiences that are in my subconscious, experimenting with linear elements, which I overlay and deploy in order to create a physical construction with abundant lyricism. Segments of nature are revolved into emotional catharsis as a vital need to express thoughts through a constant methodological and flexible investigation. I try to create images provided with a personal sensibility and originality. They show assured sensations of movement. I am producing art pieces on Wasli using gauche, ink and pointers.",11.02,15.75,,173.565,15,1458,True
7565,AR-423895-1-1-1-1,Maries Acrylic Phthalo Blue Green shade Color 75ML,maries-acrylic-brilliant-purple-color-75ml,https://artreserves.com/product/maries-acrylic-brilliant-purple-color-75ml/,PKR,310.0,350.0,310.0,True,True,True,,0,0,Acrylic Paints|Art Supplies,Acrylic Paints,acrylic paint|maries|maries acrylic color|paints,acrylic paint,,,No.450,,,,,,50,0,False
2205,AR-432205,Allah Ho Norossamawaty Wal Ard,allah-ho-norossamawaty-wal-ard,https://artreserves.com/product/allah-ho-norossamawaty-wal-ard/,PKR,25000.0,25000.0,25000.0,False,True,True,1,0,0,Calligraphy,Calligraphy,3D Acrylic Cutout on Acrylic Sheet,3D Acrylic Cutout on Acrylic Sheet,,,24 x 30 INCHES,,24.0,30.0,,720.0,30,0,True
3642,AR-673642,Untitled,untitled-128,https://artreserves.com/product/untitled-128/,PKR,13000.0,13000.0,13000.0,False,True,True,1,0,0,Freedom in Jail,Freedom in Jail,Oil on Canvas,Oil on Canvas,,,24 x 36 INCHES,,24.0,36.0,,864.0,8,0,True
4037,AR-784037,Camping Night,camping-night,https://artreserves.com/product/camping-night/,PKR,25000.0,25000.0,25000.0,False,True,True,,0,0,Acrylic Paintings|Paintings,Acrylic Paintings,Acrylic on Canvas,Acrylic on Canvas,,,18 X 24 INCHES,,18.0,24.0,,432.0,13,0,True
7006,AR-777006,SUFI,sufi,https://artreserves.com/product/sufi/,PKR,8000.0,8000.0,8000.0,False,True,True,1,0,0,Freedom in Jail,Freedom in Jail,Oil on Canvas,Oil on Canvas,,,18 x 24 INCHES,,18.0,24.0,,432.0,4,0,True
4955,AR-314955,Dancing Waves,dancing-waves,https://artreserves.com/product/dancing-waves/,PKR,9999.0,17000.0,9999.0,True,True,True,,0,0,Acrylic Paintings|Paintings,Acrylic Paintings,Acrylic on Canvas,Acrylic on Canvas,,,12 x 20 INCHES,"My biggest inspiration is nature that’s why I capture the breathtaking landscapes when the sun rays touches the surface of ocean it gives a calming effect and make me think like those sparkling waves are dancing with happiness, those moments can’t be described in words so I imprison those spectacular visuals on my canvas!",12.0,20.0,,240.0,13,323,True
7021,AR-777021,UNTITLED,untitled-186,https://artreserves.com/product/untitled-186/,PKR,10000.0,10000.0,10000.0,False,True,True,1,0,0,Freedom in Jail,Freedom in Jail,Oil on Canvas,Oil on Canvas,,,18 x 24 INCHES,,18.0,24.0,,432.0,8,0,True
1731,AR-791731,Untitled,untitled-24,https://artreserves.com/product/untitled-24/,PKR,165000.0,165000.0,165000.0,False,True,True,1,0,0,Sculptures,Sculptures,Sheesham Wood Carving,Sheesham Wood Carving,,,12 x 30 INCHES,"Sadiq Hussain – Sculpture Art Professional An introduction: I started my career as a wooden sculptor in the field of fine art in 1980-81. Ali Imam Rizvi was quite impressed with my work and started displaying my art in his indus art gallery. Initially, when Ali Imam Rizvi saw my piece of art he said although he doesn’t allow any work from any artist at such young age but he found my work so impressive he not only allowed me to exhibit my art in his gallery but he also encouraged me to work further for his gallery. I was quite lucky to get this breakthrough in the very early age of 17 years. After that there was no ending… I got a lot of work from foreigners. I worked a lot on the bust sculpting. Making a life size horse sculptor for Pakistan Navy is one of my greatest achievements. That piece of art is still displayed as a Monument in NORE-1, Officers Mess. Karachi. I also worked a lot for many local art lovers. Some of the names are Wahab Jaffer, Dr. Sajid , Arif Ashari, Rafiq Parsa, Rais Ahmed Alvi, Dr Amir Butt and Muhammad Ali Dada. Besides that I also have worked for some multinational companies. Personally I have also hold solo exhibitions in November 2008 at V.M art gallery, which also widely covered by print and electronic media. Beside solo exhibition also participated in many leading group shows at indus art gallery, V.M art gallery and canvas art gallery. The specialty of my sculptors is that every art is made in one piece without any joint. Although my main interest is in the wooden sculpting but I have also worked on Fiber Glass, metal, Gandhara stone and camel bone medium. Many of my fiber glass murals have added artistic value to so many buildings. I believe that a true artist cannot sit back and wait for the change…. Hence I am striving to make change. Sadiq Hussain",12.0,30.0,,360.0,8,1812,True
1204,AR-681204,The Yellow Door,the-yellow-door-7,https://artreserves.com/product/the-yellow-door-7/,PKR,20000.0,20000.0,20000.0,False,True,True,1,0,0,Paintings,Paintings,Acrylic on Canvas,Acrylic on Canvas,,,24 x 36 INCHES,,24.0,36.0,,864.0,15,0,True
3614,AR-163614,Untitled,untitled-115,https://artreserves.com/product/untitled-115/,PKR,10000.0,10000.0,10000.0,False,True,True,1,0,0,Freedom in Jail,Freedom in Jail,Oil on Canvas,Oil on Canvas,,,18 x 24 INCHES,,18.0,24.0,,432.0,8,0,True
6563,AR-986563,Tahleel e Takhayul,tahleel-e-takhayul,https://artreserves.com/product/tahleel-e-takhayul/,PKR,20000.0,20000.0,20000.0,False,True,True,,0,0,Paintings,Paintings,Water Color on Paper,Water Color on Paper,,,11 X 16 INCHES,The sorrows in our surroundings make us disappear from our current moment to our wonderful imagination. We just need our foot prints behind to come back.,11.0,16.0,,176.0,18,153,True
4163,AR-214163,Female Wallet (Freedom In Jail),214163,https://artreserves.com/product/214163/,PKR,2000.0,2000.0,2000.0,False,True,True,1,0,0,Crafts,Crafts,Moti Work,Moti Work,,,RS 2000 PER PIECE.,,,,,,31,0,True
3443,AR-913443,Untitled,untitled-42,https://artreserves.com/product/untitled-42/,PKR,8000.0,8000.0,8000.0,False,True,True,1,0,0,Freedom in Jail|Oil Paintings,Freedom in Jail,Oil on Canvas,Oil on Canvas,,,18 x 24 INCHES,,18.0,24.0,,432.0,8,0,True
2888,AR-252888,Then which of the favors of your Lord will you deny?,then-which-of-the-favors-of-your-lord-will-you-deny,https://artreserves.com/product/then-which-of-the-favors-of-your-lord-will-you-deny/,PKR,8000.0,8000.0,8000.0,False,True,True,,0,0,Calligraphy,Calligraphy,Acrylic and Mix Media on Canvas,Acrylic and Mix Media on Canvas,,,30 X 12 INCHES,Acrylic Textured Calligraphy Painting.,30.0,12.0,,360.0,52,38,True
3513,AR-353513,Untitled,untitled-71,https://artreserves.com/product/untitled-71/,PKR,12000.0,12000.0,12000.0,False,True,True,1,0,0,Freedom in Jail|Oil Paintings,Freedom in Jail,Oil on Canvas,Oil on Canvas,,,24 x 30 INCHES,,24.0,30.0,,720.0,8,0,True
3482,AR-823482,Untitled,untitled-59,https://artreserves.com/product/untitled-59/,PKR,25000.0,25000.0,25000.0,False,True,True,1,0,0,Freedom in Jail,Freedom in Jail,Embroidery,Embroidery,,,20 x 18 INCHES,,20.0,18.0,,360.0,8,0,True
3588,AR-583588,Untitled,untitled-103,https://artreserves.com/product/untitled-103/,PKR,12000.0,12000.0,12000.0,False,True,True,1,0,0,Freedom in Jail|Oil Paintings,Freedom in Jail,Oil on Canvas,Oil on Canvas,,,18 x 24 INCHES,,18.0,24.0,,432.0,8,0,True
7042,AR-947042,VILLAGE,village-2,https://artreserves.com/product/village-2/,PKR,8000.0,8000.0,8000.0,False,True,True,1,0,0,Freedom in Jail,Freedom in Jail,Oil on Canvas,Oil on Canvas,,,18 x 24 INCHES,,18.0,24.0,,432.0,7,0,True
5829,AH04121998,Sun Rays Forest,sun-rays-forest,https://artreserves.com/product/sun-rays-forest/,PKR,15000.0,15000.0,15000.0,False,True,True,,0,0,Oil Paintings|Paintings,Oil Paintings,Oil on Canvas,Oil on Canvas,,,24 X 18 INCHES,"Black, white and gray oil paints on a black canvas describing a beautiful image of a forest with sun light left in the background. An eye catching piece of Art to give your place an aesthetic ambiance.",24.0,18.0,,432.0,15,201,True
4102,AR-134102,Key Chain (Freedom In Jail),134102,https://artreserves.com/product/134102/,PKR,400.0,400.0,400.0,False,True,True,1,0,0,Crafts,Crafts,Moti Work,Moti Work,,,400 RS PER PIECE.,,,,,,27,0,True
7036,AR-877036,Calligraphy,calligraphy-9,https://artreserves.com/product/calligraphy-9/,PKR,7000.0,7000.0,7000.0,False,True,True,1,0,0,Freedom in Jail,Freedom in Jail,Oil on Canvas,Oil on Canvas,,,18 x 24 INCHES,,18.0,24.0,,432.0,11,0,True
2064,AR-922064,Untitled,untitled-26,https://artreserves.com/product/untitled-26/,PKR,12000.0,12000.0,12000.0,False,True,True,1,0,0,Crafts,Crafts,one piece wooden statue,one piece wooden statue,,,8 × 22 INCHES,,8.0,22.0,,176.0,8,0,True
5482,AR-215482,Kalash Hue,kalash-hue,https://artreserves.com/product/kalash-hue/,PKR,40000.0,50000.0,40000.0,True,True,True,1,0,0,Paintings,Paintings,Water Color on Paper,Water Color on Paper,,,13.7 X 19.6 INCHES,Painting dipict colorful and rich culture of kalash valley. The innocent kalash girl portraiture represents the hues of kalash culture.,13.7,19.6,,268.52,10,135,True
3493,AR-163493,Untitled,untitled-64,https://artreserves.com/product/untitled-64/,PKR,100000.0,100000.0,100000.0,False,True,True,1,0,0,Freedom in Jail,Freedom in Jail,Embroidery,Embroidery,,,38 x 32 INCHES,,38.0,32.0,,1216.0,8,0,True
1704,AR-871704,Untitled,untitled-13,https://artreserves.com/product/untitled-13/,PKR,30000.0,30000.0,30000.0,False,True,True,1,0,0,Paintings,Paintings,Water Color on Paper,Water Color on Paper,,,14 x 21.5 INCHES,"Arif Ansari When I was doing my Bachelor’s in Fine Arts I explored various mediums but my heart was set on water colour. I loved the versatility and the smooth flow of the colours as they merged on my palette. Additionally I was deeply touched and inspired by the works of late Mr. Zahin Ahmed and Mr. A.Q. Arif. Their style and subject matter appealed to me and I started to work in the same medium. Later I also had the opportunity to meet and work with Mr. Ali Sajid the world renowned artist. He guided me and helped me develop and evolve my style further. Nature has been the muse of countless artists through the ages and still continues to be. My heart has always been drawn to nature, as a child I loved exploring and taking long walks in the uncharted forests. Therefore when I began to paint there was no doubt in my mind what my subject matter would be.",14.0,21.5,,301.0,8,864,True
1270,AR-991270,Untitled,untitled-10,https://artreserves.com/product/untitled-10/,PKR,78000.0,78000.0,78000.0,False,True,True,1,0,0,Paintings,Paintings,Lead on Paper,Lead on Paper,,,11.02 x 15.75 INCHES,"Shumaila Islam Biography Born in Lahore, Pakistan, she is M.Phil in studio Practice Finearts from PUCAD. She has acquired training of calligraphy from CCRS-NCA. She has displayed her work in more than 25 group shows on renowned national art platforms and one calligraphy group show in Turkey. She has been part of artist residency at Shakir Ali Museum in 2018. Her work has been selected for Santorini-Mykonos art fairs Greece 2018 and Izmir Biennale 2019. Currently, she is teaching at University of Education and Sargodha University. Statement Being not confined to a single medium, I categorize myself a visual artist. I have been trained in conventional arts of painting, but did experimentation in my works, maintaining the soul of chosen genre according thought process and concepts. My inspirations stimulate from nature and support me to present all kinds of observations and feelings. I choose representational imagery, recalling all the experiences that are in my subconscious, experimenting with linear elements, which I overlay and deploy in order to create a physical construction with abundant lyricism. Segments of nature are revolved into emotional catharsis as a vital need to express thoughts through a constant methodological and flexible investigation. I try to create images provided with a personal sensibility and originality. They show assured sensations of movement. I am producing art pieces on Wasli using gauche, ink and pointers.",11.02,15.75,,173.565,8,1458,True
1165,AR-641165,Through the Crevices 2,through-the-crevices-2,https://artreserves.com/product/through-the-crevices-2/,PKR,100000.0,100000.0,100000.0,False,True,True,1,0,0,Oil Paintings|Paintings,Oil Paintings,Oil Paint and Silver Gliding on Canvas,Oil Paint and Silver Gliding on Canvas,,,24 x 24 INCHES,"Abid Hassan Artist statement: Beyond Science and technology, in the seismographs of imagination lie reasons for another world that we live on top of, a parallel ecosystem that we are discovering by the day. With imperfectly perfect layers of rock, water and a whole new world of species and materials, the inside of the earth we live on is been made. Like the layers on an onion the inside of the earth is layered extensively and separately, yet every layer diffuses within the other. With the warm pink and earthy tones, an aesthetically pleasing design has been put inside the earth and thus it can be said that not just the exterior but the interior of the world that we live on is created with great awe. My artwork does not describe the visible cliched landscapes, but the invisible and undiscovered insides of our world. It is astounding that everything needed for life and to fulfill our energy requirements is embedded in nature, and that we must only discover and invent ways to make use of them. Just like a journey within a person’s inner self, a voyage within the earth we live on is necessary to explore its potential, the amount of energy it has, and the extent to which it is self-reliant and self-sustaining.",24.0,24.0,,576.0,22,1224,True
6314,SK2092-003,Darwaish painting,darwaish-painting,https://artreserves.com/product/darwaish-painting/,PKR,2500.0,2500.0,2500.0,False,True,True,,0,0,Acrylic Paintings,Acrylic Paintings,3D Acrylic Cutout on Acrylic Sheet,3D Acrylic Cutout on Acrylic Sheet,,,10 X 11 INCHES,Available with frame.,10.0,11.0,,110.0,17,21,False
3661,AR-913661,Untitled,untitled-131,https://artreserves.com/product/untitled-131/,PKR,8000.0,8000.0,8000.0,False,True,True,1,0,0,Freedom in Jail,Freedom in Jail,Oil on Canvas,Oil on Canvas,,,18 x 24 INCHES,,18.0,24.0,,432.0,8,0,True
3437,AR-893437,Untitled,untitled-40,https://artreserves.com/product/untitled-40/,PKR,15000.0,15000.0,15000.0,False,True,True,1,0,0,Freedom in Jail,Freedom in Jail,Oil on Canvas,Oil on Canvas,,,24 x 18 INCHES,,24.0,18.0,,432.0,8,0,True
3578,AR-243578,Untitled,untitled-99,https://artreserves.com/product/untitled-99/,PKR,15000.0,15000.0,15000.0,False,True,True,1,0,0,Freedom in Jail|Oil Paintings,Freedom in Jail,Oil on Canvas,Oil on Canvas,,,24 x 24 INCHES,,24.0,24.0,,576.0,8,0,True
5962,AR-565962,Horse painting,horse-painting,https://artreserves.com/product/horse-painting/,PKR,8000.0,8000.0,8000.0,False,True,True,,0,0,Paintings,Paintings,Oil Paint On Canvas,Oil Paint On Canvas,,,18 X 24 INCHES,,18.0,24.0,,432.0,14,0,False
1197,AR-551197,All Blue,all-blue-2,https://artreserves.com/product/all-blue-2/,PKR,20000.0,20000.0,20000.0,False,True,True,1,0,0,Paintings,Paintings,Acrylic on Canvas,Acrylic on Canvas,,,24 x 36 INCHES,,24.0,36.0,,864.0,8,0,True
1312,AR-971312,Untitled,untitled-11,https://artreserves.com/product/untitled-11/,PKR,90000.0,90000.0,90000.0,False,True,True,1,0,0,Oil Paintings,Oil Paintings,Oil on Canvas,Oil on Canvas,,,24 x 36 INCHES,,24.0,36.0,,864.0,8,0,True
7191,AR-317191,Serenity,serenity-2,https://artreserves.com/product/serenity-2/,PKR,50000.0,50000.0,50000.0,False,True,True,,0,0,Oil Paintings|Paintings,Oil Paintings,Oil on Canvas,Oil on Canvas,,,24 X 36 INCHES,Peace Comes When You See The Reflection Of Your Beautiful Side.,24.0,36.0,,864.0,8,63,True
6988,AR-976988,Education,education,https://artreserves.com/product/education/,PKR,13000.0,13000.0,13000.0,False,True,True,1,0,0,Freedom in Jail,Freedom in Jail,Oil on Canvas,Oil on Canvas,,,24 x 36 INCHES,,24.0,36.0,,864.0,9,0,True
7017,AR-827017,UNTITLED,untitled-184,https://artreserves.com/product/untitled-184/,PKR,9000.0,9000.0,9000.0,False,True,True,1,0,0,Freedom in Jail,Freedom in Jail,Oil on Canvas,Oil on Canvas,,,18 x 24 INCHES,,18.0,24.0,,432.0,8,0,True
1729,AR-151729,Untitled,untitled-23,https://artreserves.com/product/untitled-23/,PKR,220000.0,220000.0,220000.0,False,True,True,1,0,0,Sculptures,Sculptures,Sheesham Wood Carving,Sheesham Wood Carving,,,12 x 37 INCHES,,12.0,37.0,,444.0,8,0,True
3577,AR-153577,Untitled,untitled-98,https://artreserves.com/product/untitled-98/,PKR,10000.0,10000.0,10000.0,False,True,True,1,0,0,Freedom in Jail|Oil Paintings,Freedom in Jail,Oil on Canvas,Oil on Canvas,,,20 x 30 INCHES,,20.0,30.0,,600.0,8,0,True
3836,AR-983836,Savouring Solitude,savouring-solitude,https://artreserves.com/product/savouring-solitude/,PKR,20000.0,20000.0,20000.0,False,True,True,,0,0,Paintings,Paintings,Gouache on Wasli,Gouache on Wasli,,,26 X 18 INCHES,This painting is part of the series named “Life on the Water”. This artwork is Gouache on paper,26.0,18.0,,468.0,18,95,True
3616,AR-613616,Untitled,untitled-116,https://artreserves.com/product/untitled-116/,PKR,12000.0,12000.0,12000.0,False,True,True,1,0,0,Freedom in Jail,Freedom in Jail,Oil on Canvas,Oil on Canvas,,,18 x 24 INCHES,,18.0,24.0,,432.0,8,0,True
1295,AR-391295,Manipulation,manipulation,https://artreserves.com/product/manipulation/,PKR,88000.0,88000.0,88000.0,False,True,True,1,0,0,Paintings,Paintings,Gouache on Wasli,Gouache on Wasli,,,9.06 x 14.96 INCHES,"Shumaila Islam Biography Born in Lahore, Pakistan, she is M.Phil in studio Practice Finearts from PUCAD. She has acquired training of calligraphy from CCRS-NCA. She has displayed her work in more than 25 group shows on renowned national art platforms and one calligraphy group show in Turkey. She has been part of artist residency at Shakir Ali Museum in 2018. Her work has been selected for Santorini-Mykonos art fairs Greece 2018 and Izmir Biennale 2019. Currently, she is teaching at University of Education and Sargodha University. Statement Being not confined to a single medium, I categorize myself a visual artist. I have been trained in conventional arts of painting, but did experimentation in my works, maintaining the soul of chosen genre according thought process and concepts. My inspirations stimulate from nature and support me to present all kinds of observations and feelings. I choose representational imagery, recalling all the experiences that are in my subconscious, experimenting with linear elements, which I overlay and deploy in order to create a physical construction with abundant lyricism. Segments of nature are revolved into emotional catharsis as a vital need to express thoughts through a constant methodological and flexible investigation. I try to create images provided with a personal sensibility and originality. They show assured sensations of movement. I am producing art pieces on Wasli using gauche, ink and pointers.",9.06,14.96,,135.53760000000003,12,1458,True
3708,AR-533708,Islamic Calligraphy,islamic-calligraphy,https://artreserves.com/product/islamic-calligraphy/,PKR,9000.0,9000.0,9000.0,False,True,True,1,0,0,Freedom in Jail|Oil Paintings,Freedom in Jail,Oil on Canvas,Oil on Canvas,,,18 x 24 INCHES,,18.0,24.0,,432.0,19,0,True
1293,AR-341293,Iris Satisfaction,iris-satisfaction,https://artreserves.com/product/iris-satisfaction/,PKR,96000.0,96000.0,96000.0,False,True,True,1,0,0,Paintings,Paintings,Gouache on Wasli,Gouache on Wasli,,,11.81 x 13.78 INCHES,"Shumaila Islam Biography Born in Lahore, Pakistan, she is M.Phil in studio Practice Finearts from PUCAD. She has acquired training of calligraphy from CCRS-NCA. She has displayed her work in more than 25 group shows on renowned national art platforms and one calligraphy group show in Turkey. She has been part of artist residency at Shakir Ali Museum in 2018. Her work has been selected for Santorini-Mykonos art fairs Greece 2018 and Izmir Biennale 2019. Currently, she is teaching at University of Education and Sargodha University. Statement Being not confined to a single medium, I categorize myself a visual artist. I have been trained in conventional arts of painting, but did experimentation in my works, maintaining the soul of chosen genre according thought process and concepts. My inspirations stimulate from nature and support me to present all kinds of observations and feelings. I choose representational imagery, recalling all the experiences that are in my subconscious, experimenting with linear elements, which I overlay and deploy in order to create a physical construction with abundant lyricism. Segments of nature are revolved into emotional catharsis as a vital need to express thoughts through a constant methodological and flexible investigation. I try to create images provided with a personal sensibility and originality. They show assured sensations of movement. I am producing art pieces on Wasli using gauche, ink and pointers.",11.81,13.78,,162.7418,17,1458,True
3618,AR-933618,Untitled,untitled-117,https://artreserves.com/product/untitled-117/,PKR,25000.0,25000.0,25000.0,False,True,True,1,0,0,Freedom in Jail,Freedom in Jail,Oil on Canvas,Oil on Canvas,,,18 x 24 INCHES,,18.0,24.0,,432.0,8,0,True
5155,AR-625155,MAJZOOB,untitled-45,https://artreserves.com/product/untitled-45/,PKR,15000.0,15000.0,15000.0,False,True,True,1,0,0,Oil Paintings|Paintings,Oil Paintings,Oil on Canvas,Oil on Canvas,,,48 x 30 INCHES,Sufiism always symbolized with Rumi as a man of God but I have tried to depict a women in my painting and transformed the gender.,48.0,30.0,,1440.0,7,129,True
7575,AR-423895-1-1-1-1,Maries Acrylic Scarlet Color 75ML,maries-acrylic-crimson-color-75ml-2,https://artreserves.com/product/maries-acrylic-crimson-color-75ml-2/,PKR,310.0,350.0,310.0,True,True,True,,0,0,Acrylic Paints|Art Supplies,Acrylic Paints,acrylic paint|maries|maries acrylic color|paints,acrylic paint,,,No.302,,,,,,33,0,False
4421,AR-424421,Silent Life,silent-life,https://artreserves.com/product/silent-life/,PKR,15000.0,15000.0,15000.0,False,True,True,,0,0,Oil Paintings|Paintings,Oil Paintings,Oil on Canvas,Oil on Canvas,,,18 X 24 INCHES,Alhamduillah one of the finest Oil Painting of mine. Framed 18′ 24′ size.,18.0,24.0,,432.0,11,73,True
3440,AR-833440,Untitled,untitled-41,https://artreserves.com/product/untitled-41/,PKR,15000.0,15000.0,15000.0,False,True,True,1,0,0,Freedom in Jail|Oil Paintings,Freedom in Jail,Oil on Canvas,Oil on Canvas,,,24 x 18 INCHES,,24.0,18.0,,432.0,8,0,True
3687,AR-253687,Untitled,untitled-143,https://artreserves.com/product/untitled-143/,PKR,10000.0,10000.0,10000.0,False,True,True,1,0,0,Freedom in Jail,Freedom in Jail,Oil on Canvas,Oil on Canvas,,,24 x 24 INCHES,,24.0,24.0,,576.0,8,0,True
4100,AR-574100,Key Chain (Freedom In Jail),574100,https://artreserves.com/product/574100/,PKR,300.0,300.0,300.0,False,True,True,1,0,0,Crafts,Crafts,Moti Work,Moti Work,,,300 RS PER PIECE.,,,,,,27,0,True
4307,AR-954307,Untitled,954307,https://artreserves.com/product/954307/,PKR,15000.0,15000.0,15000.0,False,True,True,1,0,0,Freedom in Jail,Freedom in Jail,Oil on Canvas,Oil on Canvas,,,20 x 30 INCHES,,20.0,30.0,,600.0,8,0,True
7562,AR-423895-1-1-1-1,Maries Acrylic Brilliant Purple Color 75ML,maries-acrylic-rose-color-75ml-2,https://artreserves.com/product/maries-acrylic-rose-color-75ml-2/,PKR,310.0,350.0,310.0,True,True,True,,0,0,Acrylic Paints|Art Supplies,Acrylic Paints,acrylic paint|maries|maries acrylic color|paints,acrylic paint,,,No.405,,,,,,42,0,False
3541,AR-313541,Untitled,untitled-83,https://artreserves.com/product/untitled-83/,PKR,10000.0,10000.0,10000.0,False,True,True,1,0,0,Freedom in Jail|Oil Paintings,Freedom in Jail,Oil on Canvas,Oil on Canvas,,,18 x 24 INCHES,,18.0,24.0,,432.0,8,0,True
3489,AR-973489,Untitled,untitled-62,https://artreserves.com/product/untitled-62/,PKR,30000.0,30000.0,30000.0,False,True,True,1,0,0,Freedom in Jail|Oil Paintings,Freedom in Jail,Embroidery &amp; Oil On Canvas,Embroidery &amp; Oil On Canvas,,,20 x 28 INCHES,,20.0,28.0,,560.0,8,0,True
1266,AR-881266,Untitled,untitled-9,https://artreserves.com/product/untitled-9/,PKR,78000.0,78000.0,78000.0,False,True,True,1,0,0,Paintings,Paintings,Lead on Paper,Lead on Paper,,,11.02 x 15.75 INCHES,"Shumaila Islam Biography Born in Lahore, Pakistan, she is M.Phil in studio Practice Finearts from PUCAD. She has acquired training of calligraphy from CCRS-NCA. She has displayed her work in more than 25 group shows on renowned national art platforms and one calligraphy group show in Turkey. She has been part of artist residency at Shakir Ali Museum in 2018. Her work has been selected for Santorini-Mykonos art fairs Greece 2018 and Izmir Biennale 2019. Currently, she is teaching at University of Education and Sargodha University. Statement Being not confined to a single medium, I categorize myself a visual artist. I have been trained in conventional arts of painting, but did experimentation in my works, maintaining the soul of chosen genre according thought process and concepts. My inspirations stimulate from nature and support me to present all kinds of observations and feelings. I choose representational imagery, recalling all the experiences that are in my subconscious, experimenting with linear elements, which I overlay and deploy in order to create a physical construction with abundant lyricism. Segments of nature are revolved into emotional catharsis as a vital need to express thoughts through a constant methodological and flexible investigation. I try to create images provided with a personal sensibility and originality. They show assured sensations of movement. I am producing art pieces on Wasli using gauche, ink and pointers.",11.02,15.75,,173.565,8,1458,True
7554,AR-423895-1-1,Maries Acrylic Sap Green Color 75ML,maries-acrylic-sap-green-color-75ml,https://artreserves.com/product/maries-acrylic-sap-green-color-75ml/,PKR,310.0,350.0,310.0,True,True,True,2,0,0,Acrylic Paints|Art Supplies,Acrylic Paints,acrylic paint|maries|maries acrylic color|paints,acrylic paint,,,No.568,,,,,,35,0,False
2884,AR-752884,Seal of Muhammad (S.A.W.),seal-of-muhammad-s-a-w,https://artreserves.com/product/seal-of-muhammad-s-a-w/,PKR,8000.0,8000.0,8000.0,False,True,True,,0,0,Calligraphy,Calligraphy,Acrylic and Mix Media on Canvas,Acrylic and Mix Media on Canvas,,,20 X 20 INCHES,Acrylic Textured Calligraphy Painting.,20.0,20.0,,400.0,25,38,True
3814,AR-913814,Bare Foot,bare-foot,https://artreserves.com/product/bare-foot/,PKR,7000.0,7000.0,7000.0,False,True,True,,0,0,Drawings,Drawings,Ink and Charcoal on Paper,Ink and Charcoal on Paper,,,11 X 7.5 INCHES,,11.0,7.5,,82.5,9,0,True
1199,AR-741199,The Yellow Door,the-yellow-door-2,https://artreserves.com/product/the-yellow-door-2/,PKR,20000.0,20000.0,20000.0,False,True,True,1,0,0,Paintings,Paintings,Acrylic on Canvas,Acrylic on Canvas,,,24 x 36 INCHES,,24.0,36.0,,864.0,15,0,True
6013,AR-896013,Tints and Shades of Life,tints-and-shades-of-life-5,https://artreserves.com/product/tints-and-shades-of-life-5/,PKR,6000.0,6000.0,6000.0,False,True,True,1,0,0,Acrylic Paintings|Paintings,Acrylic Paintings,Acrylic and Mix Medium on Canvas,Acrylic and Mix Medium on Canvas,,,8 × 8 INCHES,I really like colors and want to spread it in everyone’s life so I gave this whole description a name (My world and colors).,8.0,8.0,,64.0,24,124,True
5822,AH04121997,Mountains Myth,mountains-myth,https://artreserves.com/product/mountains-myth/,PKR,22000.0,22000.0,22000.0,False,True,True,,0,0,Oil Paintings|Paintings,Oil Paintings,Oil on Canvas,Oil on Canvas,,,24 X 18 INCHES,An eye-catching landscape that will give your living space an earthy and cool vibe.,24.0,18.0,,432.0,14,83,True
1145,AR-771145,Malang,malang,https://artreserves.com/product/malang/,PKR,20000.0,20000.0,20000.0,False,True,True,1,0,0,Paintings,Paintings,Water Color on Paper,Water Color on Paper,,,11 x 15 INCHES,,11.0,15.0,,165.0,6,0,True
3808,AR-793808,"Shoot for the stars, aim for the moon",shoot-for-the-stars-aim-for-the-moon,https://artreserves.com/product/shoot-for-the-stars-aim-for-the-moon/,PKR,7000.0,7000.0,7000.0,False,True,True,,0,0,Drawings,Drawings,Ink and Charcoal on Paper,Ink and Charcoal on Paper,,,10.5 X 7.5 INCHES,,10.5,7.5,,78.75,37,0,True
1286,AR-861286,Fall,fall,https://artreserves.com/product/fall/,PKR,50000.0,50000.0,50000.0,False,True,True,1,0,0,Paintings,Paintings,Mix Medium on Paper,Mix Medium on Paper,,,11.02 x 15.75 INCHES,"Shumaila Islam Biography Born in Lahore, Pakistan, she is M.Phil in studio Practice Finearts from PUCAD. She has acquired training of calligraphy from CCRS-NCA. She has displayed her work in more than 25 group shows on renowned national art platforms and one calligraphy group show in Turkey. She has been part of artist residency at Shakir Ali Museum in 2018. Her work has been selected for Santorini-Mykonos art fairs Greece 2018 and Izmir Biennale 2019. Currently, she is teaching at University of Education and Sargodha University. Statement Being not confined to a single medium, I categorize myself a visual artist. I have been trained in conventional arts of painting, but did experimentation in my works, maintaining the soul of chosen genre according thought process and concepts. My inspirations stimulate from nature and support me to present all kinds of observations and feelings. I choose representational imagery, recalling all the experiences that are in my subconscious, experimenting with linear elements, which I overlay and deploy in order to create a physical construction with abundant lyricism. Segments of nature are revolved into emotional catharsis as a vital need to express thoughts through a constant methodological and flexible investigation. I try to create images provided with a personal sensibility and originality. They show assured sensations of movement. I am producing art pieces on Wasli using gauche, ink and pointers.",11.02,15.75,,173.565,4,1458,True
2882,AR-892882,Bismillah Al-Rahman Al-Rahim,bismillah-al-rahman-al-rahim,https://artreserves.com/product/bismillah-al-rahman-al-rahim/,PKR,8000.0,8000.0,8000.0,False,True,True,,0,0,Calligraphy,Calligraphy,Acrylic and Mix Media on Canvas,Acrylic and Mix Media on Canvas,,,24 X 16 INCHES,Textured Acrylic Calligraphy Painting.,24.0,16.0,,384.0,28,38,True
3608,AR-333608,Untitled,untitled-113,https://artreserves.com/product/untitled-113/,PKR,12000.0,12000.0,12000.0,False,True,True,1,0,0,Freedom in Jail,Freedom in Jail,Oil on Canvas,Oil on Canvas,,,18 x 24 INCHES,,18.0,24.0,,432.0,8,0,True
6965,AR-846965,ILM,ilm,https://artreserves.com/product/ilm/,PKR,8000.0,8000.0,8000.0,False,True,True,1,0,0,Freedom in Jail,Freedom in Jail,Oil on Canvas,Oil on Canvas,,,18 x 24 INCHES,,18.0,24.0,,432.0,3,0,True
6324,AR-986324,How the hell does this Human Brain work?,how-the-hell-does-this-human-brain-work,https://artreserves.com/product/how-the-hell-does-this-human-brain-work/,PKR,15000.0,15000.0,15000.0,False,True,True,,0,0,Oil Paintings|Paintings,Oil Paintings,Oil on Canvas,Oil on Canvas,,,18 X 24 INCHES,"There is always a mystery with Human Brain, The cat wants to know!",18.0,24.0,,432.0,40,66,True
4075,AR-544075,Moon Series,moon-series-3,https://artreserves.com/product/moon-series-3/,PKR,3000.0,3000.0,3000.0,False,True,True,1,0,0,Acrylic Paintings|Paintings,Acrylic Paintings,Acrylic on Canvas,Acrylic on Canvas,,,10 x 10 INCHES,,10.0,10.0,,100.0,11,0,True
937,AR-67937,TRUTH,truth,https://artreserves.com/product/truth/,PKR,85000.0,85000.0,85000.0,False,True,True,1,0,0,Paintings,Paintings,Acrylic on Canvas,Acrylic on Canvas,,,21.26 x 34.25 INCHES,"Shazia Jaffery Artist/Writer Statement My basic belief is that creativity is an expression of the God within, in my paintings; I am looking for spiritual significance in ordinary people and their lives. One is born with Creativity which is gifted by (Allah)God to everyone. I am a Dubai based Pakistani artist, graduated in painting and sculpture I usually work in acrylics sometimes mixed medium, in my contemporary painting style I use text, lines and basic shapes as my main tools. My journey started with exploring SELF; I feel self is the center of everything. It all starts from within, whether good or bad, I believe that your experiences are the outcome of self believe and thought process. I also believe that Self can only be managed if you have strong self-control on your whims and wishes. I have spent ten years to explore the philosophy of self. How lack of self-control can create issues and spread negativity. I also practice self-reflection in my daily life to understand the world and people around me. I also empathize with people and put myself in that situation to observe the different point of views which is reflective in my work. During my journey of self-reflection and exploring of myself, I understood the concepts of liberations, emotional freedom. Freedom is another subject close to my heart, I feel there should be equal opportunity in the world to live and express, spread wings, breathe in open air and taste the variety. “Emotional freedom answers to reclaiming happiness and heart. It is a way to increase ability to love by increasing positive emotions and being able to compassionately witness and transform negative ones whether they are yours or someone else. Emotional freedom can be attained through spiritual awakening. To free our self from anxiety, depression, frustration, the process of spiritual awakening is the key. In my recent practice, my poetry is driving my paintings, I would depict the same message in my poems and my painting leading to realization of spirituality. Everything is the outcome of your spiritual status, if you are connected to Allah/universe then you are at peace happiness and positivity. If your connection is week then it will reflect in your life. Once you understand the spirituality and the art of surrendering that when you rise above and attain self-peace and happiness. I feel that emotional freedom, self, and spiritualty and interrelated. My recent style focusses on spirituality and reinforcement which I feel will eventually create an impact in the society. If you keep on reinforcing goodness, it creates positive impact around you. My main medium is acrylic but I also likes to play with different bases, adds pen and ink and other media.",21.26,34.25,,728.1550000000001,5,2726,True
7338,AR-737338,Coalesce,coalesce,https://artreserves.com/product/coalesce/,PKR,25000.0,32000.0,25000.0,True,True,True,,0,0,Oil Paintings,Oil Paintings,Acrylic and Mix Media on Canvas|Oil on Canvas,Acrylic and Mix Media on Canvas,,,25 X 30 INCHES,An abstract of how colours come together so effortlessly. A shadow of natural colours.,25.0,30.0,,750.0,8,86,True
6952,AR-576952,Landscape,landscape-6,https://artreserves.com/product/landscape-6/,PKR,8000.0,8000.0,8000.0,False,True,True,1,0,0,Freedom in Jail,Freedom in Jail,Oil on Canvas,Oil on Canvas,,,18 x 24 INCHES,,18.0,24.0,,432.0,9,0,True
2072,AR-262072,Mughal Art Mirror Frames,mughal-art-mirror-frames,https://artreserves.com/product/mughal-art-mirror-frames/,PKR,15000.0,15000.0,15000.0,False,True,True,1,0,0,Crafts,Crafts,Copper,Copper,,,SMALL 13 × 20 INCHES / BIG 11 × 35 INCHES,,13.0,20.0,,260.0,24,0,True
3738,AR-363738,Untitled,untitled-157,https://artreserves.com/product/untitled-157/,PKR,8000.0,8000.0,8000.0,False,True,True,1,0,0,Freedom in Jail,Freedom in Jail,Oil on Canvas,Oil on Canvas,,,12 x 22 INCHES,,12.0,22.0,,264.0,8,0,True
3663,AR-573663,Untitled,untitled-132,https://artreserves.com/product/untitled-132/,PKR,10000.0,10000.0,10000.0,False,True,True,1,0,0,Freedom in Jail,Freedom in Jail,Oil on Canvas,Oil on Canvas,,,18 x 24 INCHES,,18.0,24.0,,432.0,8,0,True
6882,AR-636882,"LOHA E QURAN, Nastaleeq.",loha-e-quran-nastaleeq,https://artreserves.com/product/loha-e-quran-nastaleeq/,PKR,21000.0,21000.0,21000.0,False,True,True,,0,0,Calligraphy,Calligraphy,3D Acrylic Cutout on Canvas,3D Acrylic Cutout on Canvas,,,24 X 24 INCHES,"The LOH E QURANI in NASTALEEQ font is painted in acrylic with 3D effect. The painting is available WITHOUT frame. Out side of the painting is 2 1/2 inches wide from all sides, is in parrot green color. But the remaining size (inner) of the painting is in dark grey acrylic. All calligraphy is done in light golden color with 3D effect. The golden color will stay long. Sides of painting are painted with dark grey color.",24.0,24.0,,576.0,24,420,True
2538,AR-672538,Structure Series,structure-series-9,https://artreserves.com/product/structure-series-9/,PKR,75000.0,75000.0,75000.0,False,True,True,1,0,0,Photography,Photography,Archival Print on Archival Paper. Edition 3/5,Archival Print on Archival Paper. Edition 3/5,,,34 x 72 INCHES,"Jamal Ashiqian[ Jamash] Objective To be able to positively contribute to the society and to leave footprints behind for others to follow. Shades & Hues Social Human Rights Activist Voicing against the patriarchic society since early teens, have been actively blogging on social issues taking part in many awareness campaigns / feminist campaigns / educational campaigns with a number of NGOs Trained as a trainer for Digital Story Telling by APC women (www.apcwomen.org/). Produced a number of digital stories and videos for advocacy and activism and a number of campaigns Photography workshop with children from underprivileged section of the society to teach them to express positively. Participated actively in the local (Pakistan) Take Back The Tech campaign. Founding member of NGO, BoloBhi.org Pads Against Sexism campaign for Pakistan Running an international support group for rape survivors since 2009 on Facebook to provide support and link rape survivors to local social services in their respective region. Trained people (Crafters) online in Malaysia &Thailand to take better photographs of their home crafted items to make them look more presentable and sell more effectively online. 1999–2019 Jamash On Random Occasions, Graphics / Web designer Secured third position in the Azadi Competition held by SPIDER (DAWN) in 1999.. Designed websites, and demonstrations for Info train, designed Logos, Brochures, Visiting Cards Demonstrations, Websites and GUI for many software. Designed a logo for a local NGO, PDP Designed product covers and posters and online advertisements campaigns Commercial Photographic insanity Since before 2002 Jamash: http://www.flickr.com/photos/jamash Involved in Photography since early childhood. buying my first digital camera in 2002 and ever since have done mainstream photography for leading local galleries, artists, magazines and NGOs. Worked for GT, women’s Own, and other magazines covered ramp, fashion and social gatherings. Officially covering art exhibitions and social events since year 2007. Art documentation of works by leading artists including Meher Afroze, Abdul jabbar gull, Noorjehan Bilgrami, Amin Gulgee, Adeela sulaman, Naiza khan, Imran Qureshi, Adeel uz zafar, Madiha Sikander, Ahsan Jamal, Asim butt, Usman Gauri and many other leading artists Since Early 2005 Personal Blog: http://Jamash.wordpress.com Scribbling, playing with words Monthly feature Titled Digi- Art for the Spider ( DAWN) magazine, also introduced regular features “ Artist of the Month” and “ Digital Photography Tips” Technology and digital art related articles for Spider ( DAWN) . Blogging since 2005 on social issues, fine arts, city happenings and events, technology and technology events, have also been the city captain, for Karachi Metro Blogs Former Correspondent France24 Online Contributor Art Now Magazine Contributor Humsafar PIA Inflight Magazine Artistic Madness Exhibitions 2009, participating artist in Machar colony Art show at IVSAA Gallery, Karachi. 2010, Participating artist in Art Loot Maar at The Second Floor, Farar Gallery, Karachi 2012, Participating performance artist, in “Love Marriage”, an Amin Gulgee’s performance, part of Band Baja Barat, Curated by Canvas Gallery held at IVSAA Gallery, Karachi 2012, participating artist at KOEL Gallery for the show titled “MAIN” 2012, participating artist at Art Chowk for the show Titled “Portraiture” 2012, participating artist at KSA Gallery, for the show titled “Sketchbooks” 2013, Participating Artist Alchemy Gallery, Lahore. for the digital art show “ Pixels” 2014 , Participating Artist at Alliance Francaise, Karachi , group show “Raison d’etre”. 2015 Art Performance (public) Titled: Objectified, at IVSAA, Fika, Koel, T2F. 2015. Participating Artist, Aghaz- e- Safar, An event by Pursukoon Karachi, Auction for a cause . 2015 Participating artist, ( Performance, interactive and digital work ) “Basiliq”, Held at Sadeqain Gallery, Frere Hall. 2015 Participating artist, “ Birwa ”, Held at Sadeqain Gallery, Frere Hall. 2016 Participating artist “Impact” , at Mövenpick Hotel Gallery, Karachi 2016 Participating artist “Mera Virsa Mera Khazana “ at Sadeqain Gallery, Frere Hall, Karachi. 2017 Participating artist “Inquiry” at Studio 7 Gallery, Karachi . 2017 Solo Exhibition “ Exploring Structures” Studio 7 Gallery, Karachi. 2017 Site Specific installation “The Lost Stories Of The Past” – Karachi Art Summit – at Arts Council, Karachi. 2018, Participating Artist – Group Show – Baad e Saba II , Clifton Art Gallery, Karachi 2018, Participating Artist – Group Show – Pehchaan, Studio 7 Art Gallery, Karachi. 2018, Participating Artist – Group Show – No Filter, Alliance Francaise Gallerey, Karachi. 2019, Exhibition of personal collection – Aks –e-Jamal at Art Chawk Gallery, Karachi Curatorial projects 2016 Curator, “ When I think about my self … “ Group show – Spaces Gallery, Karachi 2017 Curator “ Social Dialogue “ Solo – Mohsin Panjwani – Studio 7 Gallery, Karachi 2017 Curator “ silent noise “ Group show – Studio 7 Gallery, Karachi 2018 Co-curator “Its All About Satire” Five person Show – Studio 7 Gallery, Karachi. 2019 Co-Curator “An Apology To Shaikh Ayaz” Group show, Chawkandi Art Gallery, Karachi 2020 Curator: “Deafening Silence” Group show at Meubels Art Gallery, Karachi. 2020 Curator Karachi Art and Craft Gala 2021, Studio 7 Gallery Karachi 2021 Co_Curator “ Zindagi hai Karachi” Group show at Arts Council, Karachi. 2021 Curator Karachi Art and Craft Gala 2021(spring), Studio 7 Gallery Karachi Awards 1999, International Azadi competition, 3rd price in web designing. By spider and Xiber com. 2010 Best Live PhotoBlogger , “First National Bloggers Awards” 2017 Special Prize Photography “ First Niggah National Art Awards “. Media Newspaper Mentions Interview ( TV guest appearance AAG TV as a photoblogger) Interview ( TV guest appearance Dawn Tv Breakfast With DAWN) Interview ( TV guest appearance Sindh Tv Morning show ) 2015 GLAM Magazine, Article by Manizhe Ali “ Using art for social activism”. 2015, NIGAAH Art Magazine Article by Marjorie Husain “ Leaving Foot Prints Behind For Others To Follow” 2017 Coverage in Biztoday for the show curated at Studio 7 NIGGAH ART TV coverage by Aks-e-Jamal : 2019 Preopening announcement in Biz today for the show “An Apology To Shaikh Ayaz curated at Chawkandi Art Gallery, Karachi . 2019 Coverage in Youlin Magazine for the show “An Apology To Shaikh Ayaz curated at Chawkandi Art Gallery, Karachi. 2019 Coverage in The News for the show “An Apology To Shaikh Ayaz curated at Chawkandi Art Gallery, Karachi. 2019 Coverage in DAWN by Pirzada Salman for the show “An Apology To Shaikh Ayaz” curated at Chawkandi Art Gallery, Karachi. 2019 Coverage in DAWN by Amra Ali for the show “An Apology To Shaikh Ayaz” curated at Chawkandi Art Gallery, Karachi. 2019 Coverage in Art Now for the show “An Apology To Shaikh Ayaz” curated at Chawkandi Art Gallery, Karachi. 2019 Video Coverage by NIGGAH TV for the show “An Apology To Shaikh Ayaz” curated at Chawkandi Art Gallery, Karachi. 2019 article by Eman Saleem covering the show “An Apology To Shaikh Ayaz” in The Mag Weekly magazine August 31 – Sept 6 Year 2019, Edition Formal Education 2001–2005 University of Karachi, Pakistan. Graduated in English, Education and Sociology in 2005. 2000–2005 Others Karachi, Pakistan. Brain Bench Flash 4 certification in year 2000 Six month proficiency certification in E-commerce from Info train in 2001. Achievement certificate for summer art classes from Karachi School Of Art, year 2005 Other bad Habits Cooking, Reading, Collecting antiques, artworks, stamps, coins and books.",34.0,72.0,,2448.0,16,7656,True
3743,AR-213743,Untitled,untitled-159,https://artreserves.com/product/untitled-159/,PKR,10000.0,10000.0,10000.0,False,True,True,1,0,0,Freedom in Jail,Freedom in Jail,Oil on Canvas,Oil on Canvas,,,18 x 24 INCHES,,18.0,24.0,,432.0,8,0,True
6790,AR-536790,Wadi,wadi,https://artreserves.com/product/wadi/,PKR,18000.0,18000.0,18000.0,False,True,True,,0,0,Oil Paintings|Paintings,Oil Paintings,Oil on Canvas,Oil on Canvas,,,23 X 24 INCHES,Oil Painting on Canvas!,23.0,24.0,,552.0,4,23,True
3609,AR-623609,Untitled,untitled-112,https://artreserves.com/product/untitled-112/,PKR,9000.0,9000.0,9000.0,False,True,True,1,0,0,Freedom in Jail,Freedom in Jail,Oil on Canvas,Oil on Canvas,,,18 x 24 INCHES,,18.0,24.0,,432.0,8,0,True
3705,AR-433705,Untitled,untitled-152,https://artreserves.com/product/untitled-152/,PKR,8000.0,8000.0,8000.0,False,True,True,1,0,0,Freedom in Jail,Freedom in Jail,Oil on Canvas,Oil on Canvas,,,18 x 24 INCHES,,18.0,24.0,,432.0,8,0,True
3398,TA97044,Ayat-ul-Kursi,ayat-ul-kursi,https://artreserves.com/product/ayat-ul-kursi/,PKR,7900.0,7900.0,7900.0,False,True,True,,0,0,Calligraphy,Calligraphy,Acrylic and Mix Media on Canvas,Acrylic and Mix Media on Canvas,,,24 X 24 INCHES,Ayat-Ul-Kursi Calligraphy with golden paint by Hafida’tu Abdil Qadir 2/2 feet canvas.,24.0,24.0,,576.0,13,85,True
6797,AR-836797,Hasbi Allah,hasbi-allah,https://artreserves.com/product/hasbi-allah/,PKR,18000.0,18000.0,18000.0,False,True,True,,0,0,Calligraphy|Oil Paintings|Paintings,Calligraphy,Oil on Canvas,Oil on Canvas,,,36 X 48 INCHES,Oil Painting on Canvas!,36.0,48.0,,1728.0,11,23,True
1228,AR-911228,OCEAN OF PEACE,ocean-of-peace,https://artreserves.com/product/ocean-of-peace/,PKR,90000.0,90000.0,90000.0,False,True,True,1,0,0,Acrylic Paintings|Paintings,Acrylic Paintings,Acrylic and Pen on Canvas,Acrylic and Pen on Canvas,,,35.43 x 27.56 INCHES,"Shazia Jaffery Artist/Writer Statement My basic belief is that creativity is an expression of the God within, in my paintings; I am looking for spiritual significance in ordinary people and their lives. One is born with Creativity which is gifted by (Allah)God to everyone. I am a Dubai based Pakistani artist, graduated in painting and sculpture I usually work in acrylics sometimes mixed medium, in my contemporary painting style I use text, lines and basic shapes as my main tools. My journey started with exploring SELF; I feel self is the center of everything. It all starts from within, whether good or bad, I believe that your experiences are the outcome of self believe and thought process. I also believe that Self can only be managed if you have strong self-control on your whims and wishes. I have spent ten years to explore the philosophy of self. How lack of self-control can create issues and spread negativity. I also practice self-reflection in my daily life to understand the world and people around me. I also empathize with people and put myself in that situation to observe the different point of views which is reflective in my work. During my journey of self-reflection and exploring of myself, I understood the concepts of liberations, emotional freedom. Freedom is another subject close to my heart, I feel there should be equal opportunity in the world to live and express, spread wings, breathe in open air and taste the variety. “Emotional freedom answers to reclaiming happiness and heart. It is a way to increase ability to love by increasing positive emotions and being able to compassionately witness and transform negative ones whether they are yours or someone else. Emotional freedom can be attained through spiritual awakening. To free our self from anxiety, depression, frustration, the process of spiritual awakening is the key. In my recent practice, my poetry is driving my paintings, I would depict the same message in my poems and my painting leading to realization of spirituality. Everything is the outcome of your spiritual status, if you are connected to Allah/universe then you are at peace happiness and positivity. If your connection is week then it will reflect in your life. Once you understand the spirituality and the art of surrendering that when you rise above and attain self-peace and happiness. I feel that emotional freedom, self, and spiritualty and interrelated. My recent style focusses on spirituality and reinforcement which I feel will eventually create an impact in the society. If you keep on reinforcing goodness, it creates positive impact around you. My main medium is acrylic but I also likes to play with different bases, adds pen and ink and other media.",35.43,27.56,,976.4508,14,2726,True
4729,AR-714729,Red rose,red-rose,https://artreserves.com/product/red-rose/,PKR,12000.0,12000.0,12000.0,False,True,True,,0,0,Acrylic Paintings|Paintings,Acrylic Paintings,Acrylic and Mix Media on Canvas,Acrylic and Mix Media on Canvas,,,18 X 24 INCHES,Its double framed canvas. When one odd one stands out either is good or bad. The red flower shows standing out from others it shows the beauty in itself.,18.0,24.0,,432.0,8,153,True
1172,AR-141172,untitled,untitled-7,https://artreserves.com/product/untitled-7/,PKR,95000.0,95000.0,95000.0,False,True,True,1,0,0,Oil Paintings,Oil Paintings,Oil on Canvas,Oil on Canvas,,,22 x 30 INCHES,"Ajab khan , I a primarily self taught artist, works persistently in of art. He paints the life around his native area of D l khan which river Indus. His landscapes speaks volumes of his love for nature and process without doubt, his expertise in capturing the exact moment on time thus making it timeless. Though Ajab khan is Master in urdu literature and formally trained in this grace but destingueshed himself as well established landscape Painter. Ajab’s language is “colour” his choice of shades, color, scenery and subject instantly takes the viewer to the erea on which he painted that scene. Ajab has groups and many show to his credit and is collected internationally too.",22.0,30.0,,660.0,8,681,True
939,AR-48939,Adoration,adoration,https://artreserves.com/product/adoration/,PKR,55000.0,55000.0,55000.0,False,True,True,1,0,0,Paintings,Paintings,Lead on Paper,Lead on Paper,,,11.02 x 15.75 INCHES,"Shumaila Islam Biography Born in Lahore, Pakistan, she is M.Phil in studio Practice Finearts from PUCAD. She has acquired training of calligraphy from CCRS-NCA. She has displayed her work in more than 25 group shows on renowned national art platforms and one calligraphy group show in Turkey. She has been part of artist residency at Shakir Ali Museum in 2018. Her work has been selected for Santorini-Mykonos art fairs Greece 2018 and Izmir Biennale 2019. Currently, she is teaching at University of Education and Sargodha University. Statement Being not confined to a single medium, I categorize myself a visual artist. I have been trained in conventional arts of painting, but did experimentation in my works, maintaining the soul of chosen genre according thought process and concepts. My inspirations stimulate from nature and support me to present all kinds of observations and feelings. I choose representational imagery, recalling all the experiences that are in my subconscious, experimenting with linear elements, which I overlay and deploy in order to create a physical construction with abundant lyricism. Segments of nature are revolved into emotional catharsis as a vital need to express thoughts through a constant methodological and flexible investigation. I try to create images provided with a personal sensibility and originality. They show assured sensations of movement. I am producing art pieces on Wasli using gauche, ink and pointers.",11.02,15.75,,173.565,9,1458,True
4534,AR-474534,Tranquility 1,tranquility-1,https://artreserves.com/product/tranquility-1/,PKR,15000.0,15000.0,15000.0,False,True,True,,0,0,Paintings,Paintings,Gouache on Wasli,Gouache on Wasli,,,10 X 7 INCHES,This painting belongs to the series named “Life on the Water”.,10.0,7.0,,70.0,13,62,True
4626,AR-484626,Bold &#038; Broken,bold-broken,https://artreserves.com/product/bold-broken/,PKR,5500.0,6000.0,5500.0,True,True,True,,0,0,Acrylic Paintings|Paintings,Acrylic Paintings,Acrylic on Canvas,Acrylic on Canvas,,,8 X 8 INCHES,If you’re broken but still wants to be bold and standout loud this will inspire you to conquer.🌹,8.0,8.0,,64.0,18,96,True
3110,AR-113110,River series,river-series,https://artreserves.com/product/river-series/,PKR,45000.0,45000.0,45000.0,False,True,True,,0,0,Paintings,Paintings,Water Color on Paper,Water Color on Paper,,,15 X 22 INCHES,"I was born in Lodhran district of Multan division. I work in watercolor media. I learned from International School of painting of Peshawar. I paint most of the things around me. Next to my house is the Sutlej river I like to paint boats on the river. also,I enjoy painting natural things in my village. Watercolor is a difficult medium. I really enjoy working in it. I am always looking for something new. I keep on searching so that people can enjoy my painting as much as possible • • Date of birth 15-05-1984 Exhibitions • Group Show Break in the clouds artscene Art Gallery karachi 2021 • Group Show watercolor Ijaz Art Gallery Lahore 2020. • Group show watercolor Mussawir Art gallery Lahore 2019. • Group show 33 Annual Exhibition Alhamra Art Gallery Lahore 2019. • Group shwo watercolor Full Circle Gallery Karachi 2019. • Group show watercolor Art scene galleries Karachi 2018. • Group show watercolor Gallery 6 Islamabad 2018. • Group show 32 Annual Exhibition Alhamra Art Gallery Lahore 2018. • • International watercolor society group show 2 Albania Bainnel Albania 2017 International watercolor society group show 2 India Bainnel India 2017 • Group show watercolor Coopera Art Gallery Lahore 2016 • Awards & Certificates • Selected as a top 100 artist in iws bangladesh 1st online juried watercolor competition (certificate 2021) • International watercolor society best watercolor portrait painting award Contest 2019-2020. • International watercolor society Pakistani Artist Award Contest 2016 (Gold medal)• 1st international largest painting Islamabad participation certificate 2016. • Funny Khidmat award bait ul fan of Calligraphy Bahawalpur 2016-2017. • Tru hues of Khyber Pakhtunkhwa 1st largest painting Peshawar participation certificate 2016. • Certificate Outstanding craftsmanship in the field of oil and colour painting (Major General General Officer Commanding Muhammad Shafique) 2015. • Certificate Outstanding Painting in TFWC (Brigadier Commander Dilawar Khan) 2014.. • Membership. Member of National artist association of Pakistan” • I was born in Lodhran district of Multan division. I work in watercolor media. I learned from International School of painting of Peshawar. I paint most of the things around me. Next to my house is the Sutlej river I like to paint boats on the river. also, I enjoy painting natural things in my village. Watercolor is a difficult medium. I really enjoy working in it. I am always looking for something new.I keep on searching so that people can enjoy my painting as much as possible • • Date of birth 15-05-1984 Exhibitions • Group Show Break in the clouds artscene Art Gallery karachi 2021 • Group Show watercolor Ijaz Art Gallery Lahore 2020. • Group show watercolor Mussawir Art gallery Lahore 2019. • Group show 33 Annual Exhibition Alhamra Art Gallery Lahore 2019. • Group shwo watercolor Full Circle Gallery Karachi 2019. • Group show watercolor Art scene galleries Karachi 2018. • Group show watercolor Gallery 6 Islamabad 2018. • Group show 32 Annual Exhibition Alhamra Art Gallery Lahore 2018. • • International watercolor society group show 2 Albania Bainnel Albania 2017 International watercolor society group show 2 India Bainnel India 2017 • Group show watercolor Coopera Art Gallery Lahore 2016 • Awards & Certificates • Selected as a top 100 artist in iws bangladesh 1st online juried watercolor competition (certificate 2021) • International watercolor society best watercolor portrait painting award Contest 2019-2020. • International watercolor society Pakistani Artist Award Contest 2016 (Gold medal)• 1st international largest painting Islamabad participation certificate 2016. • Funny Khidmat award bait ul fan of Calligraphy Bahawalpur 2016-2017. • Tru hues of Khyber Pakhtunkhwa 1st largest painting Peshawar participation certificate 2016. • Certificate Outstanding craftsmanship in the field of oil and colour painting (Major General General Officer Commanding Muhammad Shafique) 2015. • Certificate Outstanding Painting in TFWC (Brigadier Commander Dilawar Khan) 2014.. • Membership. Member of National artist association of Pakistan",15.0,22.0,,330.0,12,4122,True
3624,AR-893624,Untitled,untitled-120,https://artreserves.com/product/untitled-120/,PKR,15000.0,15000.0,15000.0,False,True,True,1,0,0,Freedom in Jail,Freedom in Jail,Oil on Canvas,Oil on Canvas,,,20 x 30 INCHES,,20.0,30.0,,600.0,8,0,True
1161,AR-431161,THOUGHTS FROM THE CELESTIAL REALM,thoughts-from-the-celestial-realm-2,https://artreserves.com/product/thoughts-from-the-celestial-realm-2/,PKR,175000.0,175000.0,175000.0,False,True,True,1,0,0,Sculptures,Sculptures,Brass Gold and Resin,Brass Gold and Resin,,,15 x 15 x 20 INCHES,,15.0,15.0,20.0,225.0,33,0,True
2626,AR-112626,Muhammad,muhammad,https://artreserves.com/product/muhammad/,PKR,8000.0,8000.0,8000.0,False,True,True,1,0,0,Calligraphy,Calligraphy,Acrylic on Canvas,Acrylic on Canvas,,,24 X 24 INCHES,This painting is created on canvas with acrylic paints. Spontaneous and quick strokes.,24.0,24.0,,576.0,8,86,True
1274,AR-231274,Bliss,bliss,https://artreserves.com/product/bliss/,PKR,70000.0,70000.0,70000.0,False,True,True,1,0,0,Paintings,Paintings,Gouache on Wasli,Gouache on Wasli,,,8.66 x 11.02 INCHES,"Shumaila Islam Biography Born in Lahore, Pakistan, she is M.Phil in studio Practice Finearts from PUCAD. She has acquired training of calligraphy from CCRS-NCA. She has displayed her work in more than 25 group shows on renowned national art platforms and one calligraphy group show in Turkey. She has been part of artist residency at Shakir Ali Museum in 2018. Her work has been selected for Santorini-Mykonos art fairs Greece 2018 and Izmir Biennale 2019. Currently, she is teaching at University of Education and Sargodha University. Statement Being not confined to a single medium, I categorize myself a visual artist. I have been trained in conventional arts of painting, but did experimentation in my works, maintaining the soul of chosen genre according thought process and concepts. My inspirations stimulate from nature and support me to present all kinds of observations and feelings. I choose representational imagery, recalling all the experiences that are in my subconscious, experimenting with linear elements, which I overlay and deploy in order to create a physical construction with abundant lyricism. Segments of nature are revolved into emotional catharsis as a vital need to express thoughts through a constant methodological and flexible investigation. I try to create images provided with a personal sensibility and originality. They show assured sensations of movement. I am producing art pieces on Wasli using gauche, ink and pointers.",8.66,11.02,,95.4332,5,1458,True
3429,AR-883429,Untitled,untitled-36,https://artreserves.com/product/untitled-36/,PKR,40000.0,40000.0,40000.0,False,True,True,1,0,0,Freedom in Jail,Freedom in Jail,Embroidery,Embroidery,,,30 x 20 INCHES,,30.0,20.0,,600.0,8,0,True
4732,AR-674732,Calligraphy,calligraphy,https://artreserves.com/product/calligraphy/,PKR,15000.0,15000.0,15000.0,False,True,True,,0,0,Acrylic Paintings|Calligraphy|Paintings,Acrylic Paintings,Acrylic and Mix Media on Canvas,Acrylic and Mix Media on Canvas,,,18 X 24 INCHES,"Salawat is a special Arabic phrase, which contains the salutation upon Muhammad, the prophet of Islam. This kind of phrase is usually expressed by Muslims in their five daily prayers and also when Muhammad’s name is mentioned.",18.0,24.0,,432.0,11,226,True
2070,AR-392070,Vintage Kodak Camera,vintage-kodak-camera,https://artreserves.com/product/vintage-kodak-camera/,PKR,22000.0,22000.0,22000.0,False,True,True,1,0,0,Crafts,Crafts,,,,,4 × 8 INCHES,,4.0,8.0,,32.0,20,0,True
3641,AR-463641,Untitled,untitled-127,https://artreserves.com/product/untitled-127/,PKR,14000.0,14000.0,14000.0,False,True,True,1,0,0,Freedom in Jail,Freedom in Jail,Oil on Canvas,Oil on Canvas,,,24 x 24 INCHES,,24.0,24.0,,576.0,8,0,True
3835,AR-153835,Resilience,resilience,https://artreserves.com/product/resilience/,PKR,30000.0,30000.0,30000.0,False,True,True,,0,0,Paintings,Paintings,Gouache on Wasli,Gouache on Wasli,,,15 X 20 INCHES,This painting belongs to the series named “Life on the Water”. This artwork is Gouache on paper.,15.0,20.0,,300.0,10,96,True
3747,AR-943747,Untitled,untitled-160,https://artreserves.com/product/untitled-160/,PKR,7000.0,7000.0,7000.0,False,True,True,1,0,0,Freedom in Jail,Freedom in Jail,Oil on Canvas,Oil on Canvas,,,10 x 12 INCHES,,10.0,12.0,,120.0,8,0,True
3683,AR-763683,Untitled,untitled-141,https://artreserves.com/product/untitled-141/,PKR,14000.0,14000.0,14000.0,False,True,True,1,0,0,Freedom in Jail,Freedom in Jail,Oil on Canvas,Oil on Canvas,,,18 x 24 INCHES,,18.0,24.0,,432.0,8,0,True
3731,AR-793731,Untitled,untitled-154,https://artreserves.com/product/untitled-154/,PKR,90000.0,90000.0,90000.0,False,True,True,1,0,0,Drawings,Drawings,Charcoal on Paper,Charcoal on Paper,,,22 x 28 INCHES,"A.S Rind was born in 1960 in Rahim Yar Khan, a town in the South of Punjab, Pakistan. He acquired his formal education in Art from the Central Institute of Arts and Crafts in Karachi. The inspirations that Rind has drawn from the rich culture and heritage of his hometown are creatively incorporated in his paintings. With oil on canvas being his major technique, Rind’s paintings are an abstract but a meaningful play of lines and colors. His work revolves around various moods of traditional and modern women in Pakistan. He depicts different moods of a feminine spirit with commendable craftsmanship and intricacy. Use of a blend of varying colors in harmonious tones in the background is Rind’s signature style. Date of Birth : 1960 in Rahim Yar Khan, Pakistan. Qualification : B.A From Punjab. 4 year diploma in fine art 1988 from Central institute of Art and Craft (Arts) Council, Karachi, Pakistan. Career Experience : 1986 worked with different mediums. 1990 worked in realism. 1992 worked In impressionism, done some works in cubism which was exhibited in Alliance Franchise, Karachi, Pakistan. 1998 Painted some work in different techniques and mediums 2002 started calligraphic paintings with own developed typography.",22.0,28.0,,616.0,8,1229,True
1282,AR-921282,Enlightenment,enlightenment,https://artreserves.com/product/enlightenment/,PKR,80000.0,80000.0,80000.0,False,True,True,1,0,0,Paintings,Paintings,Gouache on Wasli,Gouache on Wasli,,,5.91 x 3.94 INCHES,"Shumaila Islam Biography Born in Lahore, Pakistan, she is M.Phil in studio Practice Finearts from PUCAD. She has acquired training of calligraphy from CCRS-NCA. She has displayed her work in more than 25 group shows on renowned national art platforms and one calligraphy group show in Turkey. She has been part of artist residency at Shakir Ali Museum in 2018. Her work has been selected for Santorini-Mykonos art fairs Greece 2018 and Izmir Biennale 2019. Currently, she is teaching at University of Education and Sargodha University. Statement Being not confined to a single medium, I categorize myself a visual artist. I have been trained in conventional arts of painting, but did experimentation in my works, maintaining the soul of chosen genre according thought process and concepts. My inspirations stimulate from nature and support me to present all kinds of observations and feelings. I choose representational imagery, recalling all the experiences that are in my subconscious, experimenting with linear elements, which I overlay and deploy in order to create a physical construction with abundant lyricism. Segments of nature are revolved into emotional catharsis as a vital need to express thoughts through a constant methodological and flexible investigation. I try to create images provided with a personal sensibility and originality. They show assured sensations of movement. I am producing art pieces on Wasli using gauche, ink and pointers.",5.91,3.94,,23.2854,13,1458,True
7349,AR-227349,A Scenic Autumn Days,a-scenic-autumn-days,https://artreserves.com/product/a-scenic-autumn-days/,PKR,40000.0,40000.0,40000.0,False,True,True,,0,0,Oil Paintings,Oil Paintings,Oil on Canvas,Oil on Canvas,,,18 X 24 INCHES,"life is unpredictable it changes with the seasons, Even your coldest winter, Happens for the best of reasons, and though it feels eternal, Like all you’ll ever do is freeze, i promise spring is coming, And with it brand new leaves 🍂",18.0,24.0,,432.0,20,232,True
6359,AR-866359,Starry Nights,starry-nights,https://artreserves.com/product/starry-nights/,PKR,28000.0,28000.0,28000.0,False,True,True,1,0,0,Acrylic Paintings,Acrylic Paintings,Acrylic on Canvas,Acrylic on Canvas,,,17.5 X 16 INCHES,"I do not know anything with certainty, but seeing the stars make me dream.",17.5,16.0,,280.0,13,74,True
3644,AR-163644,Untitled,untitled-129,https://artreserves.com/product/untitled-129/,PKR,10000.0,10000.0,10000.0,False,True,True,1,0,0,Freedom in Jail,Freedom in Jail,Oil on Canvas,Oil on Canvas,,,18 x 24 INCHES,,18.0,24.0,,432.0,8,0,True
7039,AR-237039,Travel,travel,https://artreserves.com/product/travel/,PKR,8000.0,8000.0,8000.0,False,True,True,1,0,0,Freedom in Jail,Freedom in Jail,Oil on Canvas,Oil on Canvas,,,18 x 24 INCHES,,18.0,24.0,,432.0,6,0,True
3538,AR-433538,Untitled,untitled-82,https://artreserves.com/product/untitled-82/,PKR,8000.0,8000.0,8000.0,False,True,True,1,0,0,Freedom in Jail|Oil Paintings,Freedom in Jail,Oil on Canvas,Oil on Canvas,,,20 x 30 INCHES,,20.0,30.0,,600.0,8,0,True
2781,AR-462781,Fatima Tuz Zahra,fatima-tuz-zahra,https://artreserves.com/product/fatima-tuz-zahra/,PKR,15000.0,15000.0,15000.0,False,True,True,,0,0,Calligraphy,Calligraphy,Acrylic and Pen on Canvas,Acrylic and Pen on Canvas,,Acrylic Fatima Tuz Zahra,18 X 26 INCHES,Arabic Calligraphy Subject: “Fatima Tuz Zahra” Reference: Hazrat Fatima Tuz Zahra (Radi Allah Ho Ta’ala Anhu). Beloved Daughter of the Holy Prophet Hazrat Muhammad (S.A.W). Canvas: 18″ width x 26″ length Medium: Acrylic,18.0,26.0,,468.0,16,219,True
4171,AR-964171,Female Wallet (Freedom In Jail),964171,https://artreserves.com/product/964171/,PKR,2000.0,2000.0,2000.0,False,True,True,1,0,0,Crafts,Crafts,Moti Work,Moti Work,,,RS 2000 PER PIECE.,,,,,,31,0,True
4104,AR-594104,Key Chain (Freedom In Jail),594104,https://artreserves.com/product/594104/,PKR,400.0,400.0,400.0,False,True,True,1,0,0,Crafts,Crafts,Moti Work,Moti Work,,,400 RS PER PIECE.,,,,,,27,0,True
3457,AR-533457,Untitled,untitled-47,https://artreserves.com/product/untitled-47/,PKR,10000.0,10000.0,10000.0,False,True,True,1,0,0,Freedom in Jail|Oil Paintings,Freedom in Jail,Oil on Canvas,Oil on Canvas,,,24 x 24 INCHES,,24.0,24.0,,576.0,8,0,True
6340,AR-846340,Impressionistic landscape,impressionistic-landscape,https://artreserves.com/product/impressionistic-landscape/,PKR,120000.0,120000.0,120000.0,False,True,True,1,0,0,Acrylic Paintings|Paintings,Acrylic Paintings,Acrylic Cutout on Canvas,Acrylic Cutout on Canvas,,,35.5 X 18.5 INCHES,Knife palatte Acrylic painting of impressionistic landscape of northren area of Pakistan. The vibrancy of color in painting dipict the rich and colorful land of the area.,35.5,18.5,,656.75,25,170,True
2517,AR-612517,Structure Series,structure-series-2,https://artreserves.com/product/structure-series-2/,PKR,70000.0,70000.0,70000.0,False,True,True,1,0,0,Photography,Photography,Archival Print on Archival Paper. Edition 3/5,Archival Print on Archival Paper. Edition 3/5,,,34 x 71 INCHES,"Jamal Ashiqian[ Jamash] Objective To be able to positively contribute to the society and to leave footprints behind for others to follow. Shades & Hues Social Human Rights Activist Voicing against the patriarchic society since early teens, have been actively blogging on social issues taking part in many awareness campaigns / feminist campaigns / educational campaigns with a number of NGOs Trained as a trainer for Digital Story Telling by APC women (www.apcwomen.org/). Produced a number of digital stories and videos for advocacy and activism and a number of campaigns Photography workshop with children from underprivileged section of the society to teach them to express positively. Participated actively in the local (Pakistan) Take Back The Tech campaign. Founding member of NGO, BoloBhi.org Pads Against Sexism campaign for Pakistan Running an international support group for rape survivors since 2009 on Facebook to provide support and link rape survivors to local social services in their respective region. Trained people (Crafters) online in Malaysia &Thailand to take better photographs of their home crafted items to make them look more presentable and sell more effectively online. 1999–2019 Jamash On Random Occasions, Graphics / Web designer Secured third position in the Azadi Competition held by SPIDER (DAWN) in 1999.. Designed websites, and demonstrations for Info train, designed Logos, Brochures, Visiting Cards Demonstrations, Websites and GUI for many software. Designed a logo for a local NGO, PDP Designed product covers and posters and online advertisements campaigns Commercial Photographic insanity Since before 2002 Jamash: http://www.flickr.com/photos/jamash Involved in Photography since early childhood. buying my first digital camera in 2002 and ever since have done mainstream photography for leading local galleries, artists, magazines and NGOs. Worked for GT, women’s Own, and other magazines covered ramp, fashion and social gatherings. Officially covering art exhibitions and social events since year 2007. Art documentation of works by leading artists including Meher Afroze, Abdul jabbar gull, Noorjehan Bilgrami, Amin Gulgee, Adeela sulaman, Naiza khan, Imran Qureshi, Adeel uz zafar, Madiha Sikander, Ahsan Jamal, Asim butt, Usman Gauri and many other leading artists Since Early 2005 Personal Blog: http://Jamash.wordpress.com Scribbling, playing with words Monthly feature Titled Digi- Art for the Spider ( DAWN) magazine, also introduced regular features “ Artist of the Month” and “ Digital Photography Tips” Technology and digital art related articles for Spider ( DAWN) . Blogging since 2005 on social issues, fine arts, city happenings and events, technology and technology events, have also been the city captain, for Karachi Metro Blogs Former Correspondent France24 Online Contributor Art Now Magazine Contributor Humsafar PIA Inflight Magazine Artistic Madness Exhibitions 2009, participating artist in Machar colony Art show at IVSAA Gallery, Karachi. 2010, Participating artist in Art Loot Maar at The Second Floor, Farar Gallery, Karachi 2012, Participating performance artist, in “Love Marriage”, an Amin Gulgee’s performance, part of Band Baja Barat, Curated by Canvas Gallery held at IVSAA Gallery, Karachi 2012, participating artist at KOEL Gallery for the show titled “MAIN” 2012, participating artist at Art Chowk for the show Titled “Portraiture” 2012, participating artist at KSA Gallery, for the show titled “Sketchbooks” 2013, Participating Artist Alchemy Gallery, Lahore. for the digital art show “ Pixels” 2014 , Participating Artist at Alliance Francaise, Karachi , group show “Raison d’etre”. 2015 Art Performance (public) Titled: Objectified, at IVSAA, Fika, Koel, T2F. 2015. Participating Artist, Aghaz- e- Safar, An event by Pursukoon Karachi, Auction for a cause . 2015 Participating artist, ( Performance, interactive and digital work ) “Basiliq”, Held at Sadeqain Gallery, Frere Hall. 2015 Participating artist, “ Birwa ”, Held at Sadeqain Gallery, Frere Hall. 2016 Participating artist “Impact” , at Mövenpick Hotel Gallery, Karachi 2016 Participating artist “Mera Virsa Mera Khazana “ at Sadeqain Gallery, Frere Hall, Karachi. 2017 Participating artist “Inquiry” at Studio 7 Gallery, Karachi . 2017 Solo Exhibition “ Exploring Structures” Studio 7 Gallery, Karachi. 2017 Site Specific installation “The Lost Stories Of The Past” – Karachi Art Summit – at Arts Council, Karachi. 2018, Participating Artist – Group Show – Baad e Saba II , Clifton Art Gallery, Karachi 2018, Participating Artist – Group Show – Pehchaan, Studio 7 Art Gallery, Karachi. 2018, Participating Artist – Group Show – No Filter, Alliance Francaise Gallerey, Karachi. 2019, Exhibition of personal collection – Aks –e-Jamal at Art Chawk Gallery, Karachi Curatorial projects 2016 Curator, “ When I think about my self … “ Group show – Spaces Gallery, Karachi 2017 Curator “ Social Dialogue “ Solo – Mohsin Panjwani – Studio 7 Gallery, Karachi 2017 Curator “ silent noise “ Group show – Studio 7 Gallery, Karachi 2018 Co-curator “Its All About Satire” Five person Show – Studio 7 Gallery, Karachi. 2019 Co-Curator “An Apology To Shaikh Ayaz” Group show, Chawkandi Art Gallery, Karachi 2020 Curator: “Deafening Silence” Group show at Meubels Art Gallery, Karachi. 2020 Curator Karachi Art and Craft Gala 2021, Studio 7 Gallery Karachi 2021 Co_Curator “ Zindagi hai Karachi” Group show at Arts Council, Karachi. 2021 Curator Karachi Art and Craft Gala 2021(spring), Studio 7 Gallery Karachi Awards 1999, International Azadi competition, 3rd price in web designing. By spider and Xiber com. 2010 Best Live PhotoBlogger , “First National Bloggers Awards” 2017 Special Prize Photography “ First Niggah National Art Awards “. Media Newspaper Mentions Interview ( TV guest appearance AAG TV as a photoblogger) Interview ( TV guest appearance Dawn Tv Breakfast With DAWN) Interview ( TV guest appearance Sindh Tv Morning show ) 2015 GLAM Magazine, Article by Manizhe Ali “ Using art for social activism”. 2015, NIGAAH Art Magazine Article by Marjorie Husain “ Leaving Foot Prints Behind For Others To Follow” 2017 Coverage in Biztoday for the show curated at Studio 7 NIGGAH ART TV coverage by Aks-e-Jamal : 2019 Preopening announcement in Biz today for the show “An Apology To Shaikh Ayaz curated at Chawkandi Art Gallery, Karachi . 2019 Coverage in Youlin Magazine for the show “An Apology To Shaikh Ayaz curated at Chawkandi Art Gallery, Karachi. 2019 Coverage in The News for the show “An Apology To Shaikh Ayaz curated at Chawkandi Art Gallery, Karachi. 2019 Coverage in DAWN by Pirzada Salman for the show “An Apology To Shaikh Ayaz” curated at Chawkandi Art Gallery, Karachi. 2019 Coverage in DAWN by Amra Ali for the show “An Apology To Shaikh Ayaz” curated at Chawkandi Art Gallery, Karachi. 2019 Coverage in Art Now for the show “An Apology To Shaikh Ayaz” curated at Chawkandi Art Gallery, Karachi. 2019 Video Coverage by NIGGAH TV for the show “An Apology To Shaikh Ayaz” curated at Chawkandi Art Gallery, Karachi. 2019 article by Eman Saleem covering the show “An Apology To Shaikh Ayaz” in The Mag Weekly magazine August 31 – Sept 6 Year 2019, Edition Formal Education 2001–2005 University of Karachi, Pakistan. Graduated in English, Education and Sociology in 2005. 2000–2005 Others Karachi, Pakistan. Brain Bench Flash 4 certification in year 2000 Six month proficiency certification in E-commerce from Info train in 2001. Achievement certificate for summer art classes from Karachi School Of Art, year 2005 Other bad Habits Cooking, Reading, Collecting antiques, artworks, stamps, coins and books.",34.0,71.0,,2414.0,16,7656,True
5852,AH04122002,Light Behind The Woods,light-behind-the-woods,https://artreserves.com/product/light-behind-the-woods/,PKR,15000.0,15000.0,15000.0,False,True,True,,0,0,Oil Paintings|Paintings,Oil Paintings,Oil on Canvas,Oil on Canvas,,,18 X 24 INCHES,Light Behind The Woods.,18.0,24.0,,432.0,22,23,True
7034,AR-487034,Calligraphy Surah-e-Ikhlas,calligraphy-surah-e-ikhlas,https://artreserves.com/product/calligraphy-surah-e-ikhlas/,PKR,10000.0,10000.0,10000.0,False,True,True,1,0,0,Freedom in Jail,Freedom in Jail,Oil on Canvas,Oil on Canvas,,,18 x 24 INCHES,,18.0,24.0,,432.0,26,0,True
1296,AR-791296,Needling I,needling-i,https://artreserves.com/product/needling-i/,PKR,55000.0,55000.0,55000.0,False,True,True,1,0,0,Paintings,Paintings,Gouache on Wasli,Gouache on Wasli,,,9.45 x 9.45 INCHES,"Shumaila Islam Biography Born in Lahore, Pakistan, she is M.Phil in studio Practice Finearts from PUCAD. She has acquired training of calligraphy from CCRS-NCA. She has displayed her work in more than 25 group shows on renowned national art platforms and one calligraphy group show in Turkey. She has been part of artist residency at Shakir Ali Museum in 2018. Her work has been selected for Santorini-Mykonos art fairs Greece 2018 and Izmir Biennale 2019. Currently, she is teaching at University of Education and Sargodha University. Statement Being not confined to a single medium, I categorize myself a visual artist. I have been trained in conventional arts of painting, but did experimentation in my works, maintaining the soul of chosen genre according thought process and concepts. My inspirations stimulate from nature and support me to present all kinds of observations and feelings. I choose representational imagery, recalling all the experiences that are in my subconscious, experimenting with linear elements, which I overlay and deploy in order to create a physical construction with abundant lyricism. Segments of nature are revolved into emotional catharsis as a vital need to express thoughts through a constant methodological and flexible investigation. I try to create images provided with a personal sensibility and originality. They show assured sensations of movement. I am producing art pieces on Wasli using gauche, ink and pointers.",9.45,9.45,,89.30249999999998,10,1458,True
1230,AR-721230,Artwork,artwork,https://artreserves.com/product/artwork/,PKR,63000.0,63000.0,63000.0,False,True,True,1,0,0,Paintings,Paintings,Gouache on Wasli,Gouache on Wasli,,,7.09 x 12.99 INCHES,"Shumaila Islam Biography Born in Lahore, Pakistan, she is M.Phil in studio Practice Finearts from PUCAD. She has acquired training of calligraphy from CCRS-NCA. She has displayed her work in more than 25 group shows on renowned national art platforms and one calligraphy group show in Turkey. She has been part of artist residency at Shakir Ali Museum in 2018. Her work has been selected for Santorini-Mykonos art fairs Greece 2018 and Izmir Biennale 2019. Currently, she is teaching at University of Education and Sargodha University. Statement Being not confined to a single medium, I categorize myself a visual artist. I have been trained in conventional arts of painting, but did experimentation in my works, maintaining the soul of chosen genre according thought process and concepts. My inspirations stimulate from nature and support me to present all kinds of observations and feelings. I choose representational imagery, recalling all the experiences that are in my subconscious, experimenting with linear elements, which I overlay and deploy in order to create a physical construction with abundant lyricism. Segments of nature are revolved into emotional catharsis as a vital need to express thoughts through a constant methodological and flexible investigation. I try to create images provided with a personal sensibility and originality. They show assured sensations of movement. I am producing art pieces on Wasli using gauche, ink and pointers.",7.09,12.99,,92.09909999999999,7,1458,True
3638,AR-593638,Untitled,untitled-126,https://artreserves.com/product/untitled-126/,PKR,14000.0,14000.0,14000.0,False,True,True,1,0,0,Freedom in Jail,Freedom in Jail,Oil on Canvas,Oil on Canvas,,,24 x 24 INCHES,,24.0,24.0,,576.0,8,0,True
3425,AR-933425,Untitled,untitled-34,https://artreserves.com/product/untitled-34/,PKR,35000.0,35000.0,35000.0,False,True,True,1,0,0,Freedom in Jail,Freedom in Jail,Embroidery &amp; Oil On Canvas,Embroidery &amp; Oil On Canvas,,,24 x 36 INCHES,,24.0,36.0,,864.0,8,0,True
3458,AR-273458,Untitled,untitled-48,https://artreserves.com/product/untitled-48/,PKR,20000.0,20000.0,20000.0,False,True,True,1,0,0,Freedom in Jail|Oil Paintings,Freedom in Jail,Embroidery &amp; Oil On Canvas,Embroidery &amp; Oil On Canvas,,,20 x 30 INCHES,,20.0,30.0,,600.0,8,0,True
6990,AR-876990,LION,lion,https://artreserves.com/product/lion/,PKR,9000.0,9000.0,9000.0,False,True,True,1,0,0,Freedom in Jail,Freedom in Jail,Oil on Canvas,Oil on Canvas,,,24 x 36 INCHES,,24.0,36.0,,864.0,4,0,True
3636,AR-453636,Untitled,untitled-125,https://artreserves.com/product/untitled-125/,PKR,10000.0,10000.0,10000.0,False,True,True,1,0,0,Freedom in Jail,Freedom in Jail,Oil on Canvas,Oil on Canvas,,,18 x 24 INCHES,,18.0,24.0,,432.0,8,0,True
6655,AR-776655,Islamic calligraphy painting,untitled-174,https://artreserves.com/product/untitled-174/,PKR,8000.0,10000.0,8000.0,True,True,True,,0,0,Calligraphy,Calligraphy,Acrylic Cutout on Canvas,Acrylic Cutout on Canvas,,,24 X 36 INCHES,Beautiful calligraphy acrylic painting on canvas 3/4 ft.,24.0,36.0,,864.0,28,56,False
3549,AR-353549,Untitled,untitled-86,https://artreserves.com/product/untitled-86/,PKR,10000.0,10000.0,10000.0,False,True,True,1,0,0,Freedom in Jail|Oil Paintings,Freedom in Jail,Oil on Canvas,Oil on Canvas,,,24 x 36 INCHES,,24.0,36.0,,864.0,8,0,True
4846,AR-894846,إِنَّ اللّهَ مَعَ الصَّابِرِينَ,%d8%a5%d9%90%d9%86%d9%8e%d9%91-%d8%a7%d9%84%d9%84%d9%91%d9%87%d9%8e-%d9%85%d9%8e%d8%b9%d9%8e-%d8%a7%d9%84%d8%b5%d9%8e%d9%91%d8%a7%d8%a8%d9%90%d8%b1%d9%90%d9%8a%d9%86%d9%8e,https://artreserves.com/product/%d8%a5%d9%90%d9%86%d9%8e%d9%91-%d8%a7%d9%84%d9%84%d9%91%d9%87%d9%8e-%d9%85%d9%8e%d8%b9%d9%8e-%d8%a7%d9%84%d8%b5%d9%8e%d9%91%d8%a7%d8%a8%d9%90%d8%b1%d9%90%d9%8a%d9%86%d9%8e/,PKR,9000.0,9000.0,9000.0,False,True,True,,0,0,Oil Paintings,Oil Paintings,Oil on Canvas,Oil on Canvas,,,28 X 21 INCHES,إِنَّ اللّهَ مَعَ الصَّابِرِينَ written in Gold color with a triqolent background having the Ayat as the focal point. Made with oil paints.,28.0,21.0,,588.0,31,139,True
4321,AR-454321,Untitled,454321,https://artreserves.com/product/454321/,PKR,15000.0,15000.0,15000.0,False,True,True,1,0,0,Freedom in Jail,Freedom in Jail,Oil on Canvas,Oil on Canvas,,,20 x 30 INCHES,,20.0,30.0,,600.0,8,0,True
3564,AR-673564,Untitled,untitled-92,https://artreserves.com/product/untitled-92/,PKR,10000.0,10000.0,10000.0,False,True,True,1,0,0,Freedom in Jail|Oil Paintings,Freedom in Jail,Oil on Canvas,Oil on Canvas,,,18 x 24 INCHES,,18.0,24.0,,432.0,8,0,True
4300,AR-374300,Say Anything,say-anything,https://artreserves.com/product/say-anything/,PKR,45000.0,50000.0,45000.0,True,True,True,,0,0,Paintings,Paintings,Gouache Teawash and Gold on Wasli,Gouache Teawash and Gold on Wasli,,,12 X 9 INCHES,,12.0,9.0,,108.0,12,0,True
1715,AR-521715,Untitled,untitled-18,https://artreserves.com/product/untitled-18/,PKR,190000.0,190000.0,190000.0,False,True,True,1,0,0,Sculptures,Sculptures,Sheesham Wood Carving,Sheesham Wood Carving,,,16 x 28 INCHES,"Sadiq Hussain – Sculpture Art Professional An introduction: I started my career as a wooden sculptor in the field of fine art in 1980-81. Ali Imam Rizvi was quite impressed with my work and started displaying my art in his indus art gallery. Initially, when Ali Imam Rizvi saw my piece of art he said although he doesn’t allow any work from any artist at such young age but he found my work so impressive he not only allowed me to exhibit my art in his gallery but he also encouraged me to work further for his gallery. I was quite lucky to get this breakthrough in the very early age of 17 years. After that there was no ending… I got a lot of work from foreigners. I worked a lot on the bust sculpting. Making a life size horse sculptor for Pakistan Navy is one of my greatest achievements. That piece of art is still displayed as a Monument in NORE-1, Officers Mess. Karachi. I also worked a lot for many local art lovers. Some of the names are Wahab Jaffer, Dr. Sajid , Arif Ashari, Rafiq Parsa, Rais Ahmed Alvi, Dr Amir Butt and Muhammad Ali Dada. Besides that I also have worked for some multinational companies. Personally I have also hold solo exhibitions in November 2008 at V.M art gallery, which also widely covered by print and electronic media. Beside solo exhibition also participated in many leading group shows at indus art gallery, V.M art gallery and canvas art gallery. The specialty of my sculptors is that every art is made in one piece without any joint. Although my main interest is in the wooden sculpting but I have also worked on Fiber Glass, metal, Gandhara stone and camel bone medium. Many of my fiber glass murals have added artistic value to so many buildings. I believe that a true artist cannot sit back and wait for the change…. Hence I am striving to make change. Sadiq Hussain",16.0,28.0,,448.0,8,1812,True
5529,AR-245529,"Alif, Bay, Jeem",alif-bay-jeem,https://artreserves.com/product/alif-bay-jeem/,PKR,60000.0,65000.0,60000.0,True,True,True,1,0,0,Paintings,Paintings,Water Color on Paper,Water Color on Paper,,,30 X 22 INCHES,Painting show education in chitral Valley especially in kalash Valley. The hardship facing Northern area of Pakistan dipicts in my painting as mother hold his baby and teaching his child.,30.0,22.0,,660.0,15,187,True
3754,AR-493754,Untitled,untitled-163,https://artreserves.com/product/untitled-163/,PKR,30000.0,30000.0,30000.0,False,True,True,1,0,0,Freedom in Jail,Freedom in Jail,Embroidery &amp; Oil On Canvas,Embroidery &amp; Oil On Canvas,,,20 x 30 INCHES,,20.0,30.0,,600.0,8,0,True
3460,AR-793460,Untitled,untitled-49,https://artreserves.com/product/untitled-49/,PKR,35000.0,35000.0,35000.0,False,True,True,1,0,0,Freedom in Jail|Oil Paintings,Freedom in Jail,Embroidery &amp; Oil On Canvas,Embroidery &amp; Oil On Canvas,,,24 x 30 INCHES,,24.0,30.0,,720.0,8,0,True
3498,AR-873498,Untitled,untitled-65,https://artreserves.com/product/untitled-65/,PKR,8000.0,8000.0,8000.0,False,True,True,1,0,0,Freedom in Jail|Oil Paintings,Freedom in Jail,Oil on Canvas,Oil on Canvas,,,14 x 18 INCHES,,14.0,18.0,,252.0,8,0,True
2523,AR-742523,Structure Series,structure-series-4,https://artreserves.com/product/structure-series-4/,PKR,57000.0,57000.0,57000.0,False,True,True,1,0,0,Photography,Photography,Archival Print on Archival Paper. Edition 3/5,Archival Print on Archival Paper. Edition 3/5,,,30 x 49 INCHES,"Jamal Ashiqian[ Jamash] Objective To be able to positively contribute to the society and to leave footprints behind for others to follow. Shades & Hues Social Human Rights Activist Voicing against the patriarchic society since early teens, have been actively blogging on social issues taking part in many awareness campaigns / feminist campaigns / educational campaigns with a number of NGOs Trained as a trainer for Digital Story Telling by APC women (www.apcwomen.org/). Produced a number of digital stories and videos for advocacy and activism and a number of campaigns Photography workshop with children from underprivileged section of the society to teach them to express positively. Participated actively in the local (Pakistan) Take Back The Tech campaign. Founding member of NGO, BoloBhi.org Pads Against Sexism campaign for Pakistan Running an international support group for rape survivors since 2009 on Facebook to provide support and link rape survivors to local social services in their respective region. Trained people (Crafters) online in Malaysia &Thailand to take better photographs of their home crafted items to make them look more presentable and sell more effectively online. 1999–2019 Jamash On Random Occasions, Graphics / Web designer Secured third position in the Azadi Competition held by SPIDER (DAWN) in 1999.. Designed websites, and demonstrations for Info train, designed Logos, Brochures, Visiting Cards Demonstrations, Websites and GUI for many software. Designed a logo for a local NGO, PDP Designed product covers and posters and online advertisements campaigns Commercial Photographic insanity Since before 2002 Jamash: http://www.flickr.com/photos/jamash Involved in Photography since early childhood. buying my first digital camera in 2002 and ever since have done mainstream photography for leading local galleries, artists, magazines and NGOs. Worked for GT, women’s Own, and other magazines covered ramp, fashion and social gatherings. Officially covering art exhibitions and social events since year 2007. Art documentation of works by leading artists including Meher Afroze, Abdul jabbar gull, Noorjehan Bilgrami, Amin Gulgee, Adeela sulaman, Naiza khan, Imran Qureshi, Adeel uz zafar, Madiha Sikander, Ahsan Jamal, Asim butt, Usman Gauri and many other leading artists Since Early 2005 Personal Blog: http://Jamash.wordpress.com Scribbling, playing with words Monthly feature Titled Digi- Art for the Spider ( DAWN) magazine, also introduced regular features “ Artist of the Month” and “ Digital Photography Tips” Technology and digital art related articles for Spider ( DAWN) . Blogging since 2005 on social issues, fine arts, city happenings and events, technology and technology events, have also been the city captain, for Karachi Metro Blogs Former Correspondent France24 Online Contributor Art Now Magazine Contributor Humsafar PIA Inflight Magazine Artistic Madness Exhibitions 2009, participating artist in Machar colony Art show at IVSAA Gallery, Karachi. 2010, Participating artist in Art Loot Maar at The Second Floor, Farar Gallery, Karachi 2012, Participating performance artist, in “Love Marriage”, an Amin Gulgee’s performance, part of Band Baja Barat, Curated by Canvas Gallery held at IVSAA Gallery, Karachi 2012, participating artist at KOEL Gallery for the show titled “MAIN” 2012, participating artist at Art Chowk for the show Titled “Portraiture” 2012, participating artist at KSA Gallery, for the show titled “Sketchbooks” 2013, Participating Artist Alchemy Gallery, Lahore. for the digital art show “ Pixels” 2014 , Participating Artist at Alliance Francaise, Karachi , group show “Raison d’etre”. 2015 Art Performance (public) Titled: Objectified, at IVSAA, Fika, Koel, T2F. 2015. Participating Artist, Aghaz- e- Safar, An event by Pursukoon Karachi, Auction for a cause . 2015 Participating artist, ( Performance, interactive and digital work ) “Basiliq”, Held at Sadeqain Gallery, Frere Hall. 2015 Participating artist, “ Birwa ”, Held at Sadeqain Gallery, Frere Hall. 2016 Participating artist “Impact” , at Mövenpick Hotel Gallery, Karachi 2016 Participating artist “Mera Virsa Mera Khazana “ at Sadeqain Gallery, Frere Hall, Karachi. 2017 Participating artist “Inquiry” at Studio 7 Gallery, Karachi . 2017 Solo Exhibition “ Exploring Structures” Studio 7 Gallery, Karachi. 2017 Site Specific installation “The Lost Stories Of The Past” – Karachi Art Summit – at Arts Council, Karachi. 2018, Participating Artist – Group Show – Baad e Saba II , Clifton Art Gallery, Karachi 2018, Participating Artist – Group Show – Pehchaan, Studio 7 Art Gallery, Karachi. 2018, Participating Artist – Group Show – No Filter, Alliance Francaise Gallerey, Karachi. 2019, Exhibition of personal collection – Aks –e-Jamal at Art Chawk Gallery, Karachi Curatorial projects 2016 Curator, “ When I think about my self … “ Group show – Spaces Gallery, Karachi 2017 Curator “ Social Dialogue “ Solo – Mohsin Panjwani – Studio 7 Gallery, Karachi 2017 Curator “ silent noise “ Group show – Studio 7 Gallery, Karachi 2018 Co-curator “Its All About Satire” Five person Show – Studio 7 Gallery, Karachi. 2019 Co-Curator “An Apology To Shaikh Ayaz” Group show, Chawkandi Art Gallery, Karachi 2020 Curator: “Deafening Silence” Group show at Meubels Art Gallery, Karachi. 2020 Curator Karachi Art and Craft Gala 2021, Studio 7 Gallery Karachi 2021 Co_Curator “ Zindagi hai Karachi” Group show at Arts Council, Karachi. 2021 Curator Karachi Art and Craft Gala 2021(spring), Studio 7 Gallery Karachi Awards 1999, International Azadi competition, 3rd price in web designing. By spider and Xiber com. 2010 Best Live PhotoBlogger , “First National Bloggers Awards” 2017 Special Prize Photography “ First Niggah National Art Awards “. Media Newspaper Mentions Interview ( TV guest appearance AAG TV as a photoblogger) Interview ( TV guest appearance Dawn Tv Breakfast With DAWN) Interview ( TV guest appearance Sindh Tv Morning show ) 2015 GLAM Magazine, Article by Manizhe Ali “ Using art for social activism”. 2015, NIGAAH Art Magazine Article by Marjorie Husain “ Leaving Foot Prints Behind For Others To Follow” 2017 Coverage in Biztoday for the show curated at Studio 7 NIGGAH ART TV coverage by Aks-e-Jamal : 2019 Preopening announcement in Biz today for the show “An Apology To Shaikh Ayaz curated at Chawkandi Art Gallery, Karachi . 2019 Coverage in Youlin Magazine for the show “An Apology To Shaikh Ayaz curated at Chawkandi Art Gallery, Karachi. 2019 Coverage in The News for the show “An Apology To Shaikh Ayaz curated at Chawkandi Art Gallery, Karachi. 2019 Coverage in DAWN by Pirzada Salman for the show “An Apology To Shaikh Ayaz” curated at Chawkandi Art Gallery, Karachi. 2019 Coverage in DAWN by Amra Ali for the show “An Apology To Shaikh Ayaz” curated at Chawkandi Art Gallery, Karachi. 2019 Coverage in Art Now for the show “An Apology To Shaikh Ayaz” curated at Chawkandi Art Gallery, Karachi. 2019 Video Coverage by NIGGAH TV for the show “An Apology To Shaikh Ayaz” curated at Chawkandi Art Gallery, Karachi. 2019 article by Eman Saleem covering the show “An Apology To Shaikh Ayaz” in The Mag Weekly magazine August 31 – Sept 6 Year 2019, Edition Formal Education 2001–2005 University of Karachi, Pakistan. Graduated in English, Education and Sociology in 2005. 2000–2005 Others Karachi, Pakistan. Brain Bench Flash 4 certification in year 2000 Six month proficiency certification in E-commerce from Info train in 2001. Achievement certificate for summer art classes from Karachi School Of Art, year 2005 Other bad Habits Cooking, Reading, Collecting antiques, artworks, stamps, coins and books.",30.0,49.0,,1470.0,16,7656,True
7739,,Jabbar Gul-Oil on Canvas-14&#215;18 inches,jabbar-gul-oil-on-canvas-14x18-inches,https://artreserves.com/product/jabbar-gul-oil-on-canvas-14x18-inches/,PKR,100000.0,100000.0,100000.0,False,True,True,,0,0,,,,,,,This painting is framed,,,,,,42,0,True
3020,AR-133020,Sunset,sunset,https://artreserves.com/product/sunset/,PKR,15000.0,20000.0,15000.0,True,True,True,1,0,0,Oil Paintings|Paintings,Oil Paintings,Oil on Canvas,Oil on Canvas,,,18 X 24 INCHES,Every sunset is to rise again.,18.0,24.0,,432.0,6,30,True
4091,AR-884091,Jhoola (Freedom In Jail),884091,https://artreserves.com/product/884091/,PKR,15000.0,15000.0,15000.0,False,True,True,1,0,0,Crafts,Crafts,Moti Work,Moti Work,,,,,,,,,24,0,True
3810,AR-233810,Drop the gear and disappear,drop-the-gear-and-disappear,https://artreserves.com/product/drop-the-gear-and-disappear/,PKR,7000.0,7000.0,7000.0,False,True,True,,0,0,Drawings,Drawings,Ink and Charcoal on Paper,Ink and Charcoal on Paper,,,10.5 X 7 INCHES,,10.5,7.0,,73.5,27,0,True
2066,AR-492066,Untitled,untitled-27,https://artreserves.com/product/untitled-27/,PKR,4000.0,4000.0,4000.0,False,True,True,1,0,0,Crafts,Crafts,A bony wood African art statue,A bony wood African art statue,,,10 INCHES,,,,,,8,0,True
7053,AR-917053,Calligraphy,calligraphy-10,https://artreserves.com/product/calligraphy-10/,PKR,8000.0,8000.0,8000.0,False,True,True,1,0,0,Freedom in Jail,Freedom in Jail,Oil on Canvas,Oil on Canvas,,,18 x 24 INCHES,,18.0,24.0,,432.0,11,0,True
7574,AR-423895-1-1-1-1,Maries Acrylic Yellowish Green Color 75ML,maries-acrylic-crimson-color-75ml,https://artreserves.com/product/maries-acrylic-crimson-color-75ml/,PKR,310.0,350.0,310.0,True,True,True,,0,0,Acrylic Paints|Art Supplies,Acrylic Paints,acrylic paint|maries|maries acrylic color|paints,acrylic paint,,,No.562,,,,,,41,0,False
3628,AR-733628,Landscape,landscape,https://artreserves.com/product/landscape/,PKR,15000.0,15000.0,15000.0,False,True,True,1,0,0,Freedom in Jail|Oil Paintings,Freedom in Jail,Oil on Canvas,Oil on Canvas,,,24 x 36 INCHES,,24.0,36.0,,864.0,9,0,True
909,AR-43909,Untitled,untitled,https://artreserves.com/product/untitled/,PKR,40000.0,40000.0,40000.0,False,True,True,1,0,0,Oil Paintings,Oil Paintings,Oil on Wood,Oil on Wood,,,5.5 x 7.5 INCHES,"Farrukh Shahab Date of Birth 1969 Karachi Qualification 1988 Graduated Govt. Commerce College Karachi Works and Live in Karachi Career . Exhibitions Solo Exhibitions: 2011 The Drawing Room Art Gallery Lahore. 2010 Tanzara Art Gallery Islamabad. 2009 Artscene Gallery Karachi. 2008 Croweaters Gallery Lahore. 2007 Zenani Art Gallery Karachi. 2006 Indus Art Gallery Karachi. 2005 Unicorn Art Gallery Karachi. Selected Group Shows (Pakistan) 2012 Koel Gallery Karachi. 2012 Royaat Art Gallery Lahore. 2012 Art Chowk Karachi. 2011 Commune Artist Colony Karachi. 2010 Four person Shows Ocean Gallery Lahore. 2010 Three person show Chowkundi Art Gallery, Karachi. 2009 Chowkundi Art Gallery Karachi. 2008 Four Person Show Collector’s Galleria Lahore. 2008 15 Senior Artist Exhibition Clifton Art Gallery Karachi. 2007 National Art Gallery Islamabad. 2006 Three Person Show Alliance Franciose Karachi. 2005 Kara Film Festival Karachi. 2005 Indus Gallery Karachi. 2005 Ejaz Art Gallery Lahore. 2004 Ejaz Art Gallery Lahore. 2003 Forum For Peace and Democracy Beach Luxury Karachi. 1999 Ahmed Pervaiz Gallery Arts Council Karachi 1995 Quaid-e- Azam Portriat Exhibition. 1994 Quaid-e-Azam Academy Karachi. 1994 Four Person Show Arts Council of Pakistan Karachi. 1994 Sixth National Exhibition PNCA Islamabad. 1992 Four Person Show Ahmed Pervaiz Gallery Karachi. Selected Group (International) 2012 Asia House London UK. 2012 La Galleria Pall Mall UK. 2012 Raddison’s Dhaka. 2011 Alliance Franciose, Singapore. Trination Exhibitions: Blue Water Garden Hotel, Dhaka. Painter’s from SAARC Nation, Dhaka. Alliance Franciose, New Delhi Gallery Pritidev London, UK. Hong Kong Fine Art Gallery, Hong Kong. STC Maurya Sheraton Towers, Delhi.",5.5,7.5,,41.25,8,1723,True
2983,AR-742983,Caught,caught,https://artreserves.com/product/caught/,PKR,15000.0,20000.0,15000.0,True,True,True,1,0,0,Paintings,Paintings,Mix Medium on Paper,Mix Medium on Paper,,,14 X 20 INCHES,It seems as Karachi is also getting caught by outsiders through conspiracies and precautions must be taken.,14.0,20.0,,280.0,6,107,True
